-- phpMyAdmin SQL Dump
-- version 5.2.1
-- https://www.phpmyadmin.net/
--
-- Host: 127.0.0.1
-- Generation Time: Feb 11, 2026 at 09:30 AM
-- Server version: 10.4.32-MariaDB
-- PHP Version: 8.2.12

SET SQL_MODE = "NO_AUTO_VALUE_ON_ZERO";
START TRANSACTION;
SET time_zone = "+00:00";


/*!40101 SET @OLD_CHARACTER_SET_CLIENT=@@CHARACTER_SET_CLIENT */;
/*!40101 SET @OLD_CHARACTER_SET_RESULTS=@@CHARACTER_SET_RESULTS */;
/*!40101 SET @OLD_COLLATION_CONNECTION=@@COLLATION_CONNECTION */;
/*!40101 SET NAMES utf8mb4 */;

--
-- Database: `produksi`
--

-- --------------------------------------------------------

--
-- Table structure for table `bahans`
--

CREATE TABLE `bahans` (
  `id` bigint(20) UNSIGNED NOT NULL,
  `kode` varchar(255) DEFAULT NULL,
  `nama` varchar(255) NOT NULL,
  `default_satuan` varchar(20) DEFAULT NULL,
  `kategori` varchar(50) DEFAULT NULL,
  `stok` decimal(15,3) DEFAULT NULL,
  `created_at` timestamp NULL DEFAULT NULL,
  `updated_at` timestamp NULL DEFAULT NULL,
  `deleted_at` timestamp NULL DEFAULT NULL
) ENGINE=InnoDB DEFAULT CHARSET=utf8mb4 COLLATE=utf8mb4_unicode_ci;

--
-- Dumping data for table `bahans`
--

INSERT INTO `bahans` (`id`, `kode`, `nama`, `default_satuan`, `kategori`, `stok`, `created_at`, `updated_at`, `deleted_at`) VALUES
(1, 'BAH-001', 'Aquadest', 'L', 'Bahan Penolong', 0.000, '2026-01-15 02:25:38', '2026-01-15 02:25:38', NULL),
(2, 'BAH-002', 'Vitamin C', 'kg', 'Bahan Aktif', 0.000, '2026-01-15 02:25:38', '2026-01-15 02:25:38', NULL),
(3, 'BAH-003', 'Lactose', 'kg', 'Bahan Penolong', 0.000, '2026-01-15 02:25:38', '2026-01-15 02:25:38', NULL),
(4, 'BAH-004', 'Paracetamol', 'kg', 'Bahan Aktif', 0.000, '2026-01-15 02:25:38', '2026-01-15 02:25:38', NULL),
(5, 'BAH-005', 'Citric Acid', 'kg', 'Bahan Penolong', 0.000, '2026-01-15 02:25:38', '2026-01-15 02:25:38', NULL);

-- --------------------------------------------------------

--
-- Table structure for table `failed_jobs`
--

CREATE TABLE `failed_jobs` (
  `id` bigint(20) UNSIGNED NOT NULL,
  `uuid` varchar(255) NOT NULL,
  `connection` text NOT NULL,
  `queue` text NOT NULL,
  `payload` longtext NOT NULL,
  `exception` longtext NOT NULL,
  `failed_at` timestamp NOT NULL DEFAULT current_timestamp()
) ENGINE=InnoDB DEFAULT CHARSET=utf8mb4 COLLATE=utf8mb4_unicode_ci;

-- --------------------------------------------------------

--
-- Table structure for table `goj_docs`
--

CREATE TABLE `goj_docs` (
  `id` bigint(20) UNSIGNED NOT NULL,
  `doc_no` varchar(50) NOT NULL,
  `doc_date` date DEFAULT NULL,
  `status` enum('PENDING','APPROVED','REJECTED') NOT NULL DEFAULT 'PENDING',
  `created_by` bigint(20) UNSIGNED DEFAULT NULL,
  `created_at` timestamp NULL DEFAULT NULL,
  `updated_at` timestamp NULL DEFAULT NULL,
  `approved_by` bigint(20) UNSIGNED DEFAULT NULL,
  `approved_at` timestamp NULL DEFAULT NULL,
  `rejected_by` bigint(20) UNSIGNED DEFAULT NULL,
  `rejected_at` timestamp NULL DEFAULT NULL,
  `reject_reason` varchar(255) DEFAULT NULL
) ENGINE=InnoDB DEFAULT CHARSET=utf8mb4 COLLATE=utf8mb4_unicode_ci;

--
-- Dumping data for table `goj_docs`
--

INSERT INTO `goj_docs` (`id`, `doc_no`, `doc_date`, `status`, `created_by`, `created_at`, `updated_at`, `approved_by`, `approved_at`, `rejected_by`, `rejected_at`, `reject_reason`) VALUES
(3, 'GOJ-20260128-5158', '2026-01-28', 'APPROVED', 1, '2026-01-28 09:29:51', '2026-01-29 03:12:20', 1, '2026-01-29 03:12:20', NULL, NULL, NULL),
(4, 'GOJ-20260128-1196', '2026-01-28', 'REJECTED', 1, '2026-01-28 09:30:06', '2026-01-29 02:48:58', NULL, NULL, 1, '2026-01-29 02:48:58', 'kacau'),
(5, 'GOJ-20260129-6469', '2026-01-29', 'REJECTED', 1, '2026-01-29 02:27:17', '2026-01-29 02:43:29', NULL, NULL, 1, '2026-01-29 02:43:29', 'kacau'),
(6, 'GOJ-20260129-7494', '2026-01-29', 'REJECTED', 1, '2026-01-29 02:27:36', '2026-01-29 02:27:57', NULL, NULL, 1, '2026-01-29 02:27:57', 'masih kurang'),
(7, 'GOJ-20260129-8786', '2026-01-29', 'PENDING', 1, '2026-01-29 03:13:10', '2026-01-29 03:13:10', NULL, NULL, NULL, NULL, NULL),
(8, 'GOJ-20260129-3347', '2026-01-29', 'PENDING', 1, '2026-01-29 03:13:33', '2026-01-29 03:13:33', NULL, NULL, NULL, NULL, NULL),
(9, 'GOJ-20260129-7174', '2026-01-29', 'PENDING', 1, '2026-01-29 03:16:17', '2026-01-29 03:16:17', NULL, NULL, NULL, NULL, NULL),
(10, 'GOJ-20260129-4156', '2026-01-29', 'PENDING', 1, '2026-01-29 04:09:07', '2026-01-29 04:09:07', NULL, NULL, NULL, NULL, NULL),
(11, 'GOJ-20260129-7925', '2026-01-29', 'PENDING', 1, '2026-01-29 04:14:37', '2026-01-29 04:14:37', NULL, NULL, NULL, NULL, NULL),
(12, 'GOJ-20260129-1025', '2026-01-29', 'PENDING', 1, '2026-01-29 04:15:32', '2026-01-29 04:15:32', NULL, NULL, NULL, NULL, NULL),
(13, 'GOJ-20260129-5798', '2026-01-29', 'PENDING', 1, '2026-01-29 04:15:47', '2026-01-29 04:15:47', NULL, NULL, NULL, NULL, NULL),
(14, 'GOJ-20260129-1843', '2026-01-29', 'PENDING', 1, '2026-01-29 04:20:49', '2026-01-29 04:20:49', NULL, NULL, NULL, NULL, NULL),
(15, 'GOJ-20260129-5518', '2026-01-29', 'PENDING', 1, '2026-01-29 04:28:43', '2026-01-29 04:28:43', NULL, NULL, NULL, NULL, NULL),
(16, 'GOJ-20260129-7696', '2026-01-29', 'PENDING', 1, '2026-01-29 04:36:47', '2026-01-29 04:36:47', NULL, NULL, NULL, NULL, NULL),
(17, 'GOJ-20260129-5425', '2026-01-29', 'PENDING', 1, '2026-01-29 04:41:32', '2026-01-29 04:41:32', NULL, NULL, NULL, NULL, NULL),
(18, 'GOJ-20260129-5464', '2026-01-29', 'PENDING', 1, '2026-01-29 04:46:41', '2026-01-29 04:46:41', NULL, NULL, NULL, NULL, NULL),
(19, 'GOJ-20260129-6418', '2026-01-29', 'PENDING', 1, '2026-01-29 04:50:13', '2026-01-29 04:50:13', NULL, NULL, NULL, NULL, NULL),
(20, 'GOJ-20260129-8455', '2026-01-29', 'PENDING', 1, '2026-01-29 04:56:12', '2026-01-29 04:56:12', NULL, NULL, NULL, NULL, NULL),
(21, 'GOJ-20260129-8104', '2026-01-29', 'PENDING', 1, '2026-01-29 05:05:54', '2026-01-29 05:05:54', NULL, NULL, NULL, NULL, NULL),
(22, 'GOJ-20260129-5934', '2026-01-29', 'PENDING', 1, '2026-01-29 06:26:16', '2026-01-29 06:26:16', NULL, NULL, NULL, NULL, NULL),
(23, 'GOJ-20260129-2387', '2026-01-29', 'PENDING', 1, '2026-01-29 06:33:00', '2026-01-29 06:33:00', NULL, NULL, NULL, NULL, NULL),
(24, 'GOJ-20260129-7400', '2026-01-29', 'PENDING', 1, '2026-01-29 06:42:55', '2026-01-29 06:42:55', NULL, NULL, NULL, NULL, NULL),
(25, 'GOJ-20260129-3439', '2026-01-29', 'PENDING', 1, '2026-01-29 06:47:48', '2026-01-29 06:47:48', NULL, NULL, NULL, NULL, NULL),
(26, 'GOJ-20260129-6552', '2026-01-29', 'REJECTED', 1, '2026-01-29 06:58:02', '2026-01-29 08:56:10', NULL, NULL, 1, '2026-01-29 08:56:10', 'terlalu kacau'),
(27, 'GOJ-20260129-8168', '2026-01-29', 'PENDING', 1, '2026-01-29 07:03:09', '2026-01-29 07:03:09', NULL, NULL, NULL, NULL, NULL),
(28, 'GOJ-20260129-7634', '2026-01-29', 'PENDING', 1, '2026-01-29 07:13:15', '2026-01-29 07:13:15', NULL, NULL, NULL, NULL, NULL),
(29, 'GOJ-20260129-9062', '2026-01-29', 'PENDING', 1, '2026-01-29 07:17:43', '2026-01-29 07:17:43', NULL, NULL, NULL, NULL, NULL),
(30, 'GOJ-20260129-9347', '2026-01-29', 'PENDING', 1, '2026-01-29 07:55:20', '2026-01-29 07:55:20', NULL, NULL, NULL, NULL, NULL),
(31, 'GOJ-20260129-7227', '2026-01-29', 'APPROVED', 1, '2026-01-29 07:58:47', '2026-01-29 08:47:07', 1, '2026-01-29 08:47:07', NULL, NULL, NULL),
(32, 'GOJ-20260129-6857', '2026-01-29', 'REJECTED', 1, '2026-01-29 08:51:30', '2026-01-29 09:08:11', NULL, NULL, 1, '2026-01-29 09:08:11', 'parah'),
(33, 'GOJ-20260129-2482', '2026-01-29', 'APPROVED', 1, '2026-01-29 08:51:40', '2026-01-29 09:07:53', 1, '2026-01-29 09:07:53', NULL, NULL, NULL),
(34, 'GOJ-20260129-0850', '2026-01-29', 'PENDING', 1, '2026-01-29 08:55:40', '2026-01-29 08:55:40', NULL, NULL, NULL, NULL, NULL),
(35, 'GOJ-20260129-6608', '2026-01-29', 'PENDING', 1, '2026-01-29 09:21:35', '2026-01-29 09:21:35', NULL, NULL, NULL, NULL, NULL),
(36, 'GOJ-20260129-8491', '2026-01-29', 'PENDING', 1, '2026-01-29 09:28:57', '2026-01-29 09:28:57', NULL, NULL, NULL, NULL, NULL),
(37, 'GOJ-20260131-3810', '2026-01-31', 'APPROVED', 1, '2026-01-31 03:10:28', '2026-01-31 03:11:22', 1, '2026-01-31 03:11:22', NULL, NULL, NULL),
(38, 'GOJ-20260131-1663', '2026-01-31', 'REJECTED', 1, '2026-01-31 03:11:05', '2026-01-31 03:11:51', NULL, NULL, 1, '2026-01-31 03:11:51', 'kurang isi'),
(39, 'GOJ-20260202-6082', '2026-02-02', 'PENDING', 1, '2026-02-02 07:09:09', '2026-02-02 07:09:09', NULL, NULL, NULL, NULL, NULL),
(40, 'GOJ-20260202-9169', '2026-02-02', 'PENDING', 1, '2026-02-02 07:14:53', '2026-02-02 07:14:53', NULL, NULL, NULL, NULL, NULL),
(41, 'GOJ-20260202-2818', '2026-02-02', 'PENDING', 3, '2026-02-02 07:19:09', '2026-02-02 07:19:09', NULL, NULL, NULL, NULL, NULL),
(42, 'GOJ-20260202-0512', '2026-02-02', 'PENDING', 3, '2026-02-02 07:21:08', '2026-02-02 07:21:08', NULL, NULL, NULL, NULL, NULL),
(43, 'GOJ-20260203-2041', '2026-02-03', 'PENDING', 1, '2026-02-03 01:59:10', '2026-02-03 01:59:10', NULL, NULL, NULL, NULL, NULL),
(44, 'GOJ-20260203-7180', '2026-02-03', 'PENDING', 1, '2026-02-03 02:07:56', '2026-02-03 02:07:56', NULL, NULL, NULL, NULL, NULL),
(45, 'GOJ-20260203-2132', '2026-02-03', 'APPROVED', 4, '2026-02-03 06:32:05', '2026-02-03 08:25:43', 3, '2026-02-03 08:25:43', NULL, NULL, NULL),
(46, 'GOJ-20260204-4034', '2026-02-04', 'PENDING', 1, '2026-02-04 04:33:48', '2026-02-04 04:33:48', NULL, NULL, NULL, NULL, NULL),
(47, 'GOJ-20260204-6590', '2026-02-04', 'APPROVED', 1, '2026-02-04 06:14:12', '2026-02-04 06:21:05', 1, '2026-02-04 06:21:05', NULL, NULL, NULL),
(48, 'GOJ-20260205-9507', '2026-02-05', 'APPROVED', 1, '2026-02-05 03:29:21', '2026-02-05 03:29:47', 1, '2026-02-05 03:29:47', NULL, NULL, NULL),
(49, 'GOJ-20260205-6176', '2026-02-05', 'APPROVED', 1, '2026-02-05 04:09:47', '2026-02-05 04:10:03', 1, '2026-02-05 04:10:03', NULL, NULL, NULL),
(50, 'GOJ-20260205-9069', '2026-02-05', 'PENDING', 1, '2026-02-05 04:17:35', '2026-02-05 04:17:35', NULL, NULL, NULL, NULL, NULL),
(51, 'GOJ-20260210-5418', '2026-02-10', 'APPROVED', 3, '2026-02-10 06:06:18', '2026-02-10 06:07:16', 5, '2026-02-10 06:07:16', NULL, NULL, NULL),
(52, 'GOJ-20260210-8629', '2026-02-10', 'APPROVED', 9, '2026-02-10 07:09:15', '2026-02-10 07:10:01', 1, '2026-02-10 07:10:01', NULL, NULL, NULL),
(53, 'GOJ-20260210-4203', '2026-02-10', 'REJECTED', 1, '2026-02-10 07:56:18', '2026-02-10 07:57:31', NULL, NULL, 1, '2026-02-10 07:57:31', 'sss'),
(54, 'GOJ-20260211-8305', '2026-02-11', 'APPROVED', 9, '2026-02-11 01:26:10', '2026-02-11 01:39:46', 1, '2026-02-11 01:39:46', NULL, NULL, NULL),
(55, 'GOJ-20260211-6009', '2026-02-11', 'APPROVED', 9, '2026-02-11 07:36:29', '2026-02-11 07:37:44', 5, '2026-02-11 07:37:44', NULL, NULL, NULL);

-- --------------------------------------------------------

--
-- Table structure for table `goj_doc_items`
--

CREATE TABLE `goj_doc_items` (
  `id` bigint(20) UNSIGNED NOT NULL,
  `goj_doc_id` bigint(20) UNSIGNED NOT NULL,
  `produksi_batch_id` bigint(20) UNSIGNED NOT NULL,
  `nama_produk` varchar(255) DEFAULT NULL,
  `batch_no` varchar(255) DEFAULT NULL,
  `kode_batch` varchar(255) DEFAULT NULL,
  `tgl_release` date DEFAULT NULL,
  `tgl_expired` date DEFAULT NULL,
  `kemasan` varchar(255) DEFAULT NULL,
  `isi` varchar(255) DEFAULT NULL,
  `jumlah` int(11) DEFAULT NULL,
  `status_gudang` varchar(30) DEFAULT NULL,
  `created_at` timestamp NULL DEFAULT NULL,
  `updated_at` timestamp NULL DEFAULT NULL
) ENGINE=InnoDB DEFAULT CHARSET=utf8mb4 COLLATE=utf8mb4_unicode_ci;

--
-- Dumping data for table `goj_doc_items`
--

INSERT INTO `goj_doc_items` (`id`, `goj_doc_id`, `produksi_batch_id`, `nama_produk`, `batch_no`, `kode_batch`, `tgl_release`, `tgl_expired`, `kemasan`, `isi`, `jumlah`, `status_gudang`, `created_at`, `updated_at`) VALUES
(3, 3, 1462, 'Samquinor', '113.05 FA- 26/P/I/30', '113.05 FA', '2026-01-28', '2030-01-28', '-', '100', 400, 'APPROVED', '2026-01-28 09:29:51', '2026-01-28 09:29:51'),
(4, 3, 1442, 'Samrox -20', '100.02 FA- 26/CP/I/2', '100.02 FA', '2026-01-28', '2030-01-28', 'Top', '100', 90, 'APPROVED', '2026-01-28 09:29:51', '2026-01-28 09:29:51'),
(5, 3, 1447, 'Samrox -20', '100.07 FA- 26/CP/I/12', '100.07 FA', '2026-01-22', '2026-01-29', '10', '100', 12, 'APPROVED', '2026-01-28 09:29:51', '2026-01-28 09:29:51'),
(6, 4, 1462, 'Samquinor', '113.05 FA- 26/P/I/30', '113.05 FA', '2026-01-28', '2030-01-28', '-', '100', 400, 'APPROVED', '2026-01-28 09:30:06', '2026-01-28 09:30:06'),
(7, 4, 1442, 'Samrox -20', '100.02 FA- 26/CP/I/2', '100.02 FA', '2026-01-28', '2030-01-28', 'Top', '100', 90, 'APPROVED', '2026-01-28 09:30:06', '2026-01-28 09:30:06'),
(8, 4, 1447, 'Samrox -20', '100.07 FA- 26/CP/I/12', '100.07 FA', '2026-01-22', '2026-01-29', '10', '100', 12, 'APPROVED', '2026-01-28 09:30:06', '2026-01-28 09:30:06'),
(9, 5, 1462, 'Samquinor', '113.05 FA- 26/P/I/30', '113.05 FA', '2026-01-28', '2030-01-28', '-', '100', 400, 'APPROVED', '2026-01-29 02:27:17', '2026-01-29 02:27:17'),
(10, 5, 1442, 'Samrox -20', '100.02 FA- 26/CP/I/2', '100.02 FA', '2026-01-28', '2030-01-28', 'Top', '100', 90, 'APPROVED', '2026-01-29 02:27:17', '2026-01-29 02:27:17'),
(11, 5, 1447, 'Samrox -20', '100.07 FA- 26/CP/I/12', '100.07 FA', '2026-01-22', '2026-01-29', '10', '100', 12, 'APPROVED', '2026-01-29 02:27:17', '2026-01-29 02:27:17'),
(12, 6, 1462, 'Samquinor', '113.05 FA- 26/P/I/30', '113.05 FA', '2026-01-28', '2030-01-28', '-', '100', 400, 'APPROVED', '2026-01-29 02:27:36', '2026-01-29 02:27:36'),
(13, 6, 1442, 'Samrox -20', '100.02 FA- 26/CP/I/2', '100.02 FA', '2026-01-28', '2030-01-28', 'Top', '100', 90, 'APPROVED', '2026-01-29 02:27:36', '2026-01-29 02:27:36'),
(14, 6, 1447, 'Samrox -20', '100.07 FA- 26/CP/I/12', '100.07 FA', '2026-01-22', '2026-01-29', '10', '100', 12, 'APPROVED', '2026-01-29 02:27:36', '2026-01-29 02:27:36'),
(15, 7, 1443, 'Samrox -20', '100.03 FA- 26/CP/I/3', '100.03 FA', '2026-01-28', '2030-01-28', 'Top', '90', 90, 'APPROVED', '2026-01-29 03:13:10', '2026-01-29 03:13:10'),
(16, 8, 1443, 'Samrox -20', '100.03 FA- 26/CP/I/3', '100.03 FA', '2026-01-28', '2030-01-28', 'Top', '90', 90, 'APPROVED', '2026-01-29 03:13:33', '2026-01-29 03:13:33'),
(17, 9, 1443, 'Samrox -20', '100.03 FA- 26/CP/I/3', '100.03 FA', '2026-01-28', '2030-01-28', 'Top', '90', 90, 'APPROVED', '2026-01-29 03:16:17', '2026-01-29 03:16:17'),
(18, 10, 1519, 'CLO 50', '49.01 FA- 26/CP/I/1', '49.01 FA', '2026-01-28', '2030-01-28', 'Btl', '90 box', 90, 'APPROVED', '2026-01-29 04:09:07', '2026-01-29 04:09:07'),
(19, 10, 1462, 'Samquinor', '113.05 FA- 26/P/I/30', '113.05 FA', '2026-01-28', '2030-01-28', 'Dus', '100', 400, 'APPROVED', '2026-01-29 04:09:07', '2026-01-29 04:09:07'),
(20, 10, 1443, 'Samrox -20', '100.03 FA- 26/CP/I/3', '100.03 FA', '2026-01-28', '2030-01-28', 'Top', '90', 90, 'APPROVED', '2026-01-29 04:09:07', '2026-01-29 04:09:07'),
(21, 11, 1519, 'CLO 50', '49.01 FA- 26/CP/I/1', '49.01 FA', '2026-01-28', '2030-01-28', 'Btl', '90 box', 90, 'APPROVED', '2026-01-29 04:14:37', '2026-01-29 04:14:37'),
(22, 11, 1462, 'Samquinor', '113.05 FA- 26/P/I/30', '113.05 FA', '2026-01-28', '2030-01-28', 'Dus', '100', 400, 'APPROVED', '2026-01-29 04:14:37', '2026-01-29 04:14:37'),
(23, 11, 1443, 'Samrox -20', '100.03 FA- 26/CP/I/3', '100.03 FA', '2026-01-28', '2030-01-28', 'Top', '90', 90, 'APPROVED', '2026-01-29 04:14:37', '2026-01-29 04:14:37'),
(24, 12, 1519, 'CLO 50', '49.01 FA- 26/CP/I/1', '49.01 FA', '2026-01-28', '2030-01-28', 'Btl', '90 box', 90, 'APPROVED', '2026-01-29 04:15:32', '2026-01-29 04:15:32'),
(25, 12, 1462, 'Samquinor', '113.05 FA- 26/P/I/30', '113.05 FA', '2026-01-28', '2030-01-28', 'Dus', '100', 400, 'APPROVED', '2026-01-29 04:15:32', '2026-01-29 04:15:32'),
(26, 12, 1443, 'Samrox -20', '100.03 FA- 26/CP/I/3', '100.03 FA', '2026-01-28', '2030-01-28', 'Top', '90', 90, 'APPROVED', '2026-01-29 04:15:32', '2026-01-29 04:15:32'),
(27, 13, 1519, 'CLO 50', '49.01 FA- 26/CP/I/1', '49.01 FA', '2026-01-28', '2030-01-28', 'Btl', '90 box', 90, 'APPROVED', '2026-01-29 04:15:47', '2026-01-29 04:15:47'),
(28, 13, 1462, 'Samquinor', '113.05 FA- 26/P/I/30', '113.05 FA', '2026-01-28', '2030-01-28', 'Dus', '100', 400, 'APPROVED', '2026-01-29 04:15:47', '2026-01-29 04:15:47'),
(29, 13, 1443, 'Samrox -20', '100.03 FA- 26/CP/I/3', '100.03 FA', '2026-01-28', '2030-01-28', 'Top', '90', 90, 'APPROVED', '2026-01-29 04:15:47', '2026-01-29 04:15:47'),
(30, 14, 1519, 'CLO 50', '49.01 FA- 26/CP/I/1', '49.01 FA', '2026-01-28', '2030-01-28', 'Btl', '90 box', 90, 'APPROVED', '2026-01-29 04:20:49', '2026-01-29 04:20:49'),
(31, 14, 1462, 'Samquinor', '113.05 FA- 26/P/I/30', '113.05 FA', '2026-01-28', '2030-01-28', 'Dus', '100', 400, 'APPROVED', '2026-01-29 04:20:49', '2026-01-29 04:20:49'),
(32, 14, 1443, 'Samrox -20', '100.03 FA- 26/CP/I/3', '100.03 FA', '2026-01-28', '2030-01-28', 'Top', '90', 90, 'APPROVED', '2026-01-29 04:20:49', '2026-01-29 04:20:49'),
(33, 15, 1519, 'CLO 50', '49.01 FA- 26/CP/I/1', '49.01 FA', '2026-01-28', '2030-01-28', 'Btl', '90 box', 90, 'APPROVED', '2026-01-29 04:28:43', '2026-01-29 04:28:43'),
(34, 15, 1462, 'Samquinor', '113.05 FA- 26/P/I/30', '113.05 FA', '2026-01-28', '2030-01-28', 'Dus', '100', 400, 'APPROVED', '2026-01-29 04:28:43', '2026-01-29 04:28:43'),
(35, 15, 1443, 'Samrox -20', '100.03 FA- 26/CP/I/3', '100.03 FA', '2026-01-28', '2030-01-28', 'Top', '90', 90, 'APPROVED', '2026-01-29 04:28:43', '2026-01-29 04:28:43'),
(36, 16, 1519, 'CLO 50', '49.01 FA- 26/CP/I/1', '49.01 FA', '2026-01-28', '2030-01-28', 'Btl', '90 box', 90, 'APPROVED', '2026-01-29 04:36:47', '2026-01-29 04:36:47'),
(37, 16, 1462, 'Samquinor', '113.05 FA- 26/P/I/30', '113.05 FA', '2026-01-28', '2030-01-28', 'Dus', '100', 400, 'APPROVED', '2026-01-29 04:36:47', '2026-01-29 04:36:47'),
(38, 16, 1443, 'Samrox -20', '100.03 FA- 26/CP/I/3', '100.03 FA', '2026-01-28', '2030-01-28', 'Top', '90', 90, 'APPROVED', '2026-01-29 04:36:47', '2026-01-29 04:36:47'),
(39, 17, 1519, 'CLO 50', '49.01 FA- 26/CP/I/1', '49.01 FA', '2026-01-28', '2030-01-28', 'Btl', '90 box', 90, 'APPROVED', '2026-01-29 04:41:32', '2026-01-29 04:41:32'),
(40, 17, 1462, 'Samquinor', '113.05 FA- 26/P/I/30', '113.05 FA', '2026-01-28', '2030-01-28', 'Dus', '100', 400, 'APPROVED', '2026-01-29 04:41:32', '2026-01-29 04:41:32'),
(41, 17, 1443, 'Samrox -20', '100.03 FA- 26/CP/I/3', '100.03 FA', '2026-01-28', '2030-01-28', 'Top', '90', 90, 'APPROVED', '2026-01-29 04:41:32', '2026-01-29 04:41:32'),
(42, 18, 1519, 'CLO 50', '49.01 FA- 26/CP/I/1', '49.01 FA', '2026-01-28', '2030-01-28', 'Btl', '90 box', 90, 'APPROVED', '2026-01-29 04:46:41', '2026-01-29 04:46:41'),
(43, 18, 1462, 'Samquinor', '113.05 FA- 26/P/I/30', '113.05 FA', '2026-01-28', '2030-01-28', 'Dus', '100', 400, 'APPROVED', '2026-01-29 04:46:41', '2026-01-29 04:46:41'),
(44, 18, 1443, 'Samrox -20', '100.03 FA- 26/CP/I/3', '100.03 FA', '2026-01-28', '2030-01-28', 'Top', '90', 90, 'APPROVED', '2026-01-29 04:46:41', '2026-01-29 04:46:41'),
(45, 19, 1519, 'CLO 50', '49.01 FA- 26/CP/I/1', '49.01 FA', '2026-01-28', '2030-01-28', 'Btl', '90 box', 90, 'APPROVED', '2026-01-29 04:50:13', '2026-01-29 04:50:13'),
(46, 19, 1462, 'Samquinor', '113.05 FA- 26/P/I/30', '113.05 FA', '2026-01-28', '2030-01-28', 'Dus', '100', 400, 'APPROVED', '2026-01-29 04:50:13', '2026-01-29 04:50:13'),
(47, 19, 1443, 'Samrox -20', '100.03 FA- 26/CP/I/3', '100.03 FA', '2026-01-28', '2030-01-28', 'Top', '90', 90, 'APPROVED', '2026-01-29 04:50:13', '2026-01-29 04:50:13'),
(48, 20, 1519, 'CLO 50', '49.01 FA- 26/CP/I/1', '49.01 FA', '2026-01-28', '2030-01-28', 'Btl', '90 box', 90, 'APPROVED', '2026-01-29 04:56:12', '2026-01-29 04:56:12'),
(49, 20, 1462, 'Samquinor', '113.05 FA- 26/P/I/30', '113.05 FA', '2026-01-28', '2030-01-28', 'Dus', '100', 400, 'APPROVED', '2026-01-29 04:56:12', '2026-01-29 04:56:12'),
(50, 20, 1443, 'Samrox -20', '100.03 FA- 26/CP/I/3', '100.03 FA', '2026-01-28', '2030-01-28', 'Top', '90', 90, 'APPROVED', '2026-01-29 04:56:12', '2026-01-29 04:56:12'),
(51, 21, 1519, 'CLO 50', '49.01 FA- 26/CP/I/1', '49.01 FA', '2026-01-28', '2030-01-28', 'Btl', '90 box', 90, 'APPROVED', '2026-01-29 05:05:54', '2026-01-29 05:05:54'),
(52, 21, 1462, 'Samquinor', '113.05 FA- 26/P/I/30', '113.05 FA', '2026-01-28', '2030-01-28', 'Dus', '100', 400, 'APPROVED', '2026-01-29 05:05:54', '2026-01-29 05:05:54'),
(53, 21, 1443, 'Samrox -20', '100.03 FA- 26/CP/I/3', '100.03 FA', '2026-01-28', '2030-01-28', 'Top', '90', 90, 'APPROVED', '2026-01-29 05:05:55', '2026-01-29 05:05:55'),
(54, 22, 1519, 'CLO 50', '49.01 FA- 26/CP/I/1', '49.01 FA', '2026-01-28', '2030-01-28', 'Btl', '90 box', 90, 'APPROVED', '2026-01-29 06:26:16', '2026-01-29 06:26:16'),
(55, 22, 1462, 'Samquinor', '113.05 FA- 26/P/I/30', '113.05 FA', '2026-01-28', '2030-01-28', 'Dus', '100', 400, 'APPROVED', '2026-01-29 06:26:16', '2026-01-29 06:26:16'),
(56, 22, 1442, 'Samrox -20', '100.02 FA- 26/CP/I/2', '100.02 FA', '2026-01-28', '2030-01-28', 'Top', '100', 1, 'APPROVED', '2026-01-29 06:26:16', '2026-01-29 06:26:16'),
(57, 22, 1443, 'Samrox -20', '100.03 FA- 26/CP/I/3', '100.03 FA', '2026-01-28', '2030-01-28', 'Top', '90', 90, 'APPROVED', '2026-01-29 06:26:16', '2026-01-29 06:26:16'),
(58, 22, 1447, 'Samrox -20', '100.07 FA- 26/CP/I/12', '100.07 FA', '2026-01-22', '2026-01-29', 'Top', '100', 90, 'APPROVED', '2026-01-29 06:26:16', '2026-01-29 06:26:16'),
(59, 23, 1519, 'CLO 50', '49.01 FA- 26/CP/I/1', '49.01 FA', '2026-01-28', '2030-01-28', 'Btl', '90 box', 90, 'APPROVED', '2026-01-29 06:33:00', '2026-01-29 06:33:00'),
(60, 23, 1462, 'Samquinor', '113.05 FA- 26/P/I/30', '113.05 FA', '2026-01-28', '2030-01-28', 'Dus', '100', 400, 'APPROVED', '2026-01-29 06:33:00', '2026-01-29 06:33:00'),
(61, 23, 1442, 'Samrox -20', '100.02 FA- 26/CP/I/2', '100.02 FA', '2026-01-28', '2030-01-28', 'Top', '100', 1, 'APPROVED', '2026-01-29 06:33:00', '2026-01-29 06:33:00'),
(62, 23, 1443, 'Samrox -20', '100.03 FA- 26/CP/I/3', '100.03 FA', '2026-01-28', '2030-01-28', 'Top', '90', 90, 'APPROVED', '2026-01-29 06:33:00', '2026-01-29 06:33:00'),
(63, 23, 1447, 'Samrox -20', '100.07 FA- 26/CP/I/12', '100.07 FA', '2026-01-22', '2026-01-29', 'Top', '100', 90, 'APPROVED', '2026-01-29 06:33:00', '2026-01-29 06:33:00'),
(64, 24, 1519, 'CLO 50', '49.01 FA- 26/CP/I/1', '49.01 FA', '2026-01-28', '2030-01-28', 'Btl', '90 box', 90, 'APPROVED', '2026-01-29 06:42:55', '2026-01-29 06:42:55'),
(65, 24, 1462, 'Samquinor', '113.05 FA- 26/P/I/30', '113.05 FA', '2026-01-28', '2030-01-28', 'Dus', '100', 400, 'APPROVED', '2026-01-29 06:42:55', '2026-01-29 06:42:55'),
(66, 24, 1442, 'Samrox -20', '100.02 FA- 26/CP/I/2', '100.02 FA', '2026-01-28', '2030-01-28', 'Top', '100', 1, 'APPROVED', '2026-01-29 06:42:55', '2026-01-29 06:42:55'),
(67, 24, 1443, 'Samrox -20', '100.03 FA- 26/CP/I/3', '100.03 FA', '2026-01-28', '2030-01-28', 'Top', '90', 90, 'APPROVED', '2026-01-29 06:42:55', '2026-01-29 06:42:55'),
(68, 24, 1447, 'Samrox -20', '100.07 FA- 26/CP/I/12', '100.07 FA', '2026-01-22', '2026-01-29', 'Top', '100', 90, 'APPROVED', '2026-01-29 06:42:55', '2026-01-29 06:42:55'),
(69, 25, 1519, 'CLO 50', '49.01 FA- 26/CP/I/1', '49.01 FA', '2026-01-28', '2030-01-28', 'Btl', '90 box', 90, 'APPROVED', '2026-01-29 06:47:48', '2026-01-29 06:47:48'),
(70, 25, 1462, 'Samquinor', '113.05 FA- 26/P/I/30', '113.05 FA', '2026-01-28', '2030-01-28', 'Dus', '100', 400, 'APPROVED', '2026-01-29 06:47:48', '2026-01-29 06:47:48'),
(71, 25, 1442, 'Samrox -20', '100.02 FA- 26/CP/I/2', '100.02 FA', '2026-01-28', '2030-01-28', 'Top', '100', 1, 'APPROVED', '2026-01-29 06:47:48', '2026-01-29 06:47:48'),
(72, 25, 1443, 'Samrox -20', '100.03 FA- 26/CP/I/3', '100.03 FA', '2026-01-28', '2030-01-28', 'Top', '90', 90, 'APPROVED', '2026-01-29 06:47:48', '2026-01-29 06:47:48'),
(73, 25, 1447, 'Samrox -20', '100.07 FA- 26/CP/I/12', '100.07 FA', '2026-01-22', '2026-01-29', 'Top', '100', 90, 'APPROVED', '2026-01-29 06:47:48', '2026-01-29 06:47:48'),
(74, 26, 1519, 'CLO 50', '49.01 FA- 26/CP/I/1', '49.01 FA', '2026-01-28', '2030-01-28', 'Btl', '90 box', 90, 'APPROVED', '2026-01-29 06:58:02', '2026-01-29 06:58:02'),
(75, 26, 1462, 'Samquinor', '113.05 FA- 26/P/I/30', '113.05 FA', '2026-01-28', '2030-01-28', 'Dus', '100', 400, 'APPROVED', '2026-01-29 06:58:02', '2026-01-29 06:58:02'),
(76, 26, 1442, 'Samrox -20', '100.02 FA- 26/CP/I/2', '100.02 FA', '2026-01-28', '2030-01-28', 'Top', '100', 1, 'APPROVED', '2026-01-29 06:58:02', '2026-01-29 06:58:02'),
(77, 26, 1443, 'Samrox -20', '100.03 FA- 26/CP/I/3', '100.03 FA', '2026-01-28', '2030-01-28', 'Top', '90', 90, 'APPROVED', '2026-01-29 06:58:02', '2026-01-29 06:58:02'),
(78, 26, 1447, 'Samrox -20', '100.07 FA- 26/CP/I/12', '100.07 FA', '2026-01-22', '2026-01-29', 'Top', '100', 90, 'APPROVED', '2026-01-29 06:58:02', '2026-01-29 06:58:02'),
(79, 27, 1519, 'CLO 50', '49.01 FA- 26/CP/I/1', '49.01 FA', '2026-01-28', '2030-01-28', 'Btl', '90 box', 90, 'APPROVED', '2026-01-29 07:03:09', '2026-01-29 07:03:09'),
(80, 27, 1462, 'Samquinor', '113.05 FA- 26/P/I/30', '113.05 FA', '2026-01-28', '2030-01-28', 'Dus', '100', 400, 'APPROVED', '2026-01-29 07:03:09', '2026-01-29 07:03:09'),
(81, 27, 1442, 'Samrox -20', '100.02 FA- 26/CP/I/2', '100.02 FA', '2026-01-28', '2030-01-28', 'Top', '100', 1, 'APPROVED', '2026-01-29 07:03:09', '2026-01-29 07:03:09'),
(82, 27, 1443, 'Samrox -20', '100.03 FA- 26/CP/I/3', '100.03 FA', '2026-01-28', '2030-01-28', 'Top', '90', 90, 'APPROVED', '2026-01-29 07:03:09', '2026-01-29 07:03:09'),
(83, 27, 1447, 'Samrox -20', '100.07 FA- 26/CP/I/12', '100.07 FA', '2026-01-22', '2026-01-29', 'Top', '100', 90, 'APPROVED', '2026-01-29 07:03:09', '2026-01-29 07:03:09'),
(84, 28, 1519, 'CLO 50', '49.01 FA- 26/CP/I/1', '49.01 FA', '2026-01-28', '2030-01-28', 'Btl', '90 box', 90, 'APPROVED', '2026-01-29 07:13:15', '2026-01-29 07:13:15'),
(85, 28, 1462, 'Samquinor', '113.05 FA- 26/P/I/30', '113.05 FA', '2026-01-28', '2030-01-28', 'Dus', '100', 400, 'APPROVED', '2026-01-29 07:13:15', '2026-01-29 07:13:15'),
(86, 28, 1442, 'Samrox -20', '100.02 FA- 26/CP/I/2', '100.02 FA', '2026-01-28', '2030-01-28', 'Top', '100', 1, 'APPROVED', '2026-01-29 07:13:15', '2026-01-29 07:13:15'),
(87, 28, 1443, 'Samrox -20', '100.03 FA- 26/CP/I/3', '100.03 FA', '2026-01-28', '2030-01-28', 'Top', '90', 90, 'APPROVED', '2026-01-29 07:13:15', '2026-01-29 07:13:15'),
(88, 28, 1447, 'Samrox -20', '100.07 FA- 26/CP/I/12', '100.07 FA', '2026-01-22', '2026-01-29', 'Top', '100', 90, 'APPROVED', '2026-01-29 07:13:15', '2026-01-29 07:13:15'),
(89, 29, 1519, 'CLO 50', '49.01 FA- 26/CP/I/1', '49.01 FA', '2026-01-28', '2030-01-28', 'Btl', '90 box', 90, 'APPROVED', '2026-01-29 07:17:43', '2026-01-29 07:17:43'),
(90, 29, 1462, 'Samquinor', '113.05 FA- 26/P/I/30', '113.05 FA', '2026-01-28', '2030-01-28', 'Dus', '100', 400, 'APPROVED', '2026-01-29 07:17:43', '2026-01-29 07:17:43'),
(91, 29, 1442, 'Samrox -20', '100.02 FA- 26/CP/I/2', '100.02 FA', '2026-01-28', '2030-01-28', 'Top', '100', 1, 'APPROVED', '2026-01-29 07:17:43', '2026-01-29 07:17:43'),
(92, 29, 1443, 'Samrox -20', '100.03 FA- 26/CP/I/3', '100.03 FA', '2026-01-28', '2030-01-28', 'Top', '90', 90, 'APPROVED', '2026-01-29 07:17:43', '2026-01-29 07:17:43'),
(93, 29, 1447, 'Samrox -20', '100.07 FA- 26/CP/I/12', '100.07 FA', '2026-01-22', '2026-01-29', 'Top', '100', 90, 'APPROVED', '2026-01-29 07:17:43', '2026-01-29 07:17:43'),
(94, 30, 1519, 'CLO 50', '49.01 FA- 26/CP/I/1', '49.01 FA', '2026-01-28', '2030-01-28', 'Btl', '90 box', 90, 'APPROVED', '2026-01-29 07:55:20', '2026-01-29 07:55:20'),
(95, 30, 1462, 'Samquinor', '113.05 FA- 26/P/I/30', '113.05 FA', '2026-01-28', '2030-01-28', 'Dus', '100', 400, 'APPROVED', '2026-01-29 07:55:20', '2026-01-29 07:55:20'),
(96, 30, 1442, 'Samrox -20', '100.02 FA- 26/CP/I/2', '100.02 FA', '2026-01-28', '2030-01-28', 'Top', '100', 1, 'APPROVED', '2026-01-29 07:55:20', '2026-01-29 07:55:20'),
(97, 30, 1443, 'Samrox -20', '100.03 FA- 26/CP/I/3', '100.03 FA', '2026-01-28', '2030-01-28', 'Top', '90', 90, 'APPROVED', '2026-01-29 07:55:20', '2026-01-29 07:55:20'),
(98, 30, 1447, 'Samrox -20', '100.07 FA- 26/CP/I/12', '100.07 FA', '2026-01-22', '2026-01-29', 'Top', '100', 90, 'APPROVED', '2026-01-29 07:55:20', '2026-01-29 07:55:20'),
(99, 31, 1519, 'CLO 50', '49.01 FA- 26/CP/I/1', '49.01 FA', '2026-01-28', '2030-01-28', 'Btl', '90 box', 90, 'APPROVED', '2026-01-29 07:58:47', '2026-01-29 07:58:47'),
(100, 31, 1462, 'Samquinor', '113.05 FA- 26/P/I/30', '113.05 FA', '2026-01-28', '2030-01-28', 'Dus', '100', 400, 'APPROVED', '2026-01-29 07:58:47', '2026-01-29 07:58:47'),
(101, 31, 1442, 'Samrox -20', '100.02 FA- 26/CP/I/2', '100.02 FA', '2026-01-28', '2030-01-28', 'Top', '100', 1, 'APPROVED', '2026-01-29 07:58:47', '2026-01-29 07:58:47'),
(102, 31, 1443, 'Samrox -20', '100.03 FA- 26/CP/I/3', '100.03 FA', '2026-01-28', '2030-01-28', 'Top', '90', 90, 'APPROVED', '2026-01-29 07:58:47', '2026-01-29 07:58:47'),
(103, 31, 1447, 'Samrox -20', '100.07 FA- 26/CP/I/12', '100.07 FA', '2026-01-22', '2026-01-29', 'Top', '100', 90, 'APPROVED', '2026-01-29 07:58:47', '2026-01-29 07:58:47'),
(104, 32, 1519, 'CLO 50', '49.01 FA- 26/CP/I/1', '49.01 FA', '2026-01-28', '2030-01-28', 'Btl', '90 box', 90, 'APPROVED', '2026-01-29 08:51:30', '2026-01-29 08:51:30'),
(105, 32, 1462, 'Samquinor', '113.05 FA- 26/P/I/30', '113.05 FA', '2026-01-28', '2030-01-28', 'Dus', '100', 400, 'APPROVED', '2026-01-29 08:51:30', '2026-01-29 08:51:30'),
(106, 32, 1442, 'Samrox -20', '100.02 FA- 26/CP/I/2', '100.02 FA', '2026-01-28', '2030-01-28', 'Top', '100', 1, 'APPROVED', '2026-01-29 08:51:30', '2026-01-29 08:51:30'),
(107, 32, 1443, 'Samrox -20', '100.03 FA- 26/CP/I/3', '100.03 FA', '2026-01-28', '2030-01-28', 'Top', '90', 90, 'APPROVED', '2026-01-29 08:51:30', '2026-01-29 08:51:30'),
(108, 32, 1447, 'Samrox -20', '100.07 FA- 26/CP/I/12', '100.07 FA', '2026-01-22', '2026-01-29', 'Top', '100', 90, 'APPROVED', '2026-01-29 08:51:30', '2026-01-29 08:51:30'),
(109, 33, 1519, 'CLO 50', '49.01 FA- 26/CP/I/1', '49.01 FA', '2026-01-28', '2030-01-28', 'Btl', '90 box', 90, 'APPROVED', '2026-01-29 08:51:40', '2026-01-29 08:51:40'),
(110, 33, 1462, 'Samquinor', '113.05 FA- 26/P/I/30', '113.05 FA', '2026-01-28', '2030-01-28', 'Dus', '100', 400, 'APPROVED', '2026-01-29 08:51:40', '2026-01-29 08:51:40'),
(111, 33, 1442, 'Samrox -20', '100.02 FA- 26/CP/I/2', '100.02 FA', '2026-01-28', '2030-01-28', 'Top', '100', 1, 'APPROVED', '2026-01-29 08:51:40', '2026-01-29 08:51:40'),
(112, 33, 1443, 'Samrox -20', '100.03 FA- 26/CP/I/3', '100.03 FA', '2026-01-28', '2030-01-28', 'Top', '90', 90, 'APPROVED', '2026-01-29 08:51:40', '2026-01-29 08:51:40'),
(113, 33, 1447, 'Samrox -20', '100.07 FA- 26/CP/I/12', '100.07 FA', '2026-01-22', '2026-01-29', 'Top', '100', 90, 'APPROVED', '2026-01-29 08:51:40', '2026-01-29 08:51:40'),
(114, 34, 1462, 'Samquinor', '113.05 FA- 26/P/I/30', '113.05 FA', '2026-01-28', '2030-01-28', 'Dus', '100', 400, 'APPROVED', '2026-01-29 08:55:40', '2026-01-29 08:55:40'),
(115, 34, 1442, 'Samrox -20', '100.02 FA- 26/CP/I/2', '100.02 FA', '2026-01-28', '2030-01-28', 'Top', '100', 1, 'APPROVED', '2026-01-29 08:55:40', '2026-01-29 08:55:40'),
(116, 34, 1447, 'Samrox -20', '100.07 FA- 26/CP/I/12', '100.07 FA', '2026-01-22', '2026-01-29', 'Top', '100', 90, 'APPROVED', '2026-01-29 08:55:40', '2026-01-29 08:55:40'),
(117, 35, 1519, 'CLO 50', '49.01 FA- 26/CP/I/1', '49.01 FA', '2026-01-28', '2030-01-28', 'Btl', '90 box', 90, 'APPROVED', '2026-01-29 09:21:35', '2026-01-29 09:21:35'),
(118, 35, 1462, 'Samquinor', '113.05 FA- 26/P/I/30', '113.05 FA', '2026-01-28', '2030-01-28', 'Dus', '100', 400, 'APPROVED', '2026-01-29 09:21:35', '2026-01-29 09:21:35'),
(119, 35, 1442, 'Samrox -20', '100.02 FA- 26/CP/I/2', '100.02 FA', '2026-01-28', '2030-01-28', 'Top', '100', 1, 'APPROVED', '2026-01-29 09:21:35', '2026-01-29 09:21:35'),
(120, 35, 1443, 'Samrox -20', '100.03 FA- 26/CP/I/3', '100.03 FA', '2026-01-28', '2030-01-28', 'Top', '90', 90, 'APPROVED', '2026-01-29 09:21:35', '2026-01-29 09:21:35'),
(121, 35, 1447, 'Samrox -20', '100.07 FA- 26/CP/I/12', '100.07 FA', '2026-01-22', '2026-01-29', 'Top', '100 dus + 600 box + kepo', 90, 'APPROVED', '2026-01-29 09:21:35', '2026-01-29 09:21:35'),
(122, 36, 1519, 'CLO 50', '49.01 FA- 26/CP/I/1', '49.01 FA', '2026-01-28', '2030-01-28', 'Btl', '90 box', 90, 'APPROVED', '2026-01-29 09:28:57', '2026-01-29 09:28:57'),
(123, 36, 1462, 'Samquinor', '113.05 FA- 26/P/I/30', '113.05 FA', '2026-01-28', '2030-01-28', 'Dus', '100', 400, 'APPROVED', '2026-01-29 09:28:57', '2026-01-29 09:28:57'),
(124, 36, 1442, 'Samrox -20', '100.02 FA- 26/CP/I/2', '100.02 FA', '2026-01-28', '2030-01-28', 'Top', '100', 1, 'APPROVED', '2026-01-29 09:28:57', '2026-01-29 09:28:57'),
(125, 36, 1443, 'Samrox -20', '100.03 FA- 26/CP/I/3', '100.03 FA', '2026-01-28', '2030-01-28', 'Top', '90', 90, 'APPROVED', '2026-01-29 09:28:57', '2026-01-29 09:28:57'),
(126, 36, 1447, 'Samrox -20', '100.07 FA- 26/CP/I/12', '100.07 FA', '2026-01-22', '2026-01-29', 'Top', '100 dus + 600 box + kepo', 90, 'APPROVED', '2026-01-29 09:28:58', '2026-01-29 09:28:58'),
(127, 37, 1519, 'CLO 50', '49.01 FA- 26/CP/I/1', '49.01 FA', '2026-01-28', '2030-01-28', 'Btl', '90 box', 90, 'APPROVED', '2026-01-31 03:10:28', '2026-01-31 03:10:28'),
(128, 37, 1462, 'Samquinor', '113.05 FA- 26/P/I/30', '113.05 FA', '2026-01-28', '2030-01-28', 'Dus', '100', 400, 'APPROVED', '2026-01-31 03:10:28', '2026-01-31 03:10:28'),
(129, 37, 1442, 'Samrox -20', '100.02 FA- 26/CP/I/2', '100.02 FA', '2026-01-28', '2030-01-28', 'Top', '100', 1, 'APPROVED', '2026-01-31 03:10:28', '2026-01-31 03:10:28'),
(130, 37, 1443, 'Samrox -20', '100.03 FA- 26/CP/I/3', '100.03 FA', '2026-01-28', '2030-01-28', 'Top', '90', 90, 'APPROVED', '2026-01-31 03:10:28', '2026-01-31 03:10:28'),
(131, 37, 1447, 'Samrox -20', '100.07 FA- 26/CP/I/12', '100.07 FA', '2026-01-22', '2026-01-29', 'Top', '100 dus + 600 box + kepo', 90, 'APPROVED', '2026-01-31 03:10:28', '2026-01-31 03:10:28'),
(132, 38, 1519, 'CLO 50', '49.01 FA- 26/CP/I/1', '49.01 FA', '2026-01-28', '2030-01-28', 'Btl', '90 box', 90, 'APPROVED', '2026-01-31 03:11:05', '2026-01-31 03:11:05'),
(133, 38, 1462, 'Samquinor', '113.05 FA- 26/P/I/30', '113.05 FA', '2026-01-28', '2030-01-28', 'Dus', '100', 400, 'APPROVED', '2026-01-31 03:11:05', '2026-01-31 03:11:05'),
(134, 38, 1442, 'Samrox -20', '100.02 FA- 26/CP/I/2', '100.02 FA', '2026-01-28', '2030-01-28', 'Top', '100', 1, 'APPROVED', '2026-01-31 03:11:05', '2026-01-31 03:11:05'),
(135, 38, 1443, 'Samrox -20', '100.03 FA- 26/CP/I/3', '100.03 FA', '2026-01-28', '2030-01-28', 'Top', '90', 90, 'APPROVED', '2026-01-31 03:11:05', '2026-01-31 03:11:05'),
(136, 38, 1447, 'Samrox -20', '100.07 FA- 26/CP/I/12', '100.07 FA', '2026-01-22', '2026-01-29', 'Top', '100 dus + 600 box + kepo', 90, 'APPROVED', '2026-01-31 03:11:05', '2026-01-31 03:11:05'),
(137, 39, 1621, 'Samrox -20', '100.01 FA- 26/CP/I/1', '100.01 FA', '2026-02-02', '2030-02-02', 'Top', '10 box', 10, 'APPROVED', '2026-02-02 07:09:09', '2026-02-02 07:09:09'),
(138, 40, 1621, 'Samrox -20', '100.01 FA- 26/CP/I/1', '100.01 FA', '2026-02-02', '2030-02-02', 'Top', '10 box', 10, 'APPROVED', '2026-02-02 07:14:53', '2026-02-02 07:14:53'),
(139, 41, 1699, 'CLO 50', '49.01 FA- 26/CP/I/1', '49.01 FA', '2026-02-02', '2030-02-02', 'Btl', '20 dus', 20, 'APPROVED', '2026-02-02 07:19:09', '2026-02-02 07:19:09'),
(140, 41, 1621, 'Samrox -20', '100.01 FA- 26/CP/I/1', '100.01 FA', '2026-02-02', '2030-02-02', 'Top', '10 box', 10, 'APPROVED', '2026-02-02 07:19:09', '2026-02-02 07:19:09'),
(141, 42, 1699, 'CLO 50', '49.01 FA- 26/CP/I/1', '49.01 FA', '2026-02-02', '2030-02-02', 'Btl', '20 dus', 20, 'APPROVED', '2026-02-02 07:21:08', '2026-02-02 07:21:08'),
(142, 42, 1621, 'Samrox -20', '100.01 FA- 26/CP/I/1', '100.01 FA', '2026-02-02', '2030-02-02', 'Top', '10 box', 10, 'APPROVED', '2026-02-02 07:21:08', '2026-02-02 07:21:08'),
(143, 43, 1699, 'CLO 50', '49.01 FA- 26/CP/I/1', '49.01 FA', '2026-02-02', '2030-02-02', 'Btl', '20 dus', 20, 'APPROVED', '2026-02-03 01:59:10', '2026-02-03 01:59:10'),
(144, 43, 1621, 'Samrox -20', '100.01 FA- 26/CP/I/1', '100.01 FA', '2026-02-02', '2030-02-02', 'Top', '10 box', 10, 'APPROVED', '2026-02-03 01:59:10', '2026-02-03 01:59:10'),
(145, 44, 1699, 'CLO 50', '49.01 FA- 26/CP/I/1', '49.01 FA', '2026-02-02', '2030-02-02', 'Btl', '20 dus', 20, 'APPROVED', '2026-02-03 02:07:56', '2026-02-03 02:07:56'),
(146, 44, 1621, 'Samrox -20', '100.01 FA- 26/CP/I/1', '100.01 FA', '2026-02-02', '2030-02-02', 'Top', '10 box', 10, 'APPROVED', '2026-02-03 02:07:56', '2026-02-03 02:07:56'),
(147, 45, 1699, 'CLO 50', '49.01 FA- 26/CP/I/1', '49.01 FA', '2026-02-03', '2030-02-02', 'Btl', '20 dus', 20, 'APPROVED', '2026-02-03 06:32:05', '2026-02-03 06:32:05'),
(148, 45, 1621, 'Samrox -20', '100.01 FA- 26/CP/I/1', '100.01 FA', '2026-02-02', '2030-02-02', 'Top', '10 box', 10, 'APPROVED', '2026-02-03 06:32:05', '2026-02-03 06:32:05'),
(149, 46, 1699, 'CLO 50', '49.01 FA- 26/CP/I/1', '49.01 FA', '2026-02-03', '2030-02-02', 'Btl', '20 dus', 20, 'APPROVED', '2026-02-04 04:33:48', '2026-02-04 04:33:48'),
(150, 46, 1700, 'CLO 50', '49.02 FA- 26/CP/I/2', '49.02 FA', '2026-02-03', '2030-02-03', 'Btl', '10 botol', 100, 'APPROVED', '2026-02-04 04:33:48', '2026-02-04 04:33:48'),
(151, 46, 1641, 'Samquinor', '113.04 FA- 26/P/I/29', '113.04 FA', '2026-02-04', '2030-02-04', 'Dus', '90', 90, 'APPROVED', '2026-02-04 04:33:48', '2026-02-04 04:33:48'),
(152, 46, 1621, 'Samrox -20', '100.01 FA- 26/CP/I/1', '100.01 FA', '2026-02-02', '2030-02-02', 'Top', '10 box', 10, 'APPROVED', '2026-02-04 04:33:48', '2026-02-04 04:33:48'),
(153, 46, 1623, 'Samrox -20', '100.03 FA- 26/CP/I/3', '100.03 FA', '2026-02-04', '2030-02-04', 'Top', '100 btl', 90, 'APPROVED', '2026-02-04 04:33:48', '2026-02-04 04:33:48'),
(154, 47, 1699, 'CLO 50', '49.01 FA- 26/CP/I/1', '49.01 FA', '2026-02-03', '2030-02-02', 'Btl', '20 dus', 20, 'APPROVED', '2026-02-04 06:14:12', '2026-02-04 06:14:12'),
(155, 47, 1700, 'CLO 50', '49.02 FA- 26/CP/I/2', '49.02 FA', '2026-02-03', '2030-02-03', 'Btl', '10 botol', 100, 'APPROVED', '2026-02-04 06:14:12', '2026-02-04 06:14:12'),
(156, 47, 1641, 'Samquinor', '113.04 FA- 26/P/I/29', '113.04 FA', '2026-02-04', '2030-02-04', 'Dus', '90', 90, 'APPROVED', '2026-02-04 06:14:12', '2026-02-04 06:14:12'),
(157, 47, 1621, 'Samrox -20', '100.01 FA- 26/CP/I/1', '100.01 FA', '2026-02-02', '2030-02-02', 'Top', '10 box', 10, 'APPROVED', '2026-02-04 06:14:12', '2026-02-04 06:14:12'),
(158, 47, 1623, 'Samrox -20', '100.03 FA- 26/CP/I/3', '100.03 FA', '2026-02-04', '2030-02-04', 'Top', '100 btl', 90, 'APPROVED', '2026-02-04 06:14:12', '2026-02-04 06:14:12'),
(159, 48, 1621, 'Samrox -20', '100.01 FA- 26/CP/I/1', '100.01 FA', '2026-02-02', '2030-02-02', 'Top', '10 box', 10, 'APPROVED', '2026-02-05 03:29:21', '2026-02-05 03:29:21'),
(160, 48, 1623, 'Samrox -20', '100.03 FA- 26/CP/I/3', '100.03 FA', '2026-02-04', '2030-02-04', 'Top', '100 btl', 90, 'APPROVED', '2026-02-05 03:29:21', '2026-02-05 03:29:21'),
(161, 49, 1642, 'Samquinor', '113.05 FA- 26/P/I/30', '113.05 FA', '2026-02-05', '2030-02-05', 'Dus', '100 btl', 90, 'APPROVED', '2026-02-05 04:09:47', '2026-02-05 04:09:47'),
(162, 49, 1644, 'Samquinor', '113.07 FA- 26/P/I/32', '113.07 FA', '2026-02-05', '2030-02-05', 'Dus', '100 btl', 90, 'APPROVED', '2026-02-05 04:09:47', '2026-02-05 04:09:47'),
(163, 49, 1801, 'Samquinor', '113.07 FA- 26/P/I/32Z', '113.07 FAZ', '2026-02-05', '2030-02-05', 'Dus', '100 btl', 90, 'APPROVED', '2026-02-05 04:09:47', '2026-02-05 04:09:47'),
(164, 49, 1625, 'Samrox -20', '100.05 FA- 26/CP/I/5', '100.05 FA', '2026-02-05', '2030-02-05', 'Top', '100 btl', 90, 'APPROVED', '2026-02-05 04:09:47', '2026-02-05 04:09:47'),
(165, 50, 1802, 'Samquinor', '113.05 FA- 26/P/I/30Z', '113.05 FAZ', '2026-02-05', '2030-02-05', 'Dus', '100 btl', 90, 'APPROVED', '2026-02-05 04:17:35', '2026-02-05 04:17:35'),
(166, 51, 1811, 'Samrox -20', '100.08 FA- 26/CP/I/13', '100.08 FA', '2026-02-10', '2030-02-10', 'Top', '100 btl', 90, 'APPROVED', '2026-02-10 06:06:18', '2026-02-10 06:06:18'),
(167, 52, 1882, 'CLO 50', '49.01 FA- 26/CP/I/1', '49.01 FA', '2026-02-10', '2030-02-10', 'Btl', '90', 90, 'APPROVED', '2026-02-10 07:09:15', '2026-02-10 07:09:15'),
(168, 53, 1883, 'CLO 50', '49.02 FA- 26/CP/I/2', '49.02 FA', '2026-02-10', '2030-02-10', 'Btl', '90', 900, 'APPROVED', '2026-02-10 07:56:18', '2026-02-10 07:56:18'),
(169, 53, 1811, 'Samrox -20', '100.08 FA- 26/CP/I/13', '100.08 FA', '2026-02-10', '2030-02-10', 'Top', '100 btl', 90, 'APPROVED', '2026-02-10 07:56:18', '2026-02-10 07:56:18'),
(170, 54, 1805, 'Samrox -20', '100.02 FA- 26/CP/I/2', '100.02 FA', '2026-02-11', '2030-02-11', 'Top', '100', 90, 'APPROVED', '2026-02-11 01:26:10', '2026-02-11 01:26:10'),
(171, 55, 1806, 'Samrox -20', '100.03 FA- 26/CP/I/3', '100.03 FA', '2026-02-11', '2030-02-11', 'Top', '90box + 90 dus', 90, 'APPROVED', '2026-02-11 07:36:29', '2026-02-11 07:36:29');

-- --------------------------------------------------------

--
-- Table structure for table `gudang_release`
--

CREATE TABLE `gudang_release` (
  `id` bigint(20) UNSIGNED NOT NULL,
  `produksi_batch_id` bigint(20) UNSIGNED NOT NULL,
  `kemasan` varchar(100) DEFAULT NULL,
  `isi` varchar(255) DEFAULT NULL,
  `jumlah_release` int(10) UNSIGNED DEFAULT NULL,
  `total_text` varchar(60) DEFAULT NULL,
  `qty_fisik` int(11) DEFAULT NULL,
  `gudang_id` bigint(20) UNSIGNED DEFAULT NULL,
  `tanggal_expired` date DEFAULT NULL,
  `berat_fisik` decimal(10,3) DEFAULT NULL,
  `no_wadah` varchar(100) DEFAULT NULL,
  `status` enum('PENDING','APPROVED','REJECTED') NOT NULL DEFAULT 'PENDING',
  `catatan` text DEFAULT NULL,
  `approved_by` bigint(20) UNSIGNED DEFAULT NULL,
  `approved_at` timestamp NULL DEFAULT NULL,
  `created_at` timestamp NULL DEFAULT NULL,
  `updated_at` timestamp NULL DEFAULT NULL,
  `goj_doc_id` bigint(20) UNSIGNED DEFAULT NULL,
  `goj_status` varchar(20) DEFAULT NULL,
  `goj_note` varchar(255) DEFAULT NULL,
  `goj_approved_by` bigint(20) UNSIGNED DEFAULT NULL,
  `goj_approved_at` datetime DEFAULT NULL,
  `goj_rejected_by` bigint(20) UNSIGNED DEFAULT NULL,
  `goj_rejected_at` datetime DEFAULT NULL,
  `spv_approved_by` bigint(20) DEFAULT NULL,
  `spv_approved_at` datetime DEFAULT NULL,
  `spv_status` varchar(20) DEFAULT 'PENDING',
  `spv_doc_id` bigint(20) DEFAULT NULL,
  `spv_printed_by` bigint(20) DEFAULT NULL,
  `spv_printed_at` timestamp NULL DEFAULT NULL
) ENGINE=InnoDB DEFAULT CHARSET=utf8mb4 COLLATE=utf8mb4_unicode_ci;

--
-- Dumping data for table `gudang_release`
--

INSERT INTO `gudang_release` (`id`, `produksi_batch_id`, `kemasan`, `isi`, `jumlah_release`, `total_text`, `qty_fisik`, `gudang_id`, `tanggal_expired`, `berat_fisik`, `no_wadah`, `status`, `catatan`, `approved_by`, `approved_at`, `created_at`, `updated_at`, `goj_doc_id`, `goj_status`, `goj_note`, `goj_approved_by`, `goj_approved_at`, `goj_rejected_by`, `goj_rejected_at`, `spv_approved_by`, `spv_approved_at`, `spv_status`, `spv_doc_id`, `spv_printed_by`, `spv_printed_at`) VALUES
(20, 1811, 'Top', '100 btl', 90, '90', 90, 2, '2030-02-10', NULL, NULL, 'REJECTED', 'sss', 4, '2026-02-10 04:41:53', '2026-02-10 04:41:53', '2026-02-10 07:57:31', 53, 'REJECTED', 'sss', NULL, NULL, 1, '2026-02-10 14:57:31', 1, '2026-02-10 14:56:18', 'APPROVED', 51, NULL, NULL),
(21, 1882, 'Btl', '90', 90, '90', 90, 2, '2030-02-10', NULL, NULL, 'APPROVED', NULL, 3, '2026-02-10 07:08:16', '2026-02-10 07:08:16', '2026-02-10 07:39:18', 52, 'APPROVED', NULL, 1, '2026-02-10 14:10:01', NULL, NULL, 1, '2026-02-10 14:10:01', 'APPROVED', 50, NULL, NULL),
(22, 1883, 'Btl', '90', 900, '900', 900, 2, '2030-02-10', NULL, NULL, 'REJECTED', 'sss', 1, '2026-02-10 07:44:51', '2026-02-10 07:44:51', '2026-02-10 07:57:31', 53, 'REJECTED', 'sss', NULL, NULL, 1, '2026-02-10 14:57:31', 1, '2026-02-10 14:56:18', 'APPROVED', 51, NULL, NULL),
(23, 1805, 'Top', '100', 90, '90', 90, 2, '2030-02-11', NULL, NULL, 'APPROVED', NULL, 4, '2026-02-11 01:24:00', '2026-02-11 01:24:00', '2026-02-11 01:39:46', 54, 'APPROVED', NULL, 1, '2026-02-11 08:39:46', NULL, NULL, 9, '2026-02-11 08:26:10', 'APPROVED', 55, NULL, NULL),
(24, 1806, 'Top', '90box + 90 dus', 90, '90', 90, 2, '2030-02-11', NULL, NULL, 'APPROVED', NULL, 4, '2026-02-11 07:35:19', '2026-02-11 07:35:19', '2026-02-11 07:37:44', 55, 'APPROVED', NULL, 5, '2026-02-11 14:37:44', NULL, NULL, 9, '2026-02-11 14:36:29', 'APPROVED', 63, NULL, NULL);

-- --------------------------------------------------------

--
-- Table structure for table `holding_logs`
--

CREATE TABLE `holding_logs` (
  `id` bigint(20) UNSIGNED NOT NULL,
  `produksi_batch_id` bigint(20) UNSIGNED DEFAULT NULL,
  `hold_no` int(10) UNSIGNED NOT NULL DEFAULT 1,
  `holding_stage` varchar(50) DEFAULT NULL,
  `holding_reason` varchar(191) DEFAULT NULL,
  `holding_note` text DEFAULT NULL,
  `created_at` timestamp NULL DEFAULT NULL,
  `updated_at` timestamp NULL DEFAULT NULL,
  `held_at` datetime DEFAULT NULL,
  `held_by` bigint(20) UNSIGNED DEFAULT NULL,
  `outcome` varchar(20) DEFAULT NULL,
  `return_to` varchar(50) DEFAULT NULL,
  `resolve_reason` varchar(191) DEFAULT NULL,
  `resolve_note` text DEFAULT NULL,
  `resolved_at` datetime DEFAULT NULL,
  `resolved_by` bigint(20) UNSIGNED DEFAULT NULL,
  `duration_seconds` int(10) UNSIGNED NOT NULL DEFAULT 0
) ENGINE=InnoDB DEFAULT CHARSET=utf8mb4 COLLATE=utf8mb4_unicode_ci;

--
-- Dumping data for table `holding_logs`
--

INSERT INTO `holding_logs` (`id`, `produksi_batch_id`, `hold_no`, `holding_stage`, `holding_reason`, `holding_note`, `created_at`, `updated_at`, `held_at`, `held_by`, `outcome`, `return_to`, `resolve_reason`, `resolve_note`, `resolved_at`, `resolved_by`, `duration_seconds`) VALUES
(1, 1452, 1, 'MIXING', 'parah', NULL, '2026-01-23 08:46:45', '2026-01-23 08:46:45', '2026-01-23 14:34:02', 1, 'RELEASE', 'MIXING', NULL, NULL, '2026-01-23 15:46:45', 1, 4363),
(2, 1452, 2, 'MIXING', 'MASIH rusak', NULL, '2026-01-23 08:47:45', '2026-01-23 08:47:45', '2026-01-23 15:47:26', 1, 'RELEASE', 'MIXING', NULL, NULL, '2026-01-23 15:47:45', 1, 19),
(3, 1452, 3, 'MIXING', 'etigifa', NULL, '2026-01-23 08:55:24', '2026-01-23 08:55:24', '2026-01-23 15:49:22', 1, 'RELEASE', 'MIXING', NULL, NULL, '2026-01-23 15:55:24', 1, 362),
(4, 1625, 1, 'MIXING', 'terjadi eror', NULL, '2026-02-04 06:29:13', '2026-02-04 06:29:13', '2026-02-04 13:28:53', 1, 'RELEASE', 'MIXING', NULL, NULL, '2026-02-04 13:29:13', 1, 20),
(5, 1625, 2, 'MIXING', 'aduh masih eror', NULL, '2026-02-04 06:29:39', '2026-02-04 06:29:39', '2026-02-04 13:29:27', 1, 'RELEASE', 'MIXING', NULL, NULL, '2026-02-04 13:29:39', 1, 12),
(6, 1797, 1, 'MIXING', 'rusak', NULL, '2026-02-10 02:24:01', '2026-02-10 02:24:01', '2026-02-06 10:24:31', 1, 'RELEASE', 'MIXING', NULL, NULL, '2026-02-10 09:24:01', 1, 341970),
(7, 1810, 1, 'MIXING', 'mengalamai gangguan', NULL, '2026-02-11 07:18:45', '2026-02-11 07:18:45', '2026-02-11 14:18:01', 4, 'RELEASE', 'MIXING', NULL, NULL, '2026-02-11 14:18:45', 4, 44),
(8, 1810, 2, 'MIXING', 'masih rusak', NULL, '2026-02-11 07:19:26', '2026-02-11 07:19:26', '2026-02-11 14:19:00', 4, 'RELEASE', 'MIXING', NULL, NULL, '2026-02-11 14:19:26', 4, 26);

-- --------------------------------------------------------

--
-- Table structure for table `master_gudangs`
--

CREATE TABLE `master_gudangs` (
  `id` bigint(20) UNSIGNED NOT NULL,
  `kode` varchar(50) NOT NULL,
  `nama` varchar(150) NOT NULL,
  `keterangan` text DEFAULT NULL,
  `is_active` tinyint(1) NOT NULL DEFAULT 1,
  `created_at` timestamp NULL DEFAULT NULL,
  `updated_at` timestamp NULL DEFAULT NULL
) ENGINE=InnoDB DEFAULT CHARSET=utf8mb4 COLLATE=utf8mb4_unicode_ci;

--
-- Dumping data for table `master_gudangs`
--

INSERT INTO `master_gudangs` (`id`, `kode`, `nama`, `keterangan`, `is_active`, `created_at`, `updated_at`) VALUES
(1, 'GDU', 'Gudang D', 'Gudang utama penyimpanan produk', 1, '2026-01-20 02:00:46', '2026-01-20 02:00:46'),
(2, 'GDJ', 'Gudang C', 'Gudang untuk produk jadi', 1, '2026-01-20 02:00:46', '2026-01-20 02:00:46'),
(3, 'GQ', 'Gudang G', 'Area karantina / hold / investigasi', 1, '2026-01-20 02:00:46', '2026-01-20 02:00:46');

-- --------------------------------------------------------

--
-- Table structure for table `migrations`
--

CREATE TABLE `migrations` (
  `id` int(10) UNSIGNED NOT NULL,
  `migration` varchar(255) NOT NULL,
  `batch` int(11) NOT NULL
) ENGINE=InnoDB DEFAULT CHARSET=utf8mb4 COLLATE=utf8mb4_unicode_ci;

--
-- Dumping data for table `migrations`
--

INSERT INTO `migrations` (`id`, `migration`, `batch`) VALUES
(1, '2014_10_12_000000_create_users_table', 1),
(2, '2014_10_12_100000_create_password_resets_table', 1),
(3, '2019_08_19_000000_create_failed_jobs_table', 1),
(4, '2019_12_14_000001_create_personal_access_tokens_table', 1),
(5, '2025_01_01_000000_create_bahans_table', 1),
(6, '2025_01_01_000001_alter_bahans_table', 1),
(7, '2025_01_01_000002_add_soft_deletes_to_bahans_table', 1),
(8, '2025_10_27_064615_create_process_logs_table', 1),
(9, '2025_11_13_042552_create_produksi_table', 1),
(10, '2025_11_13_170646_create_produksi_batches_table', 1),
(11, '2025_11_17_031519_create_qc_releases_table', 1),
(12, '2025_11_19_081104_add_qty_batch_to_produksi_batches_table', 1),
(13, '2025_11_20_023326_create_post_secondary_processes_table', 1),
(14, '2025_11_20_061353_add_qty_batch_to_produksi_batches_table', 1),
(15, '2025_11_21_030145_add_jobsheet_columns_to_produksi_batches_table', 1),
(16, '2025_11_24_032547_add_coa_fields_to_produksi_batches_table', 1),
(17, '2025_11_24_043305_add_sampling_fields_to_produksi_batches_table', 1),
(18, '2025_11_24_053959_add_review_fields_to_produksi_batches_table', 1),
(19, '2025_12_04_155156_create_gudang_release_table', 1),
(20, '2025_12_05_113529_add_qty_batch_to_produksi_batches_table', 1),
(21, '2025_12_08_101723_add_qc_signature_to_users_table', 1),
(22, '2026_01_05_142505_add_qc_tablet_fields_to_produksi_batches', 1),
(23, '2026_01_05_144610_add_qc_tablet_full_fields_to_produksi_batches', 1),
(24, '2026_01_05_145402_add_qc_ruahan_full_fields_to_produksi_batches', 1),
(25, '2026_01_05_163048_add_qc_ruahan_akhir_full_fields_to_produksi_batches', 1),
(26, '2026_01_06_132605_add_qc_sign_columns_to_produksi_batches_table', 1),
(27, '2026_01_06_134220_add_qc_signatures_to_produksi_batches_table', 1),
(28, '2026_01_07_094827_add_qc_signed_user_ids_to_produksi_batches_table', 1),
(29, '2026_01_14_145650_add_holding_fields_to_produksi_batches_table', 1),
(30, '2026_01_15_091808_add_pause_and_hold_to_produksi_batches_table', 1),
(31, '2026_01_19_082653_add_kemasan_isi_jumlah_to_gudang_release_table', 2),
(32, '2026_01_20_084754_create_master_gudangs_table', 3),
(33, '2026_01_20_085826_add_gudang_id_to_gudang_release_table', 4),
(34, '2026_01_23_082805_add_produksi_role_to_users_table', 5),
(35, '2026_01_23_142003_create_holding_logs_table', 6),
(36, '2026_01_23_145156_create_holding_logs_table', 7),
(37, '2026_01_23_151529_add_hold_time_columns_to_holding_logs_table', 8),
(38, '2026_01_23_152619_add_hold_time_columns_to_holding_logs_table', 9),
(39, '2026_01_26_083009_add_target_rekon_and_wadah_to_produksi_table', 10),
(40, '2026_01_26_104939__add_mixing_rekon_cols_to_produksi_batches', 11),
(41, '2026_01_26_111230__add_rekon_columns_other_modules_to_produksi_batches', 12),
(42, '2026_01_26_140218__add_target_rekon_per_modul_to_produksi_table', 13),
(43, '2026_01_28_154843__create_goj_docs_table', 14),
(44, '2026_01_28_154910__create_goj_doc_items_table', 14),
(45, '2026_01_28_154939__add_goj_columns_to_gudang_releases_table', 14),
(46, '2026_01_28_155218__add_goj_return_columns_to_produksi_batches_table', 15),
(47, '2026_01_28_162841_add_goj_columns_to_gudang_release_table', 16),
(48, '2026_02_04_045829__create_spv_docs_table', 17),
(49, '2026_02_04_045904__create_spv_doc_items_table', 17),
(50, '2026_02_04_045932__add_spv_fields_to_gudang_release_table', 17);

-- --------------------------------------------------------

--
-- Table structure for table `password_resets`
--

CREATE TABLE `password_resets` (
  `email` varchar(255) NOT NULL,
  `token` varchar(255) NOT NULL,
  `created_at` timestamp NULL DEFAULT NULL
) ENGINE=InnoDB DEFAULT CHARSET=utf8mb4 COLLATE=utf8mb4_unicode_ci;

-- --------------------------------------------------------

--
-- Table structure for table `personal_access_tokens`
--

CREATE TABLE `personal_access_tokens` (
  `id` bigint(20) UNSIGNED NOT NULL,
  `tokenable_type` varchar(255) NOT NULL,
  `tokenable_id` bigint(20) UNSIGNED NOT NULL,
  `name` varchar(255) NOT NULL,
  `token` varchar(64) NOT NULL,
  `abilities` text DEFAULT NULL,
  `last_used_at` timestamp NULL DEFAULT NULL,
  `created_at` timestamp NULL DEFAULT NULL,
  `updated_at` timestamp NULL DEFAULT NULL
) ENGINE=InnoDB DEFAULT CHARSET=utf8mb4 COLLATE=utf8mb4_unicode_ci;

-- --------------------------------------------------------

--
-- Table structure for table `post_secondary_processes`
--

CREATE TABLE `post_secondary_processes` (
  `id` bigint(20) UNSIGNED NOT NULL,
  `produksi_batch_id` bigint(20) UNSIGNED NOT NULL,
  `qty_batch` bigint(20) UNSIGNED DEFAULT NULL COMMENT 'Qty hasil akhir setelah secondary pack, boleh null kalau belum diisi',
  `proses_selanjutnya` varchar(100) DEFAULT NULL COMMENT 'Nama proses lanjutan, mis: Pengiriman, Release, dsb',
  `tanggal_mulai` date DEFAULT NULL,
  `tanggal_selesai` date DEFAULT NULL,
  `status` varchar(50) NOT NULL DEFAULT 'pending',
  `keterangan` text DEFAULT NULL,
  `created_by` bigint(20) UNSIGNED DEFAULT NULL,
  `updated_by` bigint(20) UNSIGNED DEFAULT NULL,
  `created_at` timestamp NULL DEFAULT NULL,
  `updated_at` timestamp NULL DEFAULT NULL
) ENGINE=InnoDB DEFAULT CHARSET=utf8mb4 COLLATE=utf8mb4_unicode_ci;

-- --------------------------------------------------------

--
-- Table structure for table `process_logs`
--

CREATE TABLE `process_logs` (
  `id` bigint(20) UNSIGNED NOT NULL,
  `kode` varchar(50) NOT NULL,
  `bahan_nama` varchar(255) DEFAULT NULL,
  `modul` varchar(50) NOT NULL,
  `modul_id` bigint(20) UNSIGNED DEFAULT NULL,
  `waktu` datetime NOT NULL,
  `peristiwa` varchar(255) DEFAULT NULL,
  `status` varchar(50) DEFAULT NULL,
  `status_label` varchar(100) DEFAULT NULL,
  `status_badge` varchar(50) DEFAULT NULL,
  `keterangan` text DEFAULT NULL,
  `aktor_id` bigint(20) UNSIGNED DEFAULT NULL,
  `aktor_nama` varchar(100) DEFAULT NULL,
  `aktor_email` varchar(191) DEFAULT NULL,
  `created_at` timestamp NULL DEFAULT NULL,
  `updated_at` timestamp NULL DEFAULT NULL
) ENGINE=InnoDB DEFAULT CHARSET=utf8mb4 COLLATE=utf8mb4_unicode_ci;

-- --------------------------------------------------------

--
-- Table structure for table `produksi`
--

CREATE TABLE `produksi` (
  `id` bigint(20) UNSIGNED NOT NULL,
  `kode_produk` varchar(50) DEFAULT NULL,
  `nama_produk` varchar(150) NOT NULL,
  `kategori_produk` varchar(50) DEFAULT NULL,
  `est_qty` int(10) UNSIGNED DEFAULT NULL,
  `target_rekon_weighing` int(10) UNSIGNED DEFAULT NULL,
  `target_rekon_mixing` int(10) UNSIGNED DEFAULT NULL,
  `target_rekon_tableting` int(10) UNSIGNED DEFAULT NULL,
  `target_rekon_capsule_filling` int(10) UNSIGNED DEFAULT NULL,
  `target_rekon_coating` int(10) UNSIGNED DEFAULT NULL,
  `target_rekon_primary_pack` int(10) UNSIGNED DEFAULT NULL,
  `target_rekon_secondary_pack` int(10) UNSIGNED DEFAULT NULL,
  `target_rekon` int(10) UNSIGNED DEFAULT 0,
  `bentuk_sediaan` varchar(50) DEFAULT NULL,
  `wadah` varchar(10) DEFAULT NULL,
  `tipe_alur` varchar(50) NOT NULL,
  `leadtime_target` int(10) UNSIGNED DEFAULT NULL,
  `expired_years` tinyint(3) UNSIGNED DEFAULT NULL,
  `is_aktif` tinyint(1) NOT NULL DEFAULT 1,
  `is_split` tinyint(1) NOT NULL DEFAULT 0,
  `split_suffix` varchar(5) DEFAULT 'Z',
  `created_at` timestamp NULL DEFAULT NULL,
  `updated_at` timestamp NULL DEFAULT NULL
) ENGINE=InnoDB DEFAULT CHARSET=utf8mb4 COLLATE=utf8mb4_unicode_ci;

--
-- Dumping data for table `produksi`
--

INSERT INTO `produksi` (`id`, `kode_produk`, `nama_produk`, `kategori_produk`, `est_qty`, `target_rekon_weighing`, `target_rekon_mixing`, `target_rekon_tableting`, `target_rekon_capsule_filling`, `target_rekon_coating`, `target_rekon_primary_pack`, `target_rekon_secondary_pack`, `target_rekon`, `bentuk_sediaan`, `wadah`, `tipe_alur`, `leadtime_target`, `expired_years`, `is_aktif`, `is_split`, `split_suffix`, `created_at`, `updated_at`) VALUES
(1, '1', 'Samcoral Forte', 'ETHICAL', 1000, 100, 200, 300, 400, 500, 800, 400, 2000, 'Tablet Non Salut', 'Dus', 'TABLET_NON_SALUT', 30, 4, 1, 1, 'Z', '2026-01-15 02:25:39', '2026-02-04 07:45:52'),
(2, '100', 'Samrox -20', 'ETHICAL', 2000, 100, 100, 100, 100, 100, 100, 100, 0, 'Kapsul', 'Top', 'KAPSUL', 30, 4, 1, 1, 'Z', '2026-01-15 02:25:39', '2026-02-04 08:05:44'),
(3, '104', 'Samcodin', 'ETHICAL', 3500, NULL, NULL, NULL, NULL, NULL, NULL, NULL, 0, 'Tablet Non Salut', NULL, 'TABLET_NON_SALUT', 30, 4, 1, 0, 'Z', '2026-01-15 02:25:39', '2026-01-15 02:25:39'),
(4, '106', 'Masflu Forte', 'ETHICAL', 1000, NULL, NULL, NULL, NULL, NULL, NULL, NULL, 0, 'Tablet Non Salut', NULL, 'TABLET_NON_SALUT', 30, 4, 1, 0, 'Z', '2026-01-15 02:25:39', '2026-01-15 02:25:39'),
(5, '107', 'Masneuro', 'ETHICAL', 1000, NULL, NULL, NULL, NULL, NULL, NULL, NULL, 0, 'Tablet Non Salut', NULL, 'TABLET_NON_SALUT', 30, 4, 1, 0, 'Z', '2026-01-15 02:25:39', '2026-01-15 02:25:39'),
(6, '108', 'Samcobion', 'ETHICAL', 2000, NULL, NULL, NULL, NULL, NULL, NULL, NULL, 0, 'Kapsul', NULL, 'KAPSUL', 30, 4, 1, 0, 'Z', '2026-01-15 02:25:39', '2026-01-15 02:25:39'),
(7, '109A', 'Bundavin 30\'s', 'ETHICAL', 3667, NULL, NULL, NULL, NULL, NULL, NULL, NULL, 0, 'Tablet Salut Gula', NULL, 'TABLET_SALUT', 30, 4, 1, 0, 'Z', '2026-01-15 02:25:39', '2026-01-15 02:25:39'),
(8, '109B', 'Bundavin Dus 100\'s', 'ETHICAL', 1100, NULL, NULL, NULL, NULL, NULL, NULL, NULL, 0, 'Tablet Salut Gula', NULL, 'TABLET_SALUT', 30, 4, 1, 0, 'Z', '2026-01-15 02:25:39', '2026-01-15 02:25:39'),
(9, '112', 'Samcalvit tab', 'ETHICAL', 1000, NULL, NULL, NULL, NULL, NULL, NULL, NULL, 0, 'Tablet Non Salut', NULL, 'TABLET_NON_SALUT', 30, 4, 1, 0, 'Z', '2026-01-15 02:25:39', '2026-01-15 02:25:39'),
(10, '113', 'Samquinor', 'ETHICAL', 1200, 100, 100, 12, 12, 21, 22, 1212, 0, 'Tablet Film Coating', 'Dus', 'TABLET_SALUT', 30, 4, 1, 1, 'Z', '2026-01-15 02:25:39', '2026-02-04 08:06:56'),
(11, '114', 'Phenzacol', 'ETHICAL', 1000, NULL, NULL, NULL, NULL, NULL, NULL, NULL, 0, 'Tablet Non Salut', NULL, 'TABLET_NON_SALUT', 30, 4, 1, 0, 'Z', '2026-01-15 02:25:39', '2026-01-15 02:25:39'),
(12, '115A', 'Samcovask 5 mg 100s', 'ETHICAL', 2500, NULL, NULL, NULL, NULL, NULL, NULL, NULL, 0, 'Tablet Non Salut', NULL, 'TABLET_NON_SALUT', 30, 4, 1, 0, 'Z', '2026-01-15 02:25:39', '2026-01-15 02:25:39'),
(13, '117', 'Samcofenac 50', 'ETHICAL', 2500, NULL, NULL, NULL, NULL, NULL, NULL, NULL, 0, 'Tablet Film Coating', NULL, 'TABLET_SALUT', 30, 4, 1, 0, 'Z', '2026-01-15 02:25:39', '2026-01-15 02:25:39'),
(14, '118', 'Diclofenac Sodium', 'ETHICAL', 2500, NULL, NULL, NULL, NULL, NULL, NULL, NULL, 0, 'Tablet Film Coating', NULL, 'TABLET_SALUT', 30, 4, 1, 0, 'Z', '2026-01-15 02:25:39', '2026-01-15 02:25:39'),
(15, '119A', 'Samcovask 10 mg 100s', 'ETHICAL', 2500, NULL, NULL, NULL, NULL, NULL, NULL, NULL, 0, 'Tablet Non Salut', NULL, 'TABLET_NON_SALUT', 30, 4, 1, 0, 'Z', '2026-01-15 02:25:39', '2026-01-15 02:25:39'),
(16, '12', 'Mastatin 10', 'ETHICAL', 2500, NULL, NULL, NULL, NULL, NULL, NULL, NULL, 0, 'Tablet Non Salut', NULL, 'TABLET_NON_SALUT', 30, 4, 1, 0, 'Z', '2026-01-15 02:25:39', '2026-01-15 02:25:39'),
(17, '122', 'Toxaprim Suspensi 50ml', 'ETHICAL', 1200, NULL, NULL, NULL, NULL, NULL, NULL, NULL, 0, 'Dry Syrup', NULL, 'DRY_SYRUP', 25, 4, 1, 0, 'Z', '2026-01-15 02:25:39', '2026-01-15 02:25:39'),
(18, '128', 'Amoxicillin Tryhidrate', 'ETHICAL', 2000, NULL, NULL, NULL, NULL, NULL, NULL, NULL, 0, 'Tablet Non Salut', NULL, 'TABLET_NON_SALUT', 30, 4, 1, 0, 'Z', '2026-01-15 02:25:39', '2026-01-15 02:25:39'),
(19, '15', 'Corizine 10 mg', 'ETHICAL', 1000, NULL, NULL, NULL, NULL, NULL, NULL, NULL, 0, 'Tablet Film Coating', NULL, 'TABLET_SALUT', 30, 4, 1, 0, 'Z', '2026-01-15 02:25:39', '2026-01-15 02:25:39'),
(20, '20', 'Coric 300', 'ETHICAL', 3000, NULL, NULL, NULL, NULL, NULL, NULL, NULL, 0, 'Tablet Non Salut', NULL, 'TABLET_NON_SALUT', 30, 4, 1, 0, 'Z', '2026-01-15 02:25:39', '2026-01-15 02:25:39'),
(21, '22', 'Samcohistin', 'ETHICAL', 2500, NULL, NULL, NULL, NULL, NULL, NULL, NULL, 0, 'Tablet Non Salut', NULL, 'TABLET_NON_SALUT', 30, 4, 1, 0, 'Z', '2026-01-15 02:25:39', '2026-01-15 02:25:39'),
(22, '24', 'Mastatin 20', 'ETHICAL', 2500, NULL, NULL, NULL, NULL, NULL, NULL, NULL, 0, 'Tablet Non Salut', NULL, 'TABLET_NON_SALUT', 30, 4, 1, 0, 'Z', '2026-01-15 02:25:39', '2026-01-15 02:25:39'),
(23, '27', 'Samcoxol Tab', 'ETHICAL', 2500, NULL, NULL, NULL, NULL, NULL, NULL, NULL, 0, 'Tablet Non Salut', NULL, 'TABLET_NON_SALUT', 30, 4, 1, 0, 'Z', '2026-01-15 02:25:39', '2026-01-15 02:25:39'),
(24, '30', 'Samtaflam 50', 'ETHICAL', 2500, NULL, NULL, NULL, NULL, NULL, NULL, NULL, 0, 'Tablet Film Coating', NULL, 'TABLET_SALUT', 30, 4, 1, 0, 'Z', '2026-01-15 02:25:39', '2026-01-15 02:25:39'),
(25, '33', 'Samcodexon', 'ETHICAL', 2500, NULL, NULL, NULL, NULL, NULL, NULL, NULL, 0, 'Tablet Non Salut', NULL, 'TABLET_NON_SALUT', 30, 4, 1, 0, 'Z', '2026-01-15 02:25:39', '2026-01-15 02:25:39'),
(26, '41', 'Samcopan Plus', 'ETHICAL', 1000, NULL, NULL, NULL, NULL, NULL, NULL, NULL, 0, 'Tablet Non Salut', NULL, 'TABLET_NON_SALUT', 30, 4, 1, 0, 'Z', '2026-01-15 02:25:39', '2026-01-15 02:25:39'),
(27, '46', 'Ciprofloxacin HCL', 'ETHICAL', 1200, NULL, NULL, NULL, NULL, NULL, NULL, NULL, 0, 'Tablet Film Coating', NULL, 'TABLET_SALUT', 30, 4, 1, 0, 'Z', '2026-01-15 02:25:39', '2026-01-15 02:25:39'),
(28, '5', 'Coric 100', 'ETHICAL', 1500, NULL, NULL, NULL, NULL, NULL, NULL, NULL, 0, 'Tablet Non Salut', NULL, 'TABLET_NON_SALUT', 30, 4, 1, 0, 'Z', '2026-01-15 02:25:39', '2026-01-15 02:25:39'),
(29, '51', 'AMLODIPINE 5MG', 'ETHICAL', 2500, NULL, NULL, NULL, NULL, NULL, NULL, NULL, 0, 'Tablet Non Salut', NULL, 'TABLET_NON_SALUT', 30, 4, 1, 0, 'Z', '2026-01-15 02:25:39', '2026-01-15 02:25:39'),
(30, '52', 'AMLODIPINE 10MG', 'ETHICAL', 2500, NULL, NULL, NULL, NULL, NULL, NULL, NULL, 0, 'Tablet Non Salut', NULL, 'TABLET_NON_SALUT', 30, 4, 1, 0, 'Z', '2026-01-15 02:25:39', '2026-01-15 02:25:39'),
(31, '6', 'Folic 400', 'ETHICAL', 2500, NULL, NULL, NULL, NULL, NULL, NULL, NULL, 0, 'Tablet Non Salut', NULL, 'TABLET_NON_SALUT', 30, 4, 1, 0, 'Z', '2026-01-15 02:25:39', '2026-01-15 02:25:39'),
(32, '64', 'Samfetra 500mg', 'ETHICAL', 2500, NULL, NULL, NULL, NULL, NULL, NULL, NULL, 0, 'Tablet Film Coating', NULL, 'TABLET_SALUT', 30, 4, 1, 0, 'Z', '2026-01-15 02:25:39', '2026-01-15 02:25:39'),
(33, '65', 'Horvita G 100s', 'ETHICAL', 1100, NULL, NULL, NULL, NULL, NULL, NULL, NULL, 0, 'Tablet Film Coating', NULL, 'TABLET_SALUT', 30, 4, 1, 0, 'Z', '2026-01-15 02:25:39', '2026-01-15 02:25:39'),
(34, '71', 'Samoxin Dry Syr', 'ETHICAL', 5000, NULL, NULL, NULL, NULL, NULL, NULL, NULL, 0, 'Dry Syrup', NULL, 'DRY_SYRUP', 25, 4, 1, 0, 'Z', '2026-01-15 02:25:39', '2026-01-15 02:25:39'),
(35, '78', 'SAMTACID TABLET', 'ETHICAL', 1000, NULL, NULL, NULL, NULL, NULL, NULL, NULL, 0, 'Tablet Non Salut', NULL, 'TABLET_NON_SALUT', 30, 4, 1, 0, 'Z', '2026-01-15 02:25:39', '2026-01-15 02:25:39'),
(36, '86', 'Diaramid', 'ETHICAL', 3000, NULL, NULL, NULL, NULL, NULL, NULL, NULL, 0, 'Tablet Film Coating', NULL, 'TABLET_SALUT', 30, 4, 1, 0, 'Z', '2026-01-15 02:25:39', '2026-01-15 02:25:39'),
(37, '89', 'SAMMOXIN DS', 'ETHICAL', 1200, NULL, NULL, NULL, NULL, NULL, NULL, NULL, 0, 'Tablet Non Salut', NULL, 'TABLET_NON_SALUT', 30, 4, 1, 0, 'Z', '2026-01-15 02:25:39', '2026-01-15 02:25:39'),
(38, '90', 'COSTAN FK', 'ETHICAL', 1000, NULL, NULL, NULL, NULL, NULL, NULL, NULL, 0, 'Tablet Film Coating', NULL, 'TABLET_SALUT', 30, 4, 1, 0, 'Z', '2026-01-15 02:25:39', '2026-01-15 02:25:39'),
(39, '97', 'Samconal Syr', 'ETHICAL', 1100, NULL, NULL, NULL, NULL, NULL, NULL, NULL, 0, 'Tablet Non Salut', NULL, 'TABLET_NON_SALUT', 30, 4, 1, 0, 'Z', '2026-01-15 02:25:39', '2026-01-15 02:25:39'),
(40, '98', 'SAMCONAL FORTE', 'ETHICAL', 1100, NULL, NULL, NULL, NULL, NULL, NULL, NULL, 0, 'Tablet Non Salut', NULL, 'TABLET_NON_SALUT', 30, 4, 1, 0, 'Z', '2026-01-15 02:25:39', '2026-01-15 02:25:39'),
(41, '14', 'Samcorbex Strip', 'OTC', 1000, NULL, NULL, NULL, NULL, NULL, NULL, NULL, 0, 'Tablet Film Coating', NULL, 'TABLET_SALUT', 30, 4, 1, 0, 'Z', '2026-01-15 02:25:39', '2026-01-15 02:25:39'),
(42, '18A', 'Betamin 2000s', 'OTC', 105, NULL, NULL, NULL, NULL, NULL, NULL, NULL, 0, 'Tablet Salut Gula', NULL, 'TABLET_SALUT', 30, 4, 1, 0, 'Z', '2026-01-15 02:25:39', '2026-01-15 02:25:39'),
(43, '18B', 'Betamin 100s', 'OTC', 2100, NULL, NULL, NULL, NULL, NULL, NULL, NULL, 0, 'Tablet Salut Gula', NULL, 'TABLET_SALUT', 30, 4, 1, 0, 'Z', '2026-01-15 02:25:39', '2026-01-15 02:25:39'),
(44, '29', 'Evitan 60s', 'OTC', 1666, NULL, NULL, NULL, NULL, NULL, NULL, NULL, 0, 'Tablet Salut Gula', NULL, 'TABLET_SALUT', 30, 4, 1, 0, 'Z', '2026-01-15 02:25:39', '2026-01-15 02:25:39'),
(45, '49A', 'CLO 50', 'OTC', 10000, NULL, NULL, NULL, NULL, NULL, NULL, NULL, 0, 'CLO', 'Btl', 'CLO', 210, 4, 1, 0, 'Z', '2026-01-15 02:25:39', '2026-01-29 03:05:42'),
(46, '47', 'CLO 100', 'OTC', 12000, NULL, NULL, NULL, NULL, NULL, NULL, NULL, 0, 'CLO', NULL, 'CLO', 210, 4, 1, 0, 'Z', '2026-01-15 02:25:39', '2026-01-15 02:25:39'),
(47, '57B', 'Samcermin 1500s', 'OTC', 1333, NULL, NULL, NULL, NULL, NULL, NULL, NULL, 0, 'Tablet Salut Gula', NULL, 'TABLET_SALUT', 30, 4, 1, 0, 'Z', '2026-01-15 02:25:39', '2026-01-15 02:25:39'),
(48, '57C', 'VIT BC+B12 BOTOL', 'OTC', 1500, NULL, NULL, NULL, NULL, NULL, NULL, NULL, 0, 'Tablet Salut Gula', NULL, 'TABLET_SALUT', 30, 4, 1, 0, 'Z', '2026-01-15 02:25:39', '2026-01-15 02:25:39'),
(49, '59B', 'Vit BC+B12 1500s', 'OTC', 1200, NULL, NULL, NULL, NULL, NULL, NULL, NULL, 0, 'Tablet Salut Gula', NULL, 'TABLET_SALUT', 30, 4, 1, 0, 'Z', '2026-01-15 02:25:39', '2026-01-15 02:25:39'),
(50, '59C', 'Vit BC+B12 120 Kg', 'OTC', 600, NULL, NULL, NULL, NULL, NULL, NULL, NULL, 0, 'Tablet Salut Gula', NULL, 'TABLET_SALUT', 30, 4, 1, 0, 'Z', '2026-01-15 02:25:39', '2026-01-15 02:25:39'),
(51, '59D', 'Vit BC+B12 Strip', 'OTC', 1500, NULL, NULL, NULL, NULL, NULL, NULL, NULL, 0, 'Tablet Salut Gula', NULL, 'TABLET_SALUT', 30, 4, 1, 0, 'Z', '2026-01-15 02:25:39', '2026-01-15 02:25:39'),
(52, '130', 'SAMCONAL', 'ETHICAL', 2000, NULL, NULL, NULL, NULL, NULL, NULL, NULL, 0, 'Tablet Non Salut', NULL, 'TABLET_NON_SALUT', 30, 4, 1, 0, 'Z', '2026-01-15 02:25:39', '2026-01-15 02:25:39'),
(53, '131', 'SAMMOXIN FK', 'ETHICAL', 2000, NULL, NULL, NULL, NULL, NULL, NULL, NULL, 0, 'Tablet Non Salut', NULL, 'TABLET_NON_SALUT', 30, 4, 1, 0, 'Z', '2026-01-15 02:25:39', '2026-01-15 02:25:39'),
(54, '120', 'DOMESTRIUM TABLET', 'ETHICAL', 2000, NULL, NULL, NULL, NULL, NULL, NULL, NULL, 0, 'Tablet Film Coating', NULL, 'TABLET_SALUT', 30, 4, 1, 0, 'Z', '2026-01-15 02:25:39', '2026-01-15 02:25:39'),
(55, '133', 'VIT BC+B12 BOTOL', 'OTC', 2000, NULL, NULL, NULL, NULL, NULL, NULL, NULL, 0, 'Tablet Salut Gula', NULL, 'TABLET_SALUT', 30, 4, 1, 0, 'Z', '2026-01-15 02:25:39', '2026-01-15 02:25:39'),
(56, '134', 'Samcefad 500', 'ETHICAL', 2000, NULL, NULL, NULL, NULL, NULL, NULL, NULL, 0, 'Kapsul', NULL, 'KAPSUL', 30, 4, 1, 0, 'Z', '2026-01-15 02:25:39', '2026-01-15 02:25:39'),
(57, '16', 'OBAT GIGI BKT', 'TRADISIONAL', 100000, NULL, NULL, NULL, NULL, NULL, NULL, NULL, 0, 'Obat Luar', NULL, 'CAIRAN_LUAR', 30, 4, 1, 0, 'Z', '2026-01-15 02:25:39', '2026-01-15 02:25:39'),
(58, '48', 'Obat Gosok Bunga Merah', 'TRADISIONAL', 4875, NULL, NULL, NULL, NULL, NULL, NULL, NULL, 0, 'Obat Luar', NULL, 'CAIRAN_LUAR', 30, 4, 1, 0, 'Z', '2026-01-15 02:25:39', '2026-01-15 02:25:39');

-- --------------------------------------------------------

--
-- Table structure for table `produksi_batches`
--

CREATE TABLE `produksi_batches` (
  `id` bigint(20) UNSIGNED NOT NULL,
  `produksi_id` bigint(20) UNSIGNED DEFAULT NULL,
  `nama_produk` varchar(255) NOT NULL,
  `no_batch` varchar(255) DEFAULT NULL,
  `kode_batch` varchar(255) DEFAULT NULL,
  `batch_ke` int(10) UNSIGNED NOT NULL DEFAULT 1,
  `bulan` tinyint(3) UNSIGNED DEFAULT NULL,
  `tahun` smallint(5) UNSIGNED DEFAULT NULL,
  `tipe_alur` varchar(50) DEFAULT NULL,
  `wo_date` date DEFAULT NULL,
  `expected_date` date DEFAULT NULL,
  `tgl_mulai_weighing` date DEFAULT NULL,
  `tgl_weighing` date DEFAULT NULL,
  `status_weighing` enum('START','PAUSED','HOLD','DONE') DEFAULT 'START',
  `tgl_mulai_mixing` datetime DEFAULT NULL,
  `tgl_mixing` datetime DEFAULT NULL,
  `status_mixing` enum('START','PAUSED','HOLD','DONE') DEFAULT 'START',
  `mixing_rekon_qty` int(10) UNSIGNED DEFAULT NULL,
  `mixing_rekon_note` varchar(500) DEFAULT NULL,
  `mixing_rekon_at` timestamp NULL DEFAULT NULL,
  `mixing_rekon_by` bigint(20) UNSIGNED DEFAULT NULL,
  `tgl_mulai_capsule_filling` datetime DEFAULT NULL,
  `tgl_capsule_filling` datetime DEFAULT NULL,
  `status_capsule_filling` enum('START','PAUSED','HOLD','DONE') DEFAULT 'START',
  `capsule_filling_rekon_qty` int(10) UNSIGNED DEFAULT NULL,
  `capsule_filling_rekon_note` varchar(500) DEFAULT NULL,
  `capsule_filling_rekon_at` timestamp NULL DEFAULT NULL,
  `capsule_filling_rekon_by` bigint(20) UNSIGNED DEFAULT NULL,
  `tgl_mulai_tableting` datetime DEFAULT NULL,
  `tgl_tableting` datetime DEFAULT NULL,
  `status_tableting` enum('START','PAUSED','HOLD','DONE') DEFAULT 'START',
  `tableting_rekon_qty` int(10) UNSIGNED DEFAULT NULL,
  `tableting_rekon_note` varchar(500) DEFAULT NULL,
  `tableting_rekon_at` timestamp NULL DEFAULT NULL,
  `tableting_rekon_by` bigint(20) UNSIGNED DEFAULT NULL,
  `tgl_mulai_coating` datetime DEFAULT NULL,
  `tgl_coating` datetime DEFAULT NULL,
  `status_coating` enum('START','PAUSED','HOLD','DONE') DEFAULT 'START',
  `coating_rekon_qty` int(10) UNSIGNED DEFAULT NULL,
  `coating_rekon_note` varchar(500) DEFAULT NULL,
  `coating_rekon_at` timestamp NULL DEFAULT NULL,
  `coating_rekon_by` bigint(20) UNSIGNED DEFAULT NULL,
  `tgl_mulai_coating_inti` datetime DEFAULT NULL,
  `tgl_coating_inti` datetime DEFAULT NULL,
  `tgl_mulai_coating_dasar` datetime DEFAULT NULL,
  `tgl_coating_dasar` datetime DEFAULT NULL,
  `tgl_mulai_coating_warna` datetime DEFAULT NULL,
  `tgl_coating_warna` datetime DEFAULT NULL,
  `tgl_mulai_coating_polishing` datetime DEFAULT NULL,
  `tgl_coating_polishing` datetime DEFAULT NULL,
  `tgl_mulai_primary_pack` datetime DEFAULT NULL,
  `tgl_primary_pack` datetime DEFAULT NULL,
  `status_primary` enum('START','PAUSED','HOLD','DONE') DEFAULT 'START',
  `primary_pack_rekon_qty` int(10) UNSIGNED DEFAULT NULL,
  `primary_pack_rekon_note` varchar(500) DEFAULT NULL,
  `primary_pack_rekon_at` timestamp NULL DEFAULT NULL,
  `primary_pack_rekon_by` bigint(20) UNSIGNED DEFAULT NULL,
  `tgl_mulai_secondary_pack_1` datetime DEFAULT NULL,
  `tgl_secondary_pack_1` datetime DEFAULT NULL,
  `status_secondary1` enum('START','PAUSED','HOLD','DONE') DEFAULT 'START',
  `secondary_pack_1_rekon_qty` int(10) UNSIGNED DEFAULT NULL,
  `secondary_pack_1_rekon_note` varchar(500) DEFAULT NULL,
  `secondary_pack_1_rekon_at` timestamp NULL DEFAULT NULL,
  `secondary_pack_1_rekon_by` bigint(20) UNSIGNED DEFAULT NULL,
  `tgl_mulai_secondary_pack_2` datetime DEFAULT NULL,
  `tgl_secondary_pack_2` datetime DEFAULT NULL,
  `status_secondary2` enum('START','PAUSED','HOLD','DONE') DEFAULT 'START',
  `secondary_pack_2_rekon_qty` int(10) UNSIGNED DEFAULT NULL,
  `secondary_pack_2_rekon_note` varchar(500) DEFAULT NULL,
  `secondary_pack_2_rekon_at` timestamp NULL DEFAULT NULL,
  `secondary_pack_2_rekon_by` bigint(20) UNSIGNED DEFAULT NULL,
  `tgl_datang_granul` date DEFAULT NULL,
  `tgl_analisa_granul` date DEFAULT NULL,
  `tgl_selesai_analisa_granul` date DEFAULT NULL,
  `tgl_rilis_granul` date DEFAULT NULL,
  `granul_exp_date` date DEFAULT NULL,
  `granul_berat` decimal(10,3) DEFAULT NULL,
  `granul_no_wadah` varchar(100) DEFAULT NULL,
  `granul_sign_code` varchar(191) DEFAULT NULL,
  `granul_signed_at` datetime DEFAULT NULL,
  `granul_signed_by` varchar(255) DEFAULT NULL,
  `granul_signed_level` varchar(255) DEFAULT NULL,
  `granul_signed_user_id` bigint(20) UNSIGNED DEFAULT NULL,
  `tgl_datang_tablet` date DEFAULT NULL,
  `tgl_analisa_tablet` date DEFAULT NULL,
  `tgl_selesai_analisa_tablet` date DEFAULT NULL,
  `tgl_rilis_tablet` date DEFAULT NULL,
  `tablet_exp_date` date DEFAULT NULL,
  `tablet_berat` decimal(12,3) DEFAULT NULL,
  `tablet_no_wadah` varchar(100) DEFAULT NULL,
  `tablet_sign_code` varchar(255) DEFAULT NULL,
  `tablet_signed_at` timestamp NULL DEFAULT NULL,
  `tablet_signed_by` varchar(255) DEFAULT NULL,
  `tablet_signed_level` varchar(255) DEFAULT NULL,
  `tablet_signed_user_id` bigint(20) UNSIGNED DEFAULT NULL,
  `tgl_datang_ruahan` date DEFAULT NULL,
  `tgl_analisa_ruahan` date DEFAULT NULL,
  `tgl_selesai_analisa_ruahan` date DEFAULT NULL,
  `tgl_rilis_ruahan` date DEFAULT NULL,
  `ruahan_exp_date` date DEFAULT NULL,
  `ruahan_berat` decimal(12,3) DEFAULT NULL,
  `ruahan_no_wadah` varchar(100) DEFAULT NULL,
  `ruahan_sign_code` varchar(255) DEFAULT NULL,
  `ruahan_signed_at` timestamp NULL DEFAULT NULL,
  `ruahan_signed_by` varchar(255) DEFAULT NULL,
  `ruahan_signed_level` varchar(255) DEFAULT NULL,
  `ruahan_signed_user_id` bigint(20) UNSIGNED DEFAULT NULL,
  `tgl_datang_ruahan_akhir` date DEFAULT NULL,
  `tgl_analisa_ruahan_akhir` date DEFAULT NULL,
  `tgl_selesai_analisa_ruahan_akhir` date DEFAULT NULL,
  `tgl_rilis_ruahan_akhir` date DEFAULT NULL,
  `ruahan_akhir_exp_date` date DEFAULT NULL,
  `ruahan_akhir_berat` decimal(12,3) DEFAULT NULL,
  `ruahan_akhir_no_wadah` varchar(100) DEFAULT NULL,
  `ruahan_akhir_sign_code` varchar(191) DEFAULT NULL,
  `ruahan_akhir_signed_at` datetime DEFAULT NULL,
  `ruahan_akhir_signed_by` bigint(20) UNSIGNED DEFAULT NULL,
  `ruahan_akhir_signed_level` varchar(50) DEFAULT NULL,
  `ruahan_akhir_signed_user_id` bigint(20) UNSIGNED DEFAULT NULL,
  `qty_batch` int(10) UNSIGNED DEFAULT NULL,
  `status_qty_batch` varchar(20) DEFAULT NULL,
  `tgl_konfirmasi_produksi` date DEFAULT NULL,
  `tgl_terima_jobsheet` date DEFAULT NULL,
  `status_jobsheet` varchar(20) DEFAULT NULL,
  `catatan_jobsheet` text DEFAULT NULL,
  `tgl_sampling` date DEFAULT NULL,
  `status_sampling` enum('pending','accepted','rejected','confirmed') DEFAULT 'pending',
  `catatan_sampling` text DEFAULT NULL,
  `tgl_qc_kirim_coa` date DEFAULT NULL,
  `tgl_qa_terima_coa` date DEFAULT NULL,
  `status_coa` varchar(20) DEFAULT NULL,
  `catatan_coa` text DEFAULT NULL,
  `status_review` varchar(20) DEFAULT NULL,
  `goj_returned` tinyint(1) NOT NULL DEFAULT 0,
  `goj_return_note` varchar(255) DEFAULT NULL,
  `goj_returned_at` timestamp NULL DEFAULT NULL,
  `tgl_review` date DEFAULT NULL,
  `catatan_review` text DEFAULT NULL,
  `hari_kerja` int(10) UNSIGNED DEFAULT NULL,
  `status_proses` varchar(50) DEFAULT NULL,
  `is_paused` tinyint(1) NOT NULL DEFAULT 0,
  `paused_stage` varchar(50) DEFAULT NULL,
  `paused_reason` text DEFAULT NULL,
  `paused_note` text DEFAULT NULL,
  `paused_prev_status` varchar(50) DEFAULT NULL,
  `paused_at` datetime DEFAULT NULL,
  `paused_by` bigint(20) UNSIGNED DEFAULT NULL,
  `is_holding` tinyint(1) NOT NULL DEFAULT 0,
  `holding_stage` varchar(50) DEFAULT NULL,
  `holding_return_to` varchar(50) DEFAULT NULL,
  `holding_reason` varchar(191) DEFAULT NULL,
  `holding_note` text DEFAULT NULL,
  `holding_prev_status` varchar(50) DEFAULT NULL,
  `holding_at` timestamp NULL DEFAULT NULL,
  `holding_by` bigint(20) UNSIGNED DEFAULT NULL,
  `created_at` timestamp NULL DEFAULT NULL,
  `updated_at` timestamp NULL DEFAULT NULL,
  `granul_sign_url` text DEFAULT NULL,
  `tablet_sign_url` text DEFAULT NULL,
  `ruahan_sign_url` text DEFAULT NULL,
  `ruahan_akhir_sign_url` text DEFAULT NULL,
  `secondary_pack_rekon_qty` int(10) UNSIGNED DEFAULT NULL,
  `secondary_pack_rekon_note` varchar(500) DEFAULT NULL,
  `secondary_pack_rekon_at` timestamp NULL DEFAULT NULL,
  `secondary_pack_rekon_by` bigint(20) UNSIGNED DEFAULT NULL,
  `batch_status` enum('START','PAUSED','HOLD','DONE') DEFAULT 'START'
) ENGINE=InnoDB DEFAULT CHARSET=utf8mb4 COLLATE=utf8mb4_unicode_ci;

--
-- Dumping data for table `produksi_batches`
--

INSERT INTO `produksi_batches` (`id`, `produksi_id`, `nama_produk`, `no_batch`, `kode_batch`, `batch_ke`, `bulan`, `tahun`, `tipe_alur`, `wo_date`, `expected_date`, `tgl_mulai_weighing`, `tgl_weighing`, `status_weighing`, `tgl_mulai_mixing`, `tgl_mixing`, `status_mixing`, `mixing_rekon_qty`, `mixing_rekon_note`, `mixing_rekon_at`, `mixing_rekon_by`, `tgl_mulai_capsule_filling`, `tgl_capsule_filling`, `status_capsule_filling`, `capsule_filling_rekon_qty`, `capsule_filling_rekon_note`, `capsule_filling_rekon_at`, `capsule_filling_rekon_by`, `tgl_mulai_tableting`, `tgl_tableting`, `status_tableting`, `tableting_rekon_qty`, `tableting_rekon_note`, `tableting_rekon_at`, `tableting_rekon_by`, `tgl_mulai_coating`, `tgl_coating`, `status_coating`, `coating_rekon_qty`, `coating_rekon_note`, `coating_rekon_at`, `coating_rekon_by`, `tgl_mulai_coating_inti`, `tgl_coating_inti`, `tgl_mulai_coating_dasar`, `tgl_coating_dasar`, `tgl_mulai_coating_warna`, `tgl_coating_warna`, `tgl_mulai_coating_polishing`, `tgl_coating_polishing`, `tgl_mulai_primary_pack`, `tgl_primary_pack`, `status_primary`, `primary_pack_rekon_qty`, `primary_pack_rekon_note`, `primary_pack_rekon_at`, `primary_pack_rekon_by`, `tgl_mulai_secondary_pack_1`, `tgl_secondary_pack_1`, `status_secondary1`, `secondary_pack_1_rekon_qty`, `secondary_pack_1_rekon_note`, `secondary_pack_1_rekon_at`, `secondary_pack_1_rekon_by`, `tgl_mulai_secondary_pack_2`, `tgl_secondary_pack_2`, `status_secondary2`, `secondary_pack_2_rekon_qty`, `secondary_pack_2_rekon_note`, `secondary_pack_2_rekon_at`, `secondary_pack_2_rekon_by`, `tgl_datang_granul`, `tgl_analisa_granul`, `tgl_selesai_analisa_granul`, `tgl_rilis_granul`, `granul_exp_date`, `granul_berat`, `granul_no_wadah`, `granul_sign_code`, `granul_signed_at`, `granul_signed_by`, `granul_signed_level`, `granul_signed_user_id`, `tgl_datang_tablet`, `tgl_analisa_tablet`, `tgl_selesai_analisa_tablet`, `tgl_rilis_tablet`, `tablet_exp_date`, `tablet_berat`, `tablet_no_wadah`, `tablet_sign_code`, `tablet_signed_at`, `tablet_signed_by`, `tablet_signed_level`, `tablet_signed_user_id`, `tgl_datang_ruahan`, `tgl_analisa_ruahan`, `tgl_selesai_analisa_ruahan`, `tgl_rilis_ruahan`, `ruahan_exp_date`, `ruahan_berat`, `ruahan_no_wadah`, `ruahan_sign_code`, `ruahan_signed_at`, `ruahan_signed_by`, `ruahan_signed_level`, `ruahan_signed_user_id`, `tgl_datang_ruahan_akhir`, `tgl_analisa_ruahan_akhir`, `tgl_selesai_analisa_ruahan_akhir`, `tgl_rilis_ruahan_akhir`, `ruahan_akhir_exp_date`, `ruahan_akhir_berat`, `ruahan_akhir_no_wadah`, `ruahan_akhir_sign_code`, `ruahan_akhir_signed_at`, `ruahan_akhir_signed_by`, `ruahan_akhir_signed_level`, `ruahan_akhir_signed_user_id`, `qty_batch`, `status_qty_batch`, `tgl_konfirmasi_produksi`, `tgl_terima_jobsheet`, `status_jobsheet`, `catatan_jobsheet`, `tgl_sampling`, `status_sampling`, `catatan_sampling`, `tgl_qc_kirim_coa`, `tgl_qa_terima_coa`, `status_coa`, `catatan_coa`, `status_review`, `goj_returned`, `goj_return_note`, `goj_returned_at`, `tgl_review`, `catatan_review`, `hari_kerja`, `status_proses`, `is_paused`, `paused_stage`, `paused_reason`, `paused_note`, `paused_prev_status`, `paused_at`, `paused_by`, `is_holding`, `holding_stage`, `holding_return_to`, `holding_reason`, `holding_note`, `holding_prev_status`, `holding_at`, `holding_by`, `created_at`, `updated_at`, `granul_sign_url`, `tablet_sign_url`, `ruahan_sign_url`, `ruahan_akhir_sign_url`, `secondary_pack_rekon_qty`, `secondary_pack_rekon_note`, `secondary_pack_rekon_at`, `secondary_pack_rekon_by`, `batch_status`) VALUES
(1804, 2, 'Samrox -20', '100.01 FA- 26/CP/I/1', '100.01 FA', 1, 2, 2026, 'KAPSUL', '2026-02-10', '2026-02-10', NULL, '2026-02-10', 'START', '2026-02-10 11:23:10', '2026-02-11 08:15:29', 'START', 90, NULL, '2026-02-11 01:15:29', 9, '2026-02-11 08:17:35', NULL, 'START', NULL, NULL, NULL, NULL, NULL, NULL, 'START', NULL, NULL, NULL, NULL, NULL, NULL, 'START', NULL, NULL, NULL, NULL, NULL, NULL, NULL, NULL, NULL, NULL, NULL, NULL, NULL, NULL, 'START', NULL, NULL, NULL, NULL, NULL, NULL, 'START', NULL, NULL, NULL, NULL, NULL, NULL, 'START', NULL, NULL, NULL, NULL, NULL, NULL, NULL, '2026-02-11', NULL, NULL, NULL, NULL, '2026-02-11 08:17:17', 'pak cucuk', 'QC', 8, NULL, NULL, NULL, NULL, NULL, NULL, NULL, NULL, NULL, NULL, NULL, NULL, NULL, NULL, NULL, NULL, NULL, NULL, NULL, NULL, NULL, NULL, NULL, NULL, NULL, NULL, NULL, NULL, NULL, NULL, NULL, NULL, NULL, NULL, NULL, NULL, NULL, NULL, NULL, NULL, NULL, NULL, NULL, 'pending', NULL, NULL, NULL, NULL, NULL, NULL, 0, NULL, NULL, NULL, NULL, NULL, 'CAPSULE_FILLING_MULAI', 0, NULL, NULL, NULL, NULL, NULL, NULL, 0, NULL, NULL, NULL, NULL, NULL, NULL, NULL, '2026-02-10 04:22:55', '2026-02-11 01:17:35', NULL, NULL, NULL, NULL, NULL, NULL, NULL, NULL, 'START'),
(1805, 2, 'Samrox -20', '100.02 FA- 26/CP/I/2', '100.02 FA', 2, 2, 2026, 'KAPSUL', '2026-02-10', '2026-02-10', NULL, '2026-02-10', 'START', '2026-02-10 15:44:57', '2026-02-11 08:15:13', 'START', 90, NULL, '2026-02-11 01:15:13', 9, '2026-02-11 08:17:37', '2026-02-11 08:17:59', 'START', 990, NULL, '2026-02-11 01:17:59', 9, NULL, NULL, 'START', NULL, NULL, NULL, NULL, NULL, NULL, 'START', NULL, NULL, NULL, NULL, NULL, NULL, NULL, NULL, NULL, NULL, NULL, NULL, '2026-02-11 08:19:22', '2026-02-11 08:19:30', 'START', 90, NULL, '2026-02-11 01:19:30', 9, '2026-02-11 08:19:46', '2026-02-11 08:19:52', 'START', NULL, NULL, NULL, NULL, NULL, NULL, 'START', NULL, NULL, NULL, NULL, NULL, NULL, NULL, '2026-02-11', NULL, NULL, NULL, NULL, '2026-02-11 08:17:21', 'pak cucuk', 'QC', 8, NULL, NULL, NULL, NULL, NULL, NULL, NULL, NULL, NULL, NULL, NULL, NULL, NULL, NULL, NULL, '2026-02-11', NULL, NULL, NULL, 'VON45EXHY8E0Y6', '2026-02-11 01:19:10', 'pak cucuk', 'QC', 8, NULL, NULL, NULL, NULL, NULL, NULL, NULL, NULL, NULL, NULL, NULL, NULL, 90, 'confirmed', '2026-02-11', '2026-02-12', 'done', NULL, '2026-02-11', 'confirmed', NULL, '2026-02-12', '2026-02-12', 'confirmed', NULL, 'released', 0, NULL, NULL, '2026-02-11', 'Released oleh QA pada 11-02-2026', NULL, 'SECONDARY_PACK_SELESAI', 0, NULL, NULL, NULL, NULL, NULL, NULL, 0, NULL, NULL, NULL, NULL, NULL, NULL, NULL, '2026-02-10 04:22:55', '2026-02-11 01:39:46', NULL, NULL, 'http://127.0.0.1:8000/sign/qc/ruahan/VON45EXHY8E0Y6?expires=1865467150&signature=1a5df16f33e96bba444155607f7f74d11d402dcceddadb4258bdec7d2ab5cb03', NULL, 90, NULL, '2026-02-11 01:19:52', 9, 'START'),
(1806, 2, 'Samrox -20', '100.03 FA- 26/CP/I/3', '100.03 FA', 3, 2, 2026, 'KAPSUL', '2026-02-10', '2026-02-10', NULL, '2026-02-10', 'START', '2026-02-10 11:23:56', '2026-02-11 08:15:21', 'START', 10, NULL, '2026-02-11 01:15:21', 9, '2026-02-11 08:17:39', '2026-02-11 08:17:45', 'START', 90, NULL, '2026-02-11 01:17:45', 9, NULL, NULL, 'START', NULL, NULL, NULL, NULL, NULL, NULL, 'START', NULL, NULL, NULL, NULL, NULL, NULL, NULL, NULL, NULL, NULL, NULL, NULL, '2026-02-11 14:24:37', '2026-02-11 14:24:48', 'START', 90, NULL, '2026-02-11 07:24:48', 4, '2026-02-11 14:25:00', '2026-02-11 14:25:08', 'START', NULL, NULL, NULL, NULL, NULL, NULL, 'START', NULL, NULL, NULL, NULL, NULL, NULL, NULL, '2026-02-11', NULL, NULL, NULL, NULL, '2026-02-11 08:17:24', 'pak cucuk', 'QC', 8, NULL, NULL, NULL, NULL, NULL, NULL, NULL, NULL, NULL, NULL, NULL, NULL, NULL, NULL, NULL, '2026-02-11', NULL, NULL, NULL, '8QO03BJ5MAHBCK', '2026-02-11 01:19:13', 'pak cucuk', 'QC', 8, NULL, NULL, NULL, NULL, NULL, NULL, NULL, NULL, NULL, NULL, NULL, NULL, 90, 'confirmed', '2026-02-11', '2026-02-12', 'done', NULL, '2026-02-11', 'confirmed', NULL, '2026-02-12', '2026-02-13', 'done', NULL, 'released', 0, NULL, NULL, '2026-02-11', 'Released oleh QA pada 11-02-2026', NULL, 'SECONDARY_PACK_SELESAI', 0, NULL, NULL, NULL, NULL, NULL, NULL, 0, NULL, NULL, NULL, NULL, NULL, NULL, NULL, '2026-02-10 04:22:55', '2026-02-11 07:37:44', NULL, NULL, 'http://127.0.0.1:8000/sign/qc/ruahan/8QO03BJ5MAHBCK?expires=1865467153&signature=3f57c93f6e0f88a9e955e990e9d1594778c4387f9383db6fdc9ec13a12c8ee7f', NULL, 90, NULL, '2026-02-11 07:25:08', 4, 'START'),
(1807, 2, 'Samrox -20', '100.04 FA- 26/CP/I/4', '100.04 FA', 4, 2, 2026, 'KAPSUL', '2026-02-10', '2026-02-10', NULL, '2026-02-10', 'START', '2026-02-11 11:18:46', '2026-02-11 11:19:21', 'START', 50, NULL, '2026-02-11 04:19:21', 1, '2026-02-11 11:20:06', NULL, 'START', NULL, NULL, NULL, NULL, NULL, NULL, 'START', NULL, NULL, NULL, NULL, NULL, NULL, 'START', NULL, NULL, NULL, NULL, NULL, NULL, NULL, NULL, NULL, NULL, NULL, NULL, NULL, NULL, 'START', NULL, NULL, NULL, NULL, NULL, NULL, 'START', NULL, NULL, NULL, NULL, NULL, NULL, 'START', NULL, NULL, NULL, NULL, NULL, NULL, NULL, '2026-02-11', NULL, NULL, NULL, NULL, '2026-02-11 11:19:42', 'admin', 'ADMIN', 1, NULL, NULL, NULL, NULL, NULL, NULL, NULL, NULL, NULL, NULL, NULL, NULL, NULL, NULL, NULL, NULL, NULL, NULL, NULL, NULL, NULL, NULL, NULL, NULL, NULL, NULL, NULL, NULL, NULL, NULL, NULL, NULL, NULL, NULL, NULL, NULL, NULL, NULL, NULL, NULL, NULL, NULL, NULL, 'pending', NULL, NULL, NULL, NULL, NULL, NULL, 0, NULL, NULL, NULL, NULL, NULL, 'CAPSULE_FILLING_MULAI', 0, NULL, NULL, NULL, NULL, NULL, NULL, 0, NULL, NULL, NULL, NULL, NULL, NULL, NULL, '2026-02-10 04:22:55', '2026-02-11 04:20:06', NULL, NULL, NULL, NULL, NULL, NULL, NULL, NULL, 'START'),
(1808, 2, 'Samrox -20', '100.05 FA- 26/CP/I/5', '100.05 FA', 5, 2, 2026, 'KAPSUL', '2026-02-10', '2026-02-10', NULL, '2026-02-10', 'START', '2026-02-11 11:28:30', '2026-02-11 11:29:54', 'START', 90, NULL, '2026-02-11 04:29:54', 1, '2026-02-11 14:22:39', NULL, 'START', NULL, NULL, NULL, NULL, NULL, NULL, 'START', NULL, NULL, NULL, NULL, NULL, NULL, 'START', NULL, NULL, NULL, NULL, NULL, NULL, NULL, NULL, NULL, NULL, NULL, NULL, NULL, NULL, 'START', NULL, NULL, NULL, NULL, NULL, NULL, 'START', NULL, NULL, NULL, NULL, NULL, NULL, 'START', NULL, NULL, NULL, NULL, NULL, NULL, NULL, '2026-02-11', NULL, NULL, NULL, NULL, '2026-02-11 14:20:52', 'Bang Alfin', 'QC', 8, NULL, NULL, NULL, NULL, NULL, NULL, NULL, NULL, NULL, NULL, NULL, NULL, NULL, NULL, NULL, NULL, NULL, NULL, NULL, NULL, NULL, NULL, NULL, NULL, NULL, NULL, NULL, NULL, NULL, NULL, NULL, NULL, NULL, NULL, NULL, NULL, NULL, NULL, NULL, NULL, NULL, NULL, NULL, 'pending', NULL, NULL, NULL, NULL, NULL, NULL, 0, NULL, NULL, NULL, NULL, NULL, 'CAPSULE_FILLING_MULAI', 0, NULL, NULL, NULL, NULL, NULL, NULL, 0, NULL, NULL, NULL, NULL, NULL, NULL, NULL, '2026-02-10 04:22:55', '2026-02-11 07:23:32', NULL, NULL, NULL, NULL, NULL, NULL, NULL, NULL, 'START'),
(1809, 2, 'Samrox -20', '100.06 FA- 26/CP/I/6', '100.06 FA', 6, 2, 2026, 'KAPSUL', '2026-02-10', '2026-02-10', NULL, '2026-02-10', 'START', NULL, NULL, 'START', NULL, NULL, NULL, NULL, NULL, NULL, 'START', NULL, NULL, NULL, NULL, NULL, NULL, 'START', NULL, NULL, NULL, NULL, NULL, NULL, 'START', NULL, NULL, NULL, NULL, NULL, NULL, NULL, NULL, NULL, NULL, NULL, NULL, NULL, NULL, 'START', NULL, NULL, NULL, NULL, NULL, NULL, 'START', NULL, NULL, NULL, NULL, NULL, NULL, 'START', NULL, NULL, NULL, NULL, NULL, NULL, NULL, NULL, NULL, NULL, NULL, NULL, NULL, NULL, NULL, NULL, NULL, NULL, NULL, NULL, NULL, NULL, NULL, NULL, NULL, NULL, NULL, NULL, NULL, NULL, NULL, NULL, NULL, NULL, NULL, NULL, NULL, NULL, NULL, NULL, NULL, NULL, NULL, NULL, NULL, NULL, NULL, NULL, NULL, NULL, NULL, NULL, NULL, NULL, NULL, NULL, NULL, NULL, NULL, 'pending', NULL, NULL, NULL, NULL, NULL, NULL, 0, NULL, NULL, NULL, NULL, NULL, NULL, 0, NULL, NULL, NULL, NULL, NULL, NULL, 0, NULL, NULL, NULL, NULL, NULL, NULL, NULL, '2026-02-10 04:22:55', '2026-02-10 04:22:55', NULL, NULL, NULL, NULL, NULL, NULL, NULL, NULL, 'START'),
(1810, 2, 'Samrox -20', '100.07 FA- 26/CP/I/12', '100.07 FA', 7, 2, 2026, 'KAPSUL', '2026-02-10', '2026-02-10', NULL, '2026-02-10', 'START', '2026-02-11 14:17:00', '2026-02-11 14:19:46', 'START', 100, NULL, '2026-02-11 07:19:46', 4, '2026-02-11 14:22:43', '2026-02-11 14:23:45', 'START', 90, NULL, '2026-02-11 07:23:45', 4, NULL, NULL, 'START', NULL, NULL, NULL, NULL, NULL, NULL, 'START', NULL, NULL, NULL, NULL, NULL, NULL, NULL, NULL, NULL, NULL, NULL, NULL, NULL, NULL, 'START', NULL, NULL, NULL, NULL, NULL, NULL, 'START', NULL, NULL, NULL, NULL, NULL, NULL, 'START', NULL, NULL, NULL, NULL, NULL, NULL, NULL, '2026-02-11', NULL, NULL, NULL, NULL, '2026-02-11 14:22:16', 'Bang Alfin', 'QC', 8, NULL, NULL, NULL, NULL, NULL, NULL, NULL, NULL, NULL, NULL, NULL, NULL, NULL, NULL, NULL, '2026-02-11', NULL, NULL, NULL, 'U9XUW4GYKVTQZR', '2026-02-11 07:24:19', 'Bang Alfin', 'QC', 8, NULL, NULL, NULL, NULL, NULL, NULL, NULL, NULL, NULL, NULL, NULL, NULL, NULL, NULL, NULL, NULL, NULL, NULL, NULL, 'pending', NULL, NULL, NULL, NULL, NULL, NULL, 0, NULL, NULL, NULL, NULL, NULL, 'QC_RUAHAN_RELEASED', 0, NULL, NULL, NULL, NULL, NULL, NULL, 0, 'MIXING', 'MIXING', 'masih rusak', NULL, 'MIXING_START', '2026-02-11 07:19:00', 4, '2026-02-10 04:22:55', '2026-02-11 07:24:19', NULL, NULL, 'http://192.168.1.219:8000/sign/qc/ruahan/U9XUW4GYKVTQZR?expires=1865489059&signature=19755da39e9416c55a82c1d69aff6166154c030831f0a460edb60d2e0f376d7a', NULL, NULL, NULL, NULL, NULL, 'START'),
(1811, 2, 'Samrox -20', '100.08 FA- 26/CP/I/13', '100.08 FA', 8, 2, 2026, 'KAPSUL', '2026-02-10', '2026-02-10', NULL, '2026-02-10', 'START', '2026-02-10 11:23:58', '2026-02-10 11:25:50', 'START', 90, NULL, '2026-02-10 04:25:50', 4, '2026-02-10 11:26:16', '2026-02-10 11:27:05', 'START', 100, NULL, '2026-02-10 04:27:05', 4, NULL, NULL, 'START', NULL, NULL, NULL, NULL, NULL, NULL, 'START', NULL, NULL, NULL, NULL, NULL, NULL, NULL, NULL, NULL, NULL, NULL, NULL, '2026-02-10 11:27:45', '2026-02-10 11:27:55', 'START', 90, NULL, '2026-02-10 04:27:55', 4, '2026-02-10 11:38:15', '2026-02-10 11:38:21', 'START', NULL, NULL, NULL, NULL, NULL, NULL, 'START', NULL, NULL, NULL, NULL, NULL, NULL, NULL, '2026-02-10', NULL, NULL, NULL, NULL, '2026-02-10 11:26:07', 'pak cucuk', 'QC', 8, NULL, NULL, NULL, NULL, NULL, NULL, NULL, NULL, NULL, NULL, NULL, NULL, NULL, NULL, NULL, '2026-02-10', NULL, NULL, NULL, 'WAS3MSJELRFJBV', '2026-02-10 04:27:33', 'pak cucuk', 'QC', 8, NULL, NULL, NULL, NULL, NULL, NULL, NULL, NULL, NULL, NULL, NULL, NULL, 90, 'confirmed', '2026-02-10', '2026-02-12', 'done', NULL, '2026-02-10', 'confirmed', NULL, '2026-02-10', '2026-02-11', 'confirmed', NULL, 'released', 1, 'sss', '2026-02-10 07:57:31', '2026-02-10', 'Released oleh QA pada 10-02-2026', NULL, 'SECONDARY_PACK_SELESAI', 0, NULL, NULL, NULL, NULL, NULL, NULL, 0, NULL, NULL, NULL, NULL, NULL, NULL, NULL, '2026-02-10 04:22:55', '2026-02-10 07:57:31', NULL, NULL, 'http://127.0.0.1:8000/sign/qc/ruahan/WAS3MSJELRFJBV?expires=1865392053&signature=d267a0e24928aeaf77544ccc862a5ce15d515367f6184d193cc0664268ab48ef', NULL, 90, NULL, '2026-02-10 04:38:21', 4, 'START'),
(1812, 2, 'Samrox -20', '100.09 FA- 26/CP/I/14', '100.09 FA', 9, 2, 2026, 'KAPSUL', '2026-02-10', '2026-02-10', NULL, '2026-02-10', 'START', NULL, NULL, 'START', NULL, NULL, NULL, NULL, NULL, NULL, 'START', NULL, NULL, NULL, NULL, NULL, NULL, 'START', NULL, NULL, NULL, NULL, NULL, NULL, 'START', NULL, NULL, NULL, NULL, NULL, NULL, NULL, NULL, NULL, NULL, NULL, NULL, NULL, NULL, 'START', NULL, NULL, NULL, NULL, NULL, NULL, 'START', NULL, NULL, NULL, NULL, NULL, NULL, 'START', NULL, NULL, NULL, NULL, NULL, NULL, NULL, NULL, NULL, NULL, NULL, NULL, NULL, NULL, NULL, NULL, NULL, NULL, NULL, NULL, NULL, NULL, NULL, NULL, NULL, NULL, NULL, NULL, NULL, NULL, NULL, NULL, NULL, NULL, NULL, NULL, NULL, NULL, NULL, NULL, NULL, NULL, NULL, NULL, NULL, NULL, NULL, NULL, NULL, NULL, NULL, NULL, NULL, NULL, NULL, NULL, NULL, NULL, NULL, 'pending', NULL, NULL, NULL, NULL, NULL, NULL, 0, NULL, NULL, NULL, NULL, NULL, NULL, 0, NULL, NULL, NULL, NULL, NULL, NULL, 0, NULL, NULL, NULL, NULL, NULL, NULL, NULL, '2026-02-10 04:22:55', '2026-02-10 04:22:55', NULL, NULL, NULL, NULL, NULL, NULL, NULL, NULL, 'START'),
(1813, 2, 'Samrox -20', '100.10 FA- 26/CP/I/15', '100.10 FA', 10, 2, 2026, 'KAPSUL', '2026-02-10', '2026-02-10', NULL, '2026-02-10', 'START', NULL, NULL, 'START', NULL, NULL, NULL, NULL, NULL, NULL, 'START', NULL, NULL, NULL, NULL, NULL, NULL, 'START', NULL, NULL, NULL, NULL, NULL, NULL, 'START', NULL, NULL, NULL, NULL, NULL, NULL, NULL, NULL, NULL, NULL, NULL, NULL, NULL, NULL, 'START', NULL, NULL, NULL, NULL, NULL, NULL, 'START', NULL, NULL, NULL, NULL, NULL, NULL, 'START', NULL, NULL, NULL, NULL, NULL, NULL, NULL, NULL, NULL, NULL, NULL, NULL, NULL, NULL, NULL, NULL, NULL, NULL, NULL, NULL, NULL, NULL, NULL, NULL, NULL, NULL, NULL, NULL, NULL, NULL, NULL, NULL, NULL, NULL, NULL, NULL, NULL, NULL, NULL, NULL, NULL, NULL, NULL, NULL, NULL, NULL, NULL, NULL, NULL, NULL, NULL, NULL, NULL, NULL, NULL, NULL, NULL, NULL, NULL, 'pending', NULL, NULL, NULL, NULL, NULL, NULL, 0, NULL, NULL, NULL, NULL, NULL, NULL, 0, NULL, NULL, NULL, NULL, NULL, NULL, 0, NULL, NULL, NULL, NULL, NULL, NULL, NULL, '2026-02-10 04:22:55', '2026-02-10 04:22:55', NULL, NULL, NULL, NULL, NULL, NULL, NULL, NULL, 'START'),
(1814, 2, 'Samrox -20', '100.11 FA- 26/CP/I/16', '100.11 FA', 11, 2, 2026, 'KAPSUL', '2026-02-10', '2026-02-10', NULL, '2026-02-10', 'START', NULL, NULL, 'START', NULL, NULL, NULL, NULL, NULL, NULL, 'START', NULL, NULL, NULL, NULL, NULL, NULL, 'START', NULL, NULL, NULL, NULL, NULL, NULL, 'START', NULL, NULL, NULL, NULL, NULL, NULL, NULL, NULL, NULL, NULL, NULL, NULL, NULL, NULL, 'START', NULL, NULL, NULL, NULL, NULL, NULL, 'START', NULL, NULL, NULL, NULL, NULL, NULL, 'START', NULL, NULL, NULL, NULL, NULL, NULL, NULL, NULL, NULL, NULL, NULL, NULL, NULL, NULL, NULL, NULL, NULL, NULL, NULL, NULL, NULL, NULL, NULL, NULL, NULL, NULL, NULL, NULL, NULL, NULL, NULL, NULL, NULL, NULL, NULL, NULL, NULL, NULL, NULL, NULL, NULL, NULL, NULL, NULL, NULL, NULL, NULL, NULL, NULL, NULL, NULL, NULL, NULL, NULL, NULL, NULL, NULL, NULL, NULL, 'pending', NULL, NULL, NULL, NULL, NULL, NULL, 0, NULL, NULL, NULL, NULL, NULL, NULL, 0, NULL, NULL, NULL, NULL, NULL, NULL, 0, NULL, NULL, NULL, NULL, NULL, NULL, NULL, '2026-02-10 04:22:55', '2026-02-10 04:22:55', NULL, NULL, NULL, NULL, NULL, NULL, NULL, NULL, 'START'),
(1815, 2, 'Samrox -20', '100.12 FA- 26/CP/I/17', '100.12 FA', 12, 2, 2026, 'KAPSUL', '2026-02-10', '2026-02-10', NULL, '2026-02-10', 'START', '2026-02-11 14:27:43', NULL, 'START', NULL, NULL, NULL, NULL, NULL, NULL, 'START', NULL, NULL, NULL, NULL, NULL, NULL, 'START', NULL, NULL, NULL, NULL, NULL, NULL, 'START', NULL, NULL, NULL, NULL, NULL, NULL, NULL, NULL, NULL, NULL, NULL, NULL, NULL, NULL, 'START', NULL, NULL, NULL, NULL, NULL, NULL, 'START', NULL, NULL, NULL, NULL, NULL, NULL, 'START', NULL, NULL, NULL, NULL, NULL, NULL, NULL, NULL, NULL, NULL, NULL, NULL, NULL, NULL, NULL, NULL, NULL, NULL, NULL, NULL, NULL, NULL, NULL, NULL, NULL, NULL, NULL, NULL, NULL, NULL, NULL, NULL, NULL, NULL, NULL, NULL, NULL, NULL, NULL, NULL, NULL, NULL, NULL, NULL, NULL, NULL, NULL, NULL, NULL, NULL, NULL, NULL, NULL, NULL, NULL, NULL, NULL, NULL, NULL, 'pending', NULL, NULL, NULL, NULL, NULL, NULL, 0, NULL, NULL, NULL, NULL, NULL, 'MIXING_START', 0, NULL, NULL, NULL, NULL, NULL, NULL, 0, NULL, NULL, NULL, NULL, NULL, NULL, NULL, '2026-02-10 04:22:55', '2026-02-11 07:27:43', NULL, NULL, NULL, NULL, NULL, NULL, NULL, NULL, 'START'),
(1816, 6, 'Samcobion', '108.01 FA- 26/CP/I/7', '108.01 FA', 1, 2, 2026, 'KAPSUL', '2026-02-10', '2026-02-10', NULL, '2026-02-10', 'START', NULL, NULL, 'START', NULL, NULL, NULL, NULL, NULL, NULL, 'START', NULL, NULL, NULL, NULL, NULL, NULL, 'START', NULL, NULL, NULL, NULL, NULL, NULL, 'START', NULL, NULL, NULL, NULL, NULL, NULL, NULL, NULL, NULL, NULL, NULL, NULL, NULL, NULL, 'START', NULL, NULL, NULL, NULL, NULL, NULL, 'START', NULL, NULL, NULL, NULL, NULL, NULL, 'START', NULL, NULL, NULL, NULL, NULL, NULL, NULL, NULL, NULL, NULL, NULL, NULL, NULL, NULL, NULL, NULL, NULL, NULL, NULL, NULL, NULL, NULL, NULL, NULL, NULL, NULL, NULL, NULL, NULL, NULL, NULL, NULL, NULL, NULL, NULL, NULL, NULL, NULL, NULL, NULL, NULL, NULL, NULL, NULL, NULL, NULL, NULL, NULL, NULL, NULL, NULL, NULL, NULL, NULL, NULL, NULL, NULL, NULL, NULL, 'pending', NULL, NULL, NULL, NULL, NULL, NULL, 0, NULL, NULL, NULL, NULL, NULL, NULL, 0, NULL, NULL, NULL, NULL, NULL, NULL, 0, NULL, NULL, NULL, NULL, NULL, NULL, NULL, '2026-02-10 04:22:55', '2026-02-10 04:22:55', NULL, NULL, NULL, NULL, NULL, NULL, NULL, NULL, 'START'),
(1817, 6, 'Samcobion', '108.02 FA- 26/CP/I/8', '108.02 FA', 2, 2, 2026, 'KAPSUL', '2026-02-10', '2026-02-10', NULL, '2026-02-10', 'START', NULL, NULL, 'START', NULL, NULL, NULL, NULL, NULL, NULL, 'START', NULL, NULL, NULL, NULL, NULL, NULL, 'START', NULL, NULL, NULL, NULL, NULL, NULL, 'START', NULL, NULL, NULL, NULL, NULL, NULL, NULL, NULL, NULL, NULL, NULL, NULL, NULL, NULL, 'START', NULL, NULL, NULL, NULL, NULL, NULL, 'START', NULL, NULL, NULL, NULL, NULL, NULL, 'START', NULL, NULL, NULL, NULL, NULL, NULL, NULL, NULL, NULL, NULL, NULL, NULL, NULL, NULL, NULL, NULL, NULL, NULL, NULL, NULL, NULL, NULL, NULL, NULL, NULL, NULL, NULL, NULL, NULL, NULL, NULL, NULL, NULL, NULL, NULL, NULL, NULL, NULL, NULL, NULL, NULL, NULL, NULL, NULL, NULL, NULL, NULL, NULL, NULL, NULL, NULL, NULL, NULL, NULL, NULL, NULL, NULL, NULL, NULL, 'pending', NULL, NULL, NULL, NULL, NULL, NULL, 0, NULL, NULL, NULL, NULL, NULL, NULL, 0, NULL, NULL, NULL, NULL, NULL, NULL, 0, NULL, NULL, NULL, NULL, NULL, NULL, NULL, '2026-02-10 04:22:55', '2026-02-10 04:22:55', NULL, NULL, NULL, NULL, NULL, NULL, NULL, NULL, 'START'),
(1818, 6, 'Samcobion', '108.03 FA- 26/CP/I/9', '108.03 FA', 3, 2, 2026, 'KAPSUL', '2026-02-10', '2026-02-10', NULL, '2026-02-10', 'START', NULL, NULL, 'START', NULL, NULL, NULL, NULL, NULL, NULL, 'START', NULL, NULL, NULL, NULL, NULL, NULL, 'START', NULL, NULL, NULL, NULL, NULL, NULL, 'START', NULL, NULL, NULL, NULL, NULL, NULL, NULL, NULL, NULL, NULL, NULL, NULL, NULL, NULL, 'START', NULL, NULL, NULL, NULL, NULL, NULL, 'START', NULL, NULL, NULL, NULL, NULL, NULL, 'START', NULL, NULL, NULL, NULL, NULL, NULL, NULL, NULL, NULL, NULL, NULL, NULL, NULL, NULL, NULL, NULL, NULL, NULL, NULL, NULL, NULL, NULL, NULL, NULL, NULL, NULL, NULL, NULL, NULL, NULL, NULL, NULL, NULL, NULL, NULL, NULL, NULL, NULL, NULL, NULL, NULL, NULL, NULL, NULL, NULL, NULL, NULL, NULL, NULL, NULL, NULL, NULL, NULL, NULL, NULL, NULL, NULL, NULL, NULL, 'pending', NULL, NULL, NULL, NULL, NULL, NULL, 0, NULL, NULL, NULL, NULL, NULL, NULL, 0, NULL, NULL, NULL, NULL, NULL, NULL, 0, NULL, NULL, NULL, NULL, NULL, NULL, NULL, '2026-02-10 04:22:55', '2026-02-10 04:22:55', NULL, NULL, NULL, NULL, NULL, NULL, NULL, NULL, 'START'),
(1819, 6, 'Samcobion', '108.04 FA- 26/CP/I/10', '108.04 FA', 4, 2, 2026, 'KAPSUL', '2026-02-10', '2026-02-10', NULL, '2026-02-10', 'START', NULL, NULL, 'START', NULL, NULL, NULL, NULL, NULL, NULL, 'START', NULL, NULL, NULL, NULL, NULL, NULL, 'START', NULL, NULL, NULL, NULL, NULL, NULL, 'START', NULL, NULL, NULL, NULL, NULL, NULL, NULL, NULL, NULL, NULL, NULL, NULL, NULL, NULL, 'START', NULL, NULL, NULL, NULL, NULL, NULL, 'START', NULL, NULL, NULL, NULL, NULL, NULL, 'START', NULL, NULL, NULL, NULL, NULL, NULL, NULL, NULL, NULL, NULL, NULL, NULL, NULL, NULL, NULL, NULL, NULL, NULL, NULL, NULL, NULL, NULL, NULL, NULL, NULL, NULL, NULL, NULL, NULL, NULL, NULL, NULL, NULL, NULL, NULL, NULL, NULL, NULL, NULL, NULL, NULL, NULL, NULL, NULL, NULL, NULL, NULL, NULL, NULL, NULL, NULL, NULL, NULL, NULL, NULL, NULL, NULL, NULL, NULL, 'pending', NULL, NULL, NULL, NULL, NULL, NULL, 0, NULL, NULL, NULL, NULL, NULL, NULL, 0, NULL, NULL, NULL, NULL, NULL, NULL, 0, NULL, NULL, NULL, NULL, NULL, NULL, NULL, '2026-02-10 04:22:55', '2026-02-10 04:22:55', NULL, NULL, NULL, NULL, NULL, NULL, NULL, NULL, 'START'),
(1820, 6, 'Samcobion', '108.05 FA- 26/CP/I/11', '108.05 FA', 5, 2, 2026, 'KAPSUL', '2026-02-10', '2026-02-10', NULL, '2026-02-10', 'START', NULL, NULL, 'START', NULL, NULL, NULL, NULL, NULL, NULL, 'START', NULL, NULL, NULL, NULL, NULL, NULL, 'START', NULL, NULL, NULL, NULL, NULL, NULL, 'START', NULL, NULL, NULL, NULL, NULL, NULL, NULL, NULL, NULL, NULL, NULL, NULL, NULL, NULL, 'START', NULL, NULL, NULL, NULL, NULL, NULL, 'START', NULL, NULL, NULL, NULL, NULL, NULL, 'START', NULL, NULL, NULL, NULL, NULL, NULL, NULL, NULL, NULL, NULL, NULL, NULL, NULL, NULL, NULL, NULL, NULL, NULL, NULL, NULL, NULL, NULL, NULL, NULL, NULL, NULL, NULL, NULL, NULL, NULL, NULL, NULL, NULL, NULL, NULL, NULL, NULL, NULL, NULL, NULL, NULL, NULL, NULL, NULL, NULL, NULL, NULL, NULL, NULL, NULL, NULL, NULL, NULL, NULL, NULL, NULL, NULL, NULL, NULL, 'pending', NULL, NULL, NULL, NULL, NULL, NULL, 0, NULL, NULL, NULL, NULL, NULL, NULL, 0, NULL, NULL, NULL, NULL, NULL, NULL, 0, NULL, NULL, NULL, NULL, NULL, NULL, NULL, '2026-02-10 04:22:55', '2026-02-10 04:22:55', NULL, NULL, NULL, NULL, NULL, NULL, NULL, NULL, 'START'),
(1821, 10, 'Samquinor', '113.01 FA- 26/P/I/26', '113.01 FA', 1, 2, 2026, 'TABLET_SALUT', '2026-02-10', '2026-02-10', NULL, '2026-02-10', 'START', NULL, NULL, 'START', NULL, NULL, NULL, NULL, NULL, NULL, 'START', NULL, NULL, NULL, NULL, NULL, NULL, 'START', NULL, NULL, NULL, NULL, NULL, NULL, 'START', NULL, NULL, NULL, NULL, NULL, NULL, NULL, NULL, NULL, NULL, NULL, NULL, NULL, NULL, 'START', NULL, NULL, NULL, NULL, NULL, NULL, 'START', NULL, NULL, NULL, NULL, NULL, NULL, 'START', NULL, NULL, NULL, NULL, NULL, NULL, NULL, NULL, NULL, NULL, NULL, NULL, NULL, NULL, NULL, NULL, NULL, NULL, NULL, NULL, NULL, NULL, NULL, NULL, NULL, NULL, NULL, NULL, NULL, NULL, NULL, NULL, NULL, NULL, NULL, NULL, NULL, NULL, NULL, NULL, NULL, NULL, NULL, NULL, NULL, NULL, NULL, NULL, NULL, NULL, NULL, NULL, NULL, NULL, NULL, NULL, NULL, NULL, NULL, 'pending', NULL, NULL, NULL, NULL, NULL, NULL, 0, NULL, NULL, NULL, NULL, NULL, NULL, 0, NULL, NULL, NULL, NULL, NULL, NULL, 0, NULL, NULL, NULL, NULL, NULL, NULL, NULL, '2026-02-10 04:22:55', '2026-02-10 04:22:55', NULL, NULL, NULL, NULL, NULL, NULL, NULL, NULL, 'START'),
(1822, 10, 'Samquinor', '113.02 FA- 26/P/I/27', '113.02 FA', 2, 2, 2026, 'TABLET_SALUT', '2026-02-10', '2026-02-10', NULL, '2026-02-10', 'START', NULL, NULL, 'START', NULL, NULL, NULL, NULL, NULL, NULL, 'START', NULL, NULL, NULL, NULL, NULL, NULL, 'START', NULL, NULL, NULL, NULL, NULL, NULL, 'START', NULL, NULL, NULL, NULL, NULL, NULL, NULL, NULL, NULL, NULL, NULL, NULL, NULL, NULL, 'START', NULL, NULL, NULL, NULL, NULL, NULL, 'START', NULL, NULL, NULL, NULL, NULL, NULL, 'START', NULL, NULL, NULL, NULL, NULL, NULL, NULL, NULL, NULL, NULL, NULL, NULL, NULL, NULL, NULL, NULL, NULL, NULL, NULL, NULL, NULL, NULL, NULL, NULL, NULL, NULL, NULL, NULL, NULL, NULL, NULL, NULL, NULL, NULL, NULL, NULL, NULL, NULL, NULL, NULL, NULL, NULL, NULL, NULL, NULL, NULL, NULL, NULL, NULL, NULL, NULL, NULL, NULL, NULL, NULL, NULL, NULL, NULL, NULL, 'pending', NULL, NULL, NULL, NULL, NULL, NULL, 0, NULL, NULL, NULL, NULL, NULL, NULL, 0, NULL, NULL, NULL, NULL, NULL, NULL, 0, NULL, NULL, NULL, NULL, NULL, NULL, NULL, '2026-02-10 04:22:55', '2026-02-10 04:22:55', NULL, NULL, NULL, NULL, NULL, NULL, NULL, NULL, 'START'),
(1823, 10, 'Samquinor', '113.03 FA- 26/P/I/28', '113.03 FA', 3, 2, 2026, 'TABLET_SALUT', '2026-02-10', '2026-02-10', NULL, '2026-02-10', 'START', NULL, NULL, 'START', NULL, NULL, NULL, NULL, NULL, NULL, 'START', NULL, NULL, NULL, NULL, NULL, NULL, 'START', NULL, NULL, NULL, NULL, NULL, NULL, 'START', NULL, NULL, NULL, NULL, NULL, NULL, NULL, NULL, NULL, NULL, NULL, NULL, NULL, NULL, 'START', NULL, NULL, NULL, NULL, NULL, NULL, 'START', NULL, NULL, NULL, NULL, NULL, NULL, 'START', NULL, NULL, NULL, NULL, NULL, NULL, NULL, NULL, NULL, NULL, NULL, NULL, NULL, NULL, NULL, NULL, NULL, NULL, NULL, NULL, NULL, NULL, NULL, NULL, NULL, NULL, NULL, NULL, NULL, NULL, NULL, NULL, NULL, NULL, NULL, NULL, NULL, NULL, NULL, NULL, NULL, NULL, NULL, NULL, NULL, NULL, NULL, NULL, NULL, NULL, NULL, NULL, NULL, NULL, NULL, NULL, NULL, NULL, NULL, 'pending', NULL, NULL, NULL, NULL, NULL, NULL, 0, NULL, NULL, NULL, NULL, NULL, NULL, 0, NULL, NULL, NULL, NULL, NULL, NULL, 0, NULL, NULL, NULL, NULL, NULL, NULL, NULL, '2026-02-10 04:22:55', '2026-02-10 04:22:55', NULL, NULL, NULL, NULL, NULL, NULL, NULL, NULL, 'START'),
(1824, 10, 'Samquinor', '113.04 FA- 26/P/I/29', '113.04 FA', 4, 2, 2026, 'TABLET_SALUT', '2026-02-10', '2026-02-10', NULL, '2026-02-10', 'START', NULL, NULL, 'START', NULL, NULL, NULL, NULL, NULL, NULL, 'START', NULL, NULL, NULL, NULL, NULL, NULL, 'START', NULL, NULL, NULL, NULL, NULL, NULL, 'START', NULL, NULL, NULL, NULL, NULL, NULL, NULL, NULL, NULL, NULL, NULL, NULL, NULL, NULL, 'START', NULL, NULL, NULL, NULL, NULL, NULL, 'START', NULL, NULL, NULL, NULL, NULL, NULL, 'START', NULL, NULL, NULL, NULL, NULL, NULL, NULL, NULL, NULL, NULL, NULL, NULL, NULL, NULL, NULL, NULL, NULL, NULL, NULL, NULL, NULL, NULL, NULL, NULL, NULL, NULL, NULL, NULL, NULL, NULL, NULL, NULL, NULL, NULL, NULL, NULL, NULL, NULL, NULL, NULL, NULL, NULL, NULL, NULL, NULL, NULL, NULL, NULL, NULL, NULL, NULL, NULL, NULL, NULL, NULL, NULL, NULL, NULL, NULL, 'pending', NULL, NULL, NULL, NULL, NULL, NULL, 0, NULL, NULL, NULL, NULL, NULL, NULL, 0, NULL, NULL, NULL, NULL, NULL, NULL, 0, NULL, NULL, NULL, NULL, NULL, NULL, NULL, '2026-02-10 04:22:55', '2026-02-10 04:22:55', NULL, NULL, NULL, NULL, NULL, NULL, NULL, NULL, 'START'),
(1825, 10, 'Samquinor', '113.05 FA- 26/P/I/30', '113.05 FA', 5, 2, 2026, 'TABLET_SALUT', '2026-02-10', '2026-02-10', NULL, '2026-02-10', 'START', NULL, NULL, 'START', NULL, NULL, NULL, NULL, NULL, NULL, 'START', NULL, NULL, NULL, NULL, NULL, NULL, 'START', NULL, NULL, NULL, NULL, NULL, NULL, 'START', NULL, NULL, NULL, NULL, NULL, NULL, NULL, NULL, NULL, NULL, NULL, NULL, NULL, NULL, 'START', NULL, NULL, NULL, NULL, NULL, NULL, 'START', NULL, NULL, NULL, NULL, NULL, NULL, 'START', NULL, NULL, NULL, NULL, NULL, NULL, NULL, NULL, NULL, NULL, NULL, NULL, NULL, NULL, NULL, NULL, NULL, NULL, NULL, NULL, NULL, NULL, NULL, NULL, NULL, NULL, NULL, NULL, NULL, NULL, NULL, NULL, NULL, NULL, NULL, NULL, NULL, NULL, NULL, NULL, NULL, NULL, NULL, NULL, NULL, NULL, NULL, NULL, NULL, NULL, NULL, NULL, NULL, NULL, NULL, NULL, NULL, NULL, NULL, 'pending', NULL, NULL, NULL, NULL, NULL, NULL, 0, NULL, NULL, NULL, NULL, NULL, NULL, 0, NULL, NULL, NULL, NULL, NULL, NULL, 0, NULL, NULL, NULL, NULL, NULL, NULL, NULL, '2026-02-10 04:22:55', '2026-02-10 04:22:55', NULL, NULL, NULL, NULL, NULL, NULL, NULL, NULL, 'START'),
(1826, 10, 'Samquinor', '113.06 FA- 26/P/I/31', '113.06 FA', 6, 2, 2026, 'TABLET_SALUT', '2026-02-10', '2026-02-10', NULL, '2026-02-10', 'START', NULL, NULL, 'START', NULL, NULL, NULL, NULL, NULL, NULL, 'START', NULL, NULL, NULL, NULL, NULL, NULL, 'START', NULL, NULL, NULL, NULL, NULL, NULL, 'START', NULL, NULL, NULL, NULL, NULL, NULL, NULL, NULL, NULL, NULL, NULL, NULL, NULL, NULL, 'START', NULL, NULL, NULL, NULL, NULL, NULL, 'START', NULL, NULL, NULL, NULL, NULL, NULL, 'START', NULL, NULL, NULL, NULL, NULL, NULL, NULL, NULL, NULL, NULL, NULL, NULL, NULL, NULL, NULL, NULL, NULL, NULL, NULL, NULL, NULL, NULL, NULL, NULL, NULL, NULL, NULL, NULL, NULL, NULL, NULL, NULL, NULL, NULL, NULL, NULL, NULL, NULL, NULL, NULL, NULL, NULL, NULL, NULL, NULL, NULL, NULL, NULL, NULL, NULL, NULL, NULL, NULL, NULL, NULL, NULL, NULL, NULL, NULL, 'pending', NULL, NULL, NULL, NULL, NULL, NULL, 0, NULL, NULL, NULL, NULL, NULL, NULL, 0, NULL, NULL, NULL, NULL, NULL, NULL, 0, NULL, NULL, NULL, NULL, NULL, NULL, NULL, '2026-02-10 04:22:55', '2026-02-10 04:22:55', NULL, NULL, NULL, NULL, NULL, NULL, NULL, NULL, 'START'),
(1827, 10, 'Samquinor', '113.07 FA- 26/P/I/32', '113.07 FA', 7, 2, 2026, 'TABLET_SALUT', '2026-02-10', '2026-02-10', NULL, '2026-02-10', 'START', NULL, NULL, 'START', NULL, NULL, NULL, NULL, NULL, NULL, 'START', NULL, NULL, NULL, NULL, NULL, NULL, 'START', NULL, NULL, NULL, NULL, NULL, NULL, 'START', NULL, NULL, NULL, NULL, NULL, NULL, NULL, NULL, NULL, NULL, NULL, NULL, NULL, NULL, 'START', NULL, NULL, NULL, NULL, NULL, NULL, 'START', NULL, NULL, NULL, NULL, NULL, NULL, 'START', NULL, NULL, NULL, NULL, NULL, NULL, NULL, NULL, NULL, NULL, NULL, NULL, NULL, NULL, NULL, NULL, NULL, NULL, NULL, NULL, NULL, NULL, NULL, NULL, NULL, NULL, NULL, NULL, NULL, NULL, NULL, NULL, NULL, NULL, NULL, NULL, NULL, NULL, NULL, NULL, NULL, NULL, NULL, NULL, NULL, NULL, NULL, NULL, NULL, NULL, NULL, NULL, NULL, NULL, NULL, NULL, NULL, NULL, NULL, 'pending', NULL, NULL, NULL, NULL, NULL, NULL, 0, NULL, NULL, NULL, NULL, NULL, NULL, 0, NULL, NULL, NULL, NULL, NULL, NULL, 0, NULL, NULL, NULL, NULL, NULL, NULL, NULL, '2026-02-10 04:22:55', '2026-02-10 04:22:55', NULL, NULL, NULL, NULL, NULL, NULL, NULL, NULL, 'START'),
(1828, 10, 'Samquinor', '113.08 FA- 26/P/I/33', '113.08 FA', 8, 2, 2026, 'TABLET_SALUT', '2026-02-10', '2026-02-10', NULL, '2026-02-10', 'START', '2026-02-11 14:27:51', '2026-02-11 14:27:59', 'START', 90, NULL, '2026-02-11 07:27:59', 9, NULL, NULL, 'START', NULL, NULL, NULL, NULL, '2026-02-11 14:28:47', '2026-02-11 14:28:53', 'START', 90, NULL, '2026-02-11 07:28:53', 9, NULL, NULL, 'START', NULL, NULL, NULL, NULL, NULL, NULL, NULL, NULL, NULL, NULL, NULL, NULL, NULL, NULL, 'START', NULL, NULL, NULL, NULL, NULL, NULL, 'START', NULL, NULL, NULL, NULL, NULL, NULL, 'START', NULL, NULL, NULL, NULL, NULL, NULL, NULL, '2026-02-11', NULL, NULL, NULL, NULL, '2026-02-11 14:28:38', 'Bang Alfin', 'QC', 8, NULL, NULL, NULL, '2026-02-11', NULL, NULL, NULL, 'UHXUA6CEBWHVKU', '2026-02-11 07:29:02', 'Bang Alfin', 'QC', 8, NULL, NULL, NULL, NULL, NULL, NULL, NULL, NULL, NULL, NULL, NULL, NULL, NULL, NULL, NULL, NULL, NULL, NULL, NULL, NULL, NULL, NULL, NULL, NULL, NULL, NULL, NULL, NULL, NULL, NULL, NULL, 'pending', NULL, NULL, NULL, NULL, NULL, NULL, 0, NULL, NULL, NULL, NULL, NULL, 'QC_TABLET_RELEASED', 0, NULL, NULL, NULL, NULL, NULL, NULL, 0, NULL, NULL, NULL, NULL, NULL, NULL, NULL, '2026-02-10 04:22:55', '2026-02-11 07:29:02', NULL, 'http://192.168.1.219:8000/sign/qc/tablet/UHXUA6CEBWHVKU?expires=1865489342&signature=34e34a74c97b2dc7d4f35ecfc7d9300591d12630f52bb844cf1e6066b0bf573b', NULL, NULL, NULL, NULL, NULL, NULL, 'START'),
(1829, 10, 'Samquinor', '113.09 FA- 26/P/I/34', '113.09 FA', 9, 2, 2026, 'TABLET_SALUT', '2026-02-10', '2026-02-10', NULL, '2026-02-10', 'START', NULL, NULL, 'START', NULL, NULL, NULL, NULL, NULL, NULL, 'START', NULL, NULL, NULL, NULL, NULL, NULL, 'START', NULL, NULL, NULL, NULL, NULL, NULL, 'START', NULL, NULL, NULL, NULL, NULL, NULL, NULL, NULL, NULL, NULL, NULL, NULL, NULL, NULL, 'START', NULL, NULL, NULL, NULL, NULL, NULL, 'START', NULL, NULL, NULL, NULL, NULL, NULL, 'START', NULL, NULL, NULL, NULL, NULL, NULL, NULL, NULL, NULL, NULL, NULL, NULL, NULL, NULL, NULL, NULL, NULL, NULL, NULL, NULL, NULL, NULL, NULL, NULL, NULL, NULL, NULL, NULL, NULL, NULL, NULL, NULL, NULL, NULL, NULL, NULL, NULL, NULL, NULL, NULL, NULL, NULL, NULL, NULL, NULL, NULL, NULL, NULL, NULL, NULL, NULL, NULL, NULL, NULL, NULL, NULL, NULL, NULL, NULL, 'pending', NULL, NULL, NULL, NULL, NULL, NULL, 0, NULL, NULL, NULL, NULL, NULL, NULL, 0, NULL, NULL, NULL, NULL, NULL, NULL, 0, NULL, NULL, NULL, NULL, NULL, NULL, NULL, '2026-02-10 04:22:55', '2026-02-10 04:22:55', NULL, NULL, NULL, NULL, NULL, NULL, NULL, NULL, 'START'),
(1830, 10, 'Samquinor', '113.10 FA- 26/P/I/45', '113.10 FA', 10, 2, 2026, 'TABLET_SALUT', '2026-02-10', '2026-02-10', NULL, '2026-02-10', 'START', NULL, NULL, 'START', NULL, NULL, NULL, NULL, NULL, NULL, 'START', NULL, NULL, NULL, NULL, NULL, NULL, 'START', NULL, NULL, NULL, NULL, NULL, NULL, 'START', NULL, NULL, NULL, NULL, NULL, NULL, NULL, NULL, NULL, NULL, NULL, NULL, NULL, NULL, 'START', NULL, NULL, NULL, NULL, NULL, NULL, 'START', NULL, NULL, NULL, NULL, NULL, NULL, 'START', NULL, NULL, NULL, NULL, NULL, NULL, NULL, NULL, NULL, NULL, NULL, NULL, NULL, NULL, NULL, NULL, NULL, NULL, NULL, NULL, NULL, NULL, NULL, NULL, NULL, NULL, NULL, NULL, NULL, NULL, NULL, NULL, NULL, NULL, NULL, NULL, NULL, NULL, NULL, NULL, NULL, NULL, NULL, NULL, NULL, NULL, NULL, NULL, NULL, NULL, NULL, NULL, NULL, NULL, NULL, NULL, NULL, NULL, NULL, 'pending', NULL, NULL, NULL, NULL, NULL, NULL, 0, NULL, NULL, NULL, NULL, NULL, NULL, 0, NULL, NULL, NULL, NULL, NULL, NULL, 0, NULL, NULL, NULL, NULL, NULL, NULL, NULL, '2026-02-10 04:22:55', '2026-02-10 04:22:55', NULL, NULL, NULL, NULL, NULL, NULL, NULL, NULL, 'START'),
(1831, 10, 'Samquinor', '113.11 FA- 26/P/I/46', '113.11 FA', 11, 2, 2026, 'TABLET_SALUT', '2026-02-10', '2026-02-10', NULL, '2026-02-10', 'START', NULL, NULL, 'START', NULL, NULL, NULL, NULL, NULL, NULL, 'START', NULL, NULL, NULL, NULL, NULL, NULL, 'START', NULL, NULL, NULL, NULL, NULL, NULL, 'START', NULL, NULL, NULL, NULL, NULL, NULL, NULL, NULL, NULL, NULL, NULL, NULL, NULL, NULL, 'START', NULL, NULL, NULL, NULL, NULL, NULL, 'START', NULL, NULL, NULL, NULL, NULL, NULL, 'START', NULL, NULL, NULL, NULL, NULL, NULL, NULL, NULL, NULL, NULL, NULL, NULL, NULL, NULL, NULL, NULL, NULL, NULL, NULL, NULL, NULL, NULL, NULL, NULL, NULL, NULL, NULL, NULL, NULL, NULL, NULL, NULL, NULL, NULL, NULL, NULL, NULL, NULL, NULL, NULL, NULL, NULL, NULL, NULL, NULL, NULL, NULL, NULL, NULL, NULL, NULL, NULL, NULL, NULL, NULL, NULL, NULL, NULL, NULL, 'pending', NULL, NULL, NULL, NULL, NULL, NULL, 0, NULL, NULL, NULL, NULL, NULL, NULL, 0, NULL, NULL, NULL, NULL, NULL, NULL, 0, NULL, NULL, NULL, NULL, NULL, NULL, NULL, '2026-02-10 04:22:55', '2026-02-10 04:22:55', NULL, NULL, NULL, NULL, NULL, NULL, NULL, NULL, 'START'),
(1832, 10, 'Samquinor', '113.12 FA- 26/P/I/47', '113.12 FA', 12, 2, 2026, 'TABLET_SALUT', '2026-02-10', '2026-02-10', NULL, '2026-02-10', 'START', NULL, NULL, 'START', NULL, NULL, NULL, NULL, NULL, NULL, 'START', NULL, NULL, NULL, NULL, NULL, NULL, 'START', NULL, NULL, NULL, NULL, NULL, NULL, 'START', NULL, NULL, NULL, NULL, NULL, NULL, NULL, NULL, NULL, NULL, NULL, NULL, NULL, NULL, 'START', NULL, NULL, NULL, NULL, NULL, NULL, 'START', NULL, NULL, NULL, NULL, NULL, NULL, 'START', NULL, NULL, NULL, NULL, NULL, NULL, NULL, NULL, NULL, NULL, NULL, NULL, NULL, NULL, NULL, NULL, NULL, NULL, NULL, NULL, NULL, NULL, NULL, NULL, NULL, NULL, NULL, NULL, NULL, NULL, NULL, NULL, NULL, NULL, NULL, NULL, NULL, NULL, NULL, NULL, NULL, NULL, NULL, NULL, NULL, NULL, NULL, NULL, NULL, NULL, NULL, NULL, NULL, NULL, NULL, NULL, NULL, NULL, NULL, 'pending', NULL, NULL, NULL, NULL, NULL, NULL, 0, NULL, NULL, NULL, NULL, NULL, NULL, 0, NULL, NULL, NULL, NULL, NULL, NULL, 0, NULL, NULL, NULL, NULL, NULL, NULL, NULL, '2026-02-10 04:22:55', '2026-02-10 04:22:55', NULL, NULL, NULL, NULL, NULL, NULL, NULL, NULL, 'START'),
(1833, 10, 'Samquinor', '113.13 FA- 26/P/I/48', '113.13 FA', 13, 2, 2026, 'TABLET_SALUT', '2026-02-10', '2026-02-10', NULL, '2026-02-10', 'START', NULL, NULL, 'START', NULL, NULL, NULL, NULL, NULL, NULL, 'START', NULL, NULL, NULL, NULL, NULL, NULL, 'START', NULL, NULL, NULL, NULL, NULL, NULL, 'START', NULL, NULL, NULL, NULL, NULL, NULL, NULL, NULL, NULL, NULL, NULL, NULL, NULL, NULL, 'START', NULL, NULL, NULL, NULL, NULL, NULL, 'START', NULL, NULL, NULL, NULL, NULL, NULL, 'START', NULL, NULL, NULL, NULL, NULL, NULL, NULL, NULL, NULL, NULL, NULL, NULL, NULL, NULL, NULL, NULL, NULL, NULL, NULL, NULL, NULL, NULL, NULL, NULL, NULL, NULL, NULL, NULL, NULL, NULL, NULL, NULL, NULL, NULL, NULL, NULL, NULL, NULL, NULL, NULL, NULL, NULL, NULL, NULL, NULL, NULL, NULL, NULL, NULL, NULL, NULL, NULL, NULL, NULL, NULL, NULL, NULL, NULL, NULL, 'pending', NULL, NULL, NULL, NULL, NULL, NULL, 0, NULL, NULL, NULL, NULL, NULL, NULL, 0, NULL, NULL, NULL, NULL, NULL, NULL, 0, NULL, NULL, NULL, NULL, NULL, NULL, NULL, '2026-02-10 04:22:55', '2026-02-10 04:22:55', NULL, NULL, NULL, NULL, NULL, NULL, NULL, NULL, 'START'),
(1834, 10, 'Samquinor', '113.14 FA- 26/P/I/49', '113.14 FA', 14, 2, 2026, 'TABLET_SALUT', '2026-02-10', '2026-02-10', NULL, '2026-02-10', 'START', NULL, NULL, 'START', NULL, NULL, NULL, NULL, NULL, NULL, 'START', NULL, NULL, NULL, NULL, NULL, NULL, 'START', NULL, NULL, NULL, NULL, NULL, NULL, 'START', NULL, NULL, NULL, NULL, NULL, NULL, NULL, NULL, NULL, NULL, NULL, NULL, NULL, NULL, 'START', NULL, NULL, NULL, NULL, NULL, NULL, 'START', NULL, NULL, NULL, NULL, NULL, NULL, 'START', NULL, NULL, NULL, NULL, NULL, NULL, NULL, NULL, NULL, NULL, NULL, NULL, NULL, NULL, NULL, NULL, NULL, NULL, NULL, NULL, NULL, NULL, NULL, NULL, NULL, NULL, NULL, NULL, NULL, NULL, NULL, NULL, NULL, NULL, NULL, NULL, NULL, NULL, NULL, NULL, NULL, NULL, NULL, NULL, NULL, NULL, NULL, NULL, NULL, NULL, NULL, NULL, NULL, NULL, NULL, NULL, NULL, NULL, NULL, 'pending', NULL, NULL, NULL, NULL, NULL, NULL, 0, NULL, NULL, NULL, NULL, NULL, NULL, 0, NULL, NULL, NULL, NULL, NULL, NULL, 0, NULL, NULL, NULL, NULL, NULL, NULL, NULL, '2026-02-10 04:22:55', '2026-02-10 04:22:55', NULL, NULL, NULL, NULL, NULL, NULL, NULL, NULL, 'START'),
(1835, 10, 'Samquinor', '113.15 FA- 26/P/I/50', '113.15 FA', 15, 2, 2026, 'TABLET_SALUT', '2026-02-10', '2026-02-10', NULL, '2026-02-10', 'START', NULL, NULL, 'START', NULL, NULL, NULL, NULL, NULL, NULL, 'START', NULL, NULL, NULL, NULL, NULL, NULL, 'START', NULL, NULL, NULL, NULL, NULL, NULL, 'START', NULL, NULL, NULL, NULL, NULL, NULL, NULL, NULL, NULL, NULL, NULL, NULL, NULL, NULL, 'START', NULL, NULL, NULL, NULL, NULL, NULL, 'START', NULL, NULL, NULL, NULL, NULL, NULL, 'START', NULL, NULL, NULL, NULL, NULL, NULL, NULL, NULL, NULL, NULL, NULL, NULL, NULL, NULL, NULL, NULL, NULL, NULL, NULL, NULL, NULL, NULL, NULL, NULL, NULL, NULL, NULL, NULL, NULL, NULL, NULL, NULL, NULL, NULL, NULL, NULL, NULL, NULL, NULL, NULL, NULL, NULL, NULL, NULL, NULL, NULL, NULL, NULL, NULL, NULL, NULL, NULL, NULL, NULL, NULL, NULL, NULL, NULL, NULL, 'pending', NULL, NULL, NULL, NULL, NULL, NULL, 0, NULL, NULL, NULL, NULL, NULL, NULL, 0, NULL, NULL, NULL, NULL, NULL, NULL, 0, NULL, NULL, NULL, NULL, NULL, NULL, NULL, '2026-02-10 04:22:55', '2026-02-10 04:22:55', NULL, NULL, NULL, NULL, NULL, NULL, NULL, NULL, 'START'),
(1836, 11, 'Phenzacol', '114.01 FA- 26/P/I/106', '114.01 FA', 1, 2, 2026, 'TABLET_NON_SALUT', '2026-02-10', '2026-02-10', NULL, '2026-02-10', 'START', NULL, NULL, 'START', NULL, NULL, NULL, NULL, NULL, NULL, 'START', NULL, NULL, NULL, NULL, NULL, NULL, 'START', NULL, NULL, NULL, NULL, NULL, NULL, 'START', NULL, NULL, NULL, NULL, NULL, NULL, NULL, NULL, NULL, NULL, NULL, NULL, NULL, NULL, 'START', NULL, NULL, NULL, NULL, NULL, NULL, 'START', NULL, NULL, NULL, NULL, NULL, NULL, 'START', NULL, NULL, NULL, NULL, NULL, NULL, NULL, NULL, NULL, NULL, NULL, NULL, NULL, NULL, NULL, NULL, NULL, NULL, NULL, NULL, NULL, NULL, NULL, NULL, NULL, NULL, NULL, NULL, NULL, NULL, NULL, NULL, NULL, NULL, NULL, NULL, NULL, NULL, NULL, NULL, NULL, NULL, NULL, NULL, NULL, NULL, NULL, NULL, NULL, NULL, NULL, NULL, NULL, NULL, NULL, NULL, NULL, NULL, NULL, 'pending', NULL, NULL, NULL, NULL, NULL, NULL, 0, NULL, NULL, NULL, NULL, NULL, NULL, 0, NULL, NULL, NULL, NULL, NULL, NULL, 0, NULL, NULL, NULL, NULL, NULL, NULL, NULL, '2026-02-10 04:22:55', '2026-02-10 04:22:55', NULL, NULL, NULL, NULL, NULL, NULL, NULL, NULL, 'START'),
(1837, 11, 'Phenzacol', '114.02 FA- 26/P/I/107', '114.02 FA', 2, 2, 2026, 'TABLET_NON_SALUT', '2026-02-10', '2026-02-10', NULL, '2026-02-10', 'START', NULL, NULL, 'START', NULL, NULL, NULL, NULL, NULL, NULL, 'START', NULL, NULL, NULL, NULL, NULL, NULL, 'START', NULL, NULL, NULL, NULL, NULL, NULL, 'START', NULL, NULL, NULL, NULL, NULL, NULL, NULL, NULL, NULL, NULL, NULL, NULL, NULL, NULL, 'START', NULL, NULL, NULL, NULL, NULL, NULL, 'START', NULL, NULL, NULL, NULL, NULL, NULL, 'START', NULL, NULL, NULL, NULL, NULL, NULL, NULL, NULL, NULL, NULL, NULL, NULL, NULL, NULL, NULL, NULL, NULL, NULL, NULL, NULL, NULL, NULL, NULL, NULL, NULL, NULL, NULL, NULL, NULL, NULL, NULL, NULL, NULL, NULL, NULL, NULL, NULL, NULL, NULL, NULL, NULL, NULL, NULL, NULL, NULL, NULL, NULL, NULL, NULL, NULL, NULL, NULL, NULL, NULL, NULL, NULL, NULL, NULL, NULL, 'pending', NULL, NULL, NULL, NULL, NULL, NULL, 0, NULL, NULL, NULL, NULL, NULL, NULL, 0, NULL, NULL, NULL, NULL, NULL, NULL, 0, NULL, NULL, NULL, NULL, NULL, NULL, NULL, '2026-02-10 04:22:55', '2026-02-10 04:22:55', NULL, NULL, NULL, NULL, NULL, NULL, NULL, NULL, 'START'),
(1838, 11, 'Phenzacol', '114.03 FA- 26/P/I/108', '114.03 FA', 3, 2, 2026, 'TABLET_NON_SALUT', '2026-02-10', '2026-02-10', NULL, '2026-02-10', 'START', NULL, NULL, 'START', NULL, NULL, NULL, NULL, NULL, NULL, 'START', NULL, NULL, NULL, NULL, NULL, NULL, 'START', NULL, NULL, NULL, NULL, NULL, NULL, 'START', NULL, NULL, NULL, NULL, NULL, NULL, NULL, NULL, NULL, NULL, NULL, NULL, NULL, NULL, 'START', NULL, NULL, NULL, NULL, NULL, NULL, 'START', NULL, NULL, NULL, NULL, NULL, NULL, 'START', NULL, NULL, NULL, NULL, NULL, NULL, NULL, NULL, NULL, NULL, NULL, NULL, NULL, NULL, NULL, NULL, NULL, NULL, NULL, NULL, NULL, NULL, NULL, NULL, NULL, NULL, NULL, NULL, NULL, NULL, NULL, NULL, NULL, NULL, NULL, NULL, NULL, NULL, NULL, NULL, NULL, NULL, NULL, NULL, NULL, NULL, NULL, NULL, NULL, NULL, NULL, NULL, NULL, NULL, NULL, NULL, NULL, NULL, NULL, 'pending', NULL, NULL, NULL, NULL, NULL, NULL, 0, NULL, NULL, NULL, NULL, NULL, NULL, 0, NULL, NULL, NULL, NULL, NULL, NULL, 0, NULL, NULL, NULL, NULL, NULL, NULL, NULL, '2026-02-10 04:22:55', '2026-02-10 04:22:55', NULL, NULL, NULL, NULL, NULL, NULL, NULL, NULL, 'START'),
(1839, 11, 'Phenzacol', '114.04 FA- 26/P/I/109', '114.04 FA', 4, 2, 2026, 'TABLET_NON_SALUT', '2026-02-10', '2026-02-10', NULL, '2026-02-10', 'START', NULL, NULL, 'START', NULL, NULL, NULL, NULL, NULL, NULL, 'START', NULL, NULL, NULL, NULL, NULL, NULL, 'START', NULL, NULL, NULL, NULL, NULL, NULL, 'START', NULL, NULL, NULL, NULL, NULL, NULL, NULL, NULL, NULL, NULL, NULL, NULL, NULL, NULL, 'START', NULL, NULL, NULL, NULL, NULL, NULL, 'START', NULL, NULL, NULL, NULL, NULL, NULL, 'START', NULL, NULL, NULL, NULL, NULL, NULL, NULL, NULL, NULL, NULL, NULL, NULL, NULL, NULL, NULL, NULL, NULL, NULL, NULL, NULL, NULL, NULL, NULL, NULL, NULL, NULL, NULL, NULL, NULL, NULL, NULL, NULL, NULL, NULL, NULL, NULL, NULL, NULL, NULL, NULL, NULL, NULL, NULL, NULL, NULL, NULL, NULL, NULL, NULL, NULL, NULL, NULL, NULL, NULL, NULL, NULL, NULL, NULL, NULL, 'pending', NULL, NULL, NULL, NULL, NULL, NULL, 0, NULL, NULL, NULL, NULL, NULL, NULL, 0, NULL, NULL, NULL, NULL, NULL, NULL, 0, NULL, NULL, NULL, NULL, NULL, NULL, NULL, '2026-02-10 04:22:55', '2026-02-10 04:22:55', NULL, NULL, NULL, NULL, NULL, NULL, NULL, NULL, 'START'),
(1840, 11, 'Phenzacol', '114.05 FA- 26/P/I/110', '114.05 FA', 5, 2, 2026, 'TABLET_NON_SALUT', '2026-02-10', '2026-02-10', NULL, '2026-02-10', 'START', NULL, NULL, 'START', NULL, NULL, NULL, NULL, NULL, NULL, 'START', NULL, NULL, NULL, NULL, NULL, NULL, 'START', NULL, NULL, NULL, NULL, NULL, NULL, 'START', NULL, NULL, NULL, NULL, NULL, NULL, NULL, NULL, NULL, NULL, NULL, NULL, NULL, NULL, 'START', NULL, NULL, NULL, NULL, NULL, NULL, 'START', NULL, NULL, NULL, NULL, NULL, NULL, 'START', NULL, NULL, NULL, NULL, NULL, NULL, NULL, NULL, NULL, NULL, NULL, NULL, NULL, NULL, NULL, NULL, NULL, NULL, NULL, NULL, NULL, NULL, NULL, NULL, NULL, NULL, NULL, NULL, NULL, NULL, NULL, NULL, NULL, NULL, NULL, NULL, NULL, NULL, NULL, NULL, NULL, NULL, NULL, NULL, NULL, NULL, NULL, NULL, NULL, NULL, NULL, NULL, NULL, NULL, NULL, NULL, NULL, NULL, NULL, 'pending', NULL, NULL, NULL, NULL, NULL, NULL, 0, NULL, NULL, NULL, NULL, NULL, NULL, 0, NULL, NULL, NULL, NULL, NULL, NULL, 0, NULL, NULL, NULL, NULL, NULL, NULL, NULL, '2026-02-10 04:22:55', '2026-02-10 04:22:55', NULL, NULL, NULL, NULL, NULL, NULL, NULL, NULL, 'START'),
(1841, 11, 'Phenzacol', '114.06 FA- 26/P/I/131', '114.06 FA', 6, 2, 2026, 'TABLET_NON_SALUT', '2026-02-10', '2026-02-10', NULL, '2026-02-10', 'START', NULL, NULL, 'START', NULL, NULL, NULL, NULL, NULL, NULL, 'START', NULL, NULL, NULL, NULL, NULL, NULL, 'START', NULL, NULL, NULL, NULL, NULL, NULL, 'START', NULL, NULL, NULL, NULL, NULL, NULL, NULL, NULL, NULL, NULL, NULL, NULL, NULL, NULL, 'START', NULL, NULL, NULL, NULL, NULL, NULL, 'START', NULL, NULL, NULL, NULL, NULL, NULL, 'START', NULL, NULL, NULL, NULL, NULL, NULL, NULL, NULL, NULL, NULL, NULL, NULL, NULL, NULL, NULL, NULL, NULL, NULL, NULL, NULL, NULL, NULL, NULL, NULL, NULL, NULL, NULL, NULL, NULL, NULL, NULL, NULL, NULL, NULL, NULL, NULL, NULL, NULL, NULL, NULL, NULL, NULL, NULL, NULL, NULL, NULL, NULL, NULL, NULL, NULL, NULL, NULL, NULL, NULL, NULL, NULL, NULL, NULL, NULL, 'pending', NULL, NULL, NULL, NULL, NULL, NULL, 0, NULL, NULL, NULL, NULL, NULL, NULL, 0, NULL, NULL, NULL, NULL, NULL, NULL, 0, NULL, NULL, NULL, NULL, NULL, NULL, NULL, '2026-02-10 04:22:55', '2026-02-10 04:22:55', NULL, NULL, NULL, NULL, NULL, NULL, NULL, NULL, 'START'),
(1842, 11, 'Phenzacol', '114.07 FA- 26/P/I/132', '114.07 FA', 7, 2, 2026, 'TABLET_NON_SALUT', '2026-02-10', '2026-02-10', NULL, '2026-02-10', 'START', NULL, NULL, 'START', NULL, NULL, NULL, NULL, NULL, NULL, 'START', NULL, NULL, NULL, NULL, NULL, NULL, 'START', NULL, NULL, NULL, NULL, NULL, NULL, 'START', NULL, NULL, NULL, NULL, NULL, NULL, NULL, NULL, NULL, NULL, NULL, NULL, NULL, NULL, 'START', NULL, NULL, NULL, NULL, NULL, NULL, 'START', NULL, NULL, NULL, NULL, NULL, NULL, 'START', NULL, NULL, NULL, NULL, NULL, NULL, NULL, NULL, NULL, NULL, NULL, NULL, NULL, NULL, NULL, NULL, NULL, NULL, NULL, NULL, NULL, NULL, NULL, NULL, NULL, NULL, NULL, NULL, NULL, NULL, NULL, NULL, NULL, NULL, NULL, NULL, NULL, NULL, NULL, NULL, NULL, NULL, NULL, NULL, NULL, NULL, NULL, NULL, NULL, NULL, NULL, NULL, NULL, NULL, NULL, NULL, NULL, NULL, NULL, 'pending', NULL, NULL, NULL, NULL, NULL, NULL, 0, NULL, NULL, NULL, NULL, NULL, NULL, 0, NULL, NULL, NULL, NULL, NULL, NULL, 0, NULL, NULL, NULL, NULL, NULL, NULL, NULL, '2026-02-10 04:22:55', '2026-02-10 04:22:55', NULL, NULL, NULL, NULL, NULL, NULL, NULL, NULL, 'START');
INSERT INTO `produksi_batches` (`id`, `produksi_id`, `nama_produk`, `no_batch`, `kode_batch`, `batch_ke`, `bulan`, `tahun`, `tipe_alur`, `wo_date`, `expected_date`, `tgl_mulai_weighing`, `tgl_weighing`, `status_weighing`, `tgl_mulai_mixing`, `tgl_mixing`, `status_mixing`, `mixing_rekon_qty`, `mixing_rekon_note`, `mixing_rekon_at`, `mixing_rekon_by`, `tgl_mulai_capsule_filling`, `tgl_capsule_filling`, `status_capsule_filling`, `capsule_filling_rekon_qty`, `capsule_filling_rekon_note`, `capsule_filling_rekon_at`, `capsule_filling_rekon_by`, `tgl_mulai_tableting`, `tgl_tableting`, `status_tableting`, `tableting_rekon_qty`, `tableting_rekon_note`, `tableting_rekon_at`, `tableting_rekon_by`, `tgl_mulai_coating`, `tgl_coating`, `status_coating`, `coating_rekon_qty`, `coating_rekon_note`, `coating_rekon_at`, `coating_rekon_by`, `tgl_mulai_coating_inti`, `tgl_coating_inti`, `tgl_mulai_coating_dasar`, `tgl_coating_dasar`, `tgl_mulai_coating_warna`, `tgl_coating_warna`, `tgl_mulai_coating_polishing`, `tgl_coating_polishing`, `tgl_mulai_primary_pack`, `tgl_primary_pack`, `status_primary`, `primary_pack_rekon_qty`, `primary_pack_rekon_note`, `primary_pack_rekon_at`, `primary_pack_rekon_by`, `tgl_mulai_secondary_pack_1`, `tgl_secondary_pack_1`, `status_secondary1`, `secondary_pack_1_rekon_qty`, `secondary_pack_1_rekon_note`, `secondary_pack_1_rekon_at`, `secondary_pack_1_rekon_by`, `tgl_mulai_secondary_pack_2`, `tgl_secondary_pack_2`, `status_secondary2`, `secondary_pack_2_rekon_qty`, `secondary_pack_2_rekon_note`, `secondary_pack_2_rekon_at`, `secondary_pack_2_rekon_by`, `tgl_datang_granul`, `tgl_analisa_granul`, `tgl_selesai_analisa_granul`, `tgl_rilis_granul`, `granul_exp_date`, `granul_berat`, `granul_no_wadah`, `granul_sign_code`, `granul_signed_at`, `granul_signed_by`, `granul_signed_level`, `granul_signed_user_id`, `tgl_datang_tablet`, `tgl_analisa_tablet`, `tgl_selesai_analisa_tablet`, `tgl_rilis_tablet`, `tablet_exp_date`, `tablet_berat`, `tablet_no_wadah`, `tablet_sign_code`, `tablet_signed_at`, `tablet_signed_by`, `tablet_signed_level`, `tablet_signed_user_id`, `tgl_datang_ruahan`, `tgl_analisa_ruahan`, `tgl_selesai_analisa_ruahan`, `tgl_rilis_ruahan`, `ruahan_exp_date`, `ruahan_berat`, `ruahan_no_wadah`, `ruahan_sign_code`, `ruahan_signed_at`, `ruahan_signed_by`, `ruahan_signed_level`, `ruahan_signed_user_id`, `tgl_datang_ruahan_akhir`, `tgl_analisa_ruahan_akhir`, `tgl_selesai_analisa_ruahan_akhir`, `tgl_rilis_ruahan_akhir`, `ruahan_akhir_exp_date`, `ruahan_akhir_berat`, `ruahan_akhir_no_wadah`, `ruahan_akhir_sign_code`, `ruahan_akhir_signed_at`, `ruahan_akhir_signed_by`, `ruahan_akhir_signed_level`, `ruahan_akhir_signed_user_id`, `qty_batch`, `status_qty_batch`, `tgl_konfirmasi_produksi`, `tgl_terima_jobsheet`, `status_jobsheet`, `catatan_jobsheet`, `tgl_sampling`, `status_sampling`, `catatan_sampling`, `tgl_qc_kirim_coa`, `tgl_qa_terima_coa`, `status_coa`, `catatan_coa`, `status_review`, `goj_returned`, `goj_return_note`, `goj_returned_at`, `tgl_review`, `catatan_review`, `hari_kerja`, `status_proses`, `is_paused`, `paused_stage`, `paused_reason`, `paused_note`, `paused_prev_status`, `paused_at`, `paused_by`, `is_holding`, `holding_stage`, `holding_return_to`, `holding_reason`, `holding_note`, `holding_prev_status`, `holding_at`, `holding_by`, `created_at`, `updated_at`, `granul_sign_url`, `tablet_sign_url`, `ruahan_sign_url`, `ruahan_akhir_sign_url`, `secondary_pack_rekon_qty`, `secondary_pack_rekon_note`, `secondary_pack_rekon_at`, `secondary_pack_rekon_by`, `batch_status`) VALUES
(1843, 11, 'Phenzacol', '114.08 FA- 26/P/I/133', '114.08 FA', 8, 2, 2026, 'TABLET_NON_SALUT', '2026-02-10', '2026-02-10', NULL, '2026-02-10', 'START', NULL, NULL, 'START', NULL, NULL, NULL, NULL, NULL, NULL, 'START', NULL, NULL, NULL, NULL, NULL, NULL, 'START', NULL, NULL, NULL, NULL, NULL, NULL, 'START', NULL, NULL, NULL, NULL, NULL, NULL, NULL, NULL, NULL, NULL, NULL, NULL, NULL, NULL, 'START', NULL, NULL, NULL, NULL, NULL, NULL, 'START', NULL, NULL, NULL, NULL, NULL, NULL, 'START', NULL, NULL, NULL, NULL, NULL, NULL, NULL, NULL, NULL, NULL, NULL, NULL, NULL, NULL, NULL, NULL, NULL, NULL, NULL, NULL, NULL, NULL, NULL, NULL, NULL, NULL, NULL, NULL, NULL, NULL, NULL, NULL, NULL, NULL, NULL, NULL, NULL, NULL, NULL, NULL, NULL, NULL, NULL, NULL, NULL, NULL, NULL, NULL, NULL, NULL, NULL, NULL, NULL, NULL, NULL, NULL, NULL, NULL, NULL, 'pending', NULL, NULL, NULL, NULL, NULL, NULL, 0, NULL, NULL, NULL, NULL, NULL, NULL, 0, NULL, NULL, NULL, NULL, NULL, NULL, 0, NULL, NULL, NULL, NULL, NULL, NULL, NULL, '2026-02-10 04:22:55', '2026-02-10 04:22:55', NULL, NULL, NULL, NULL, NULL, NULL, NULL, NULL, 'START'),
(1844, 11, 'Phenzacol', '114.09 FA- 26/P/I/134', '114.09 FA', 9, 2, 2026, 'TABLET_NON_SALUT', '2026-02-10', '2026-02-10', NULL, '2026-02-10', 'START', NULL, NULL, 'START', NULL, NULL, NULL, NULL, NULL, NULL, 'START', NULL, NULL, NULL, NULL, NULL, NULL, 'START', NULL, NULL, NULL, NULL, NULL, NULL, 'START', NULL, NULL, NULL, NULL, NULL, NULL, NULL, NULL, NULL, NULL, NULL, NULL, NULL, NULL, 'START', NULL, NULL, NULL, NULL, NULL, NULL, 'START', NULL, NULL, NULL, NULL, NULL, NULL, 'START', NULL, NULL, NULL, NULL, NULL, NULL, NULL, NULL, NULL, NULL, NULL, NULL, NULL, NULL, NULL, NULL, NULL, NULL, NULL, NULL, NULL, NULL, NULL, NULL, NULL, NULL, NULL, NULL, NULL, NULL, NULL, NULL, NULL, NULL, NULL, NULL, NULL, NULL, NULL, NULL, NULL, NULL, NULL, NULL, NULL, NULL, NULL, NULL, NULL, NULL, NULL, NULL, NULL, NULL, NULL, NULL, NULL, NULL, NULL, 'pending', NULL, NULL, NULL, NULL, NULL, NULL, 0, NULL, NULL, NULL, NULL, NULL, NULL, 0, NULL, NULL, NULL, NULL, NULL, NULL, 0, NULL, NULL, NULL, NULL, NULL, NULL, NULL, '2026-02-10 04:22:55', '2026-02-10 04:22:55', NULL, NULL, NULL, NULL, NULL, NULL, NULL, NULL, 'START'),
(1845, 11, 'Phenzacol', '114.10 FA- 26/P/I/135', '114.10 FA', 10, 2, 2026, 'TABLET_NON_SALUT', '2026-02-10', '2026-02-10', NULL, '2026-02-10', 'START', NULL, NULL, 'START', NULL, NULL, NULL, NULL, NULL, NULL, 'START', NULL, NULL, NULL, NULL, NULL, NULL, 'START', NULL, NULL, NULL, NULL, NULL, NULL, 'START', NULL, NULL, NULL, NULL, NULL, NULL, NULL, NULL, NULL, NULL, NULL, NULL, NULL, NULL, 'START', NULL, NULL, NULL, NULL, NULL, NULL, 'START', NULL, NULL, NULL, NULL, NULL, NULL, 'START', NULL, NULL, NULL, NULL, NULL, NULL, NULL, NULL, NULL, NULL, NULL, NULL, NULL, NULL, NULL, NULL, NULL, NULL, NULL, NULL, NULL, NULL, NULL, NULL, NULL, NULL, NULL, NULL, NULL, NULL, NULL, NULL, NULL, NULL, NULL, NULL, NULL, NULL, NULL, NULL, NULL, NULL, NULL, NULL, NULL, NULL, NULL, NULL, NULL, NULL, NULL, NULL, NULL, NULL, NULL, NULL, NULL, NULL, NULL, 'pending', NULL, NULL, NULL, NULL, NULL, NULL, 0, NULL, NULL, NULL, NULL, NULL, NULL, 0, NULL, NULL, NULL, NULL, NULL, NULL, 0, NULL, NULL, NULL, NULL, NULL, NULL, NULL, '2026-02-10 04:22:55', '2026-02-10 04:22:55', NULL, NULL, NULL, NULL, NULL, NULL, NULL, NULL, 'START'),
(1846, 14, 'Diclofenac Sodium', '118.01 FA- 26/P/I/156', '118.01 FA', 1, 2, 2026, 'TABLET_SALUT', '2026-02-10', '2026-02-10', NULL, '2026-02-10', 'START', NULL, NULL, 'START', NULL, NULL, NULL, NULL, NULL, NULL, 'START', NULL, NULL, NULL, NULL, NULL, NULL, 'START', NULL, NULL, NULL, NULL, NULL, NULL, 'START', NULL, NULL, NULL, NULL, NULL, NULL, NULL, NULL, NULL, NULL, NULL, NULL, NULL, NULL, 'START', NULL, NULL, NULL, NULL, NULL, NULL, 'START', NULL, NULL, NULL, NULL, NULL, NULL, 'START', NULL, NULL, NULL, NULL, NULL, NULL, NULL, NULL, NULL, NULL, NULL, NULL, NULL, NULL, NULL, NULL, NULL, NULL, NULL, NULL, NULL, NULL, NULL, NULL, NULL, NULL, NULL, NULL, NULL, NULL, NULL, NULL, NULL, NULL, NULL, NULL, NULL, NULL, NULL, NULL, NULL, NULL, NULL, NULL, NULL, NULL, NULL, NULL, NULL, NULL, NULL, NULL, NULL, NULL, NULL, NULL, NULL, NULL, NULL, 'pending', NULL, NULL, NULL, NULL, NULL, NULL, 0, NULL, NULL, NULL, NULL, NULL, NULL, 0, NULL, NULL, NULL, NULL, NULL, NULL, 0, NULL, NULL, NULL, NULL, NULL, NULL, NULL, '2026-02-10 04:22:55', '2026-02-10 04:22:55', NULL, NULL, NULL, NULL, NULL, NULL, NULL, NULL, 'START'),
(1847, 14, 'Diclofenac Sodium', '118.02 FA- 26/P/I/157', '118.02 FA', 2, 2, 2026, 'TABLET_SALUT', '2026-02-10', '2026-02-10', NULL, '2026-02-10', 'START', NULL, NULL, 'START', NULL, NULL, NULL, NULL, NULL, NULL, 'START', NULL, NULL, NULL, NULL, NULL, NULL, 'START', NULL, NULL, NULL, NULL, NULL, NULL, 'START', NULL, NULL, NULL, NULL, NULL, NULL, NULL, NULL, NULL, NULL, NULL, NULL, NULL, NULL, 'START', NULL, NULL, NULL, NULL, NULL, NULL, 'START', NULL, NULL, NULL, NULL, NULL, NULL, 'START', NULL, NULL, NULL, NULL, NULL, NULL, NULL, NULL, NULL, NULL, NULL, NULL, NULL, NULL, NULL, NULL, NULL, NULL, NULL, NULL, NULL, NULL, NULL, NULL, NULL, NULL, NULL, NULL, NULL, NULL, NULL, NULL, NULL, NULL, NULL, NULL, NULL, NULL, NULL, NULL, NULL, NULL, NULL, NULL, NULL, NULL, NULL, NULL, NULL, NULL, NULL, NULL, NULL, NULL, NULL, NULL, NULL, NULL, NULL, 'pending', NULL, NULL, NULL, NULL, NULL, NULL, 0, NULL, NULL, NULL, NULL, NULL, NULL, 0, NULL, NULL, NULL, NULL, NULL, NULL, 0, NULL, NULL, NULL, NULL, NULL, NULL, NULL, '2026-02-10 04:22:55', '2026-02-10 04:22:55', NULL, NULL, NULL, NULL, NULL, NULL, NULL, NULL, 'START'),
(1848, 14, 'Diclofenac Sodium', '118.03 FA- 26/P/I/158', '118.03 FA', 3, 2, 2026, 'TABLET_SALUT', '2026-02-10', '2026-02-10', NULL, '2026-02-10', 'START', NULL, NULL, 'START', NULL, NULL, NULL, NULL, NULL, NULL, 'START', NULL, NULL, NULL, NULL, NULL, NULL, 'START', NULL, NULL, NULL, NULL, NULL, NULL, 'START', NULL, NULL, NULL, NULL, NULL, NULL, NULL, NULL, NULL, NULL, NULL, NULL, NULL, NULL, 'START', NULL, NULL, NULL, NULL, NULL, NULL, 'START', NULL, NULL, NULL, NULL, NULL, NULL, 'START', NULL, NULL, NULL, NULL, NULL, NULL, NULL, NULL, NULL, NULL, NULL, NULL, NULL, NULL, NULL, NULL, NULL, NULL, NULL, NULL, NULL, NULL, NULL, NULL, NULL, NULL, NULL, NULL, NULL, NULL, NULL, NULL, NULL, NULL, NULL, NULL, NULL, NULL, NULL, NULL, NULL, NULL, NULL, NULL, NULL, NULL, NULL, NULL, NULL, NULL, NULL, NULL, NULL, NULL, NULL, NULL, NULL, NULL, NULL, 'pending', NULL, NULL, NULL, NULL, NULL, NULL, 0, NULL, NULL, NULL, NULL, NULL, NULL, 0, NULL, NULL, NULL, NULL, NULL, NULL, 0, NULL, NULL, NULL, NULL, NULL, NULL, NULL, '2026-02-10 04:22:55', '2026-02-10 04:22:55', NULL, NULL, NULL, NULL, NULL, NULL, NULL, NULL, 'START'),
(1849, 14, 'Diclofenac Sodium', '118.04 FA- 26/P/I/159', '118.04 FA', 4, 2, 2026, 'TABLET_SALUT', '2026-02-10', '2026-02-10', NULL, '2026-02-10', 'START', NULL, NULL, 'START', NULL, NULL, NULL, NULL, NULL, NULL, 'START', NULL, NULL, NULL, NULL, NULL, NULL, 'START', NULL, NULL, NULL, NULL, NULL, NULL, 'START', NULL, NULL, NULL, NULL, NULL, NULL, NULL, NULL, NULL, NULL, NULL, NULL, NULL, NULL, 'START', NULL, NULL, NULL, NULL, NULL, NULL, 'START', NULL, NULL, NULL, NULL, NULL, NULL, 'START', NULL, NULL, NULL, NULL, NULL, NULL, NULL, NULL, NULL, NULL, NULL, NULL, NULL, NULL, NULL, NULL, NULL, NULL, NULL, NULL, NULL, NULL, NULL, NULL, NULL, NULL, NULL, NULL, NULL, NULL, NULL, NULL, NULL, NULL, NULL, NULL, NULL, NULL, NULL, NULL, NULL, NULL, NULL, NULL, NULL, NULL, NULL, NULL, NULL, NULL, NULL, NULL, NULL, NULL, NULL, NULL, NULL, NULL, NULL, 'pending', NULL, NULL, NULL, NULL, NULL, NULL, 0, NULL, NULL, NULL, NULL, NULL, NULL, 0, NULL, NULL, NULL, NULL, NULL, NULL, 0, NULL, NULL, NULL, NULL, NULL, NULL, NULL, '2026-02-10 04:22:55', '2026-02-10 04:22:55', NULL, NULL, NULL, NULL, NULL, NULL, NULL, NULL, 'START'),
(1850, 14, 'Diclofenac Sodium', '118.05 FA- 26/P/I/160', '118.05 FA', 5, 2, 2026, 'TABLET_SALUT', '2026-02-10', '2026-02-10', NULL, '2026-02-10', 'START', NULL, NULL, 'START', NULL, NULL, NULL, NULL, NULL, NULL, 'START', NULL, NULL, NULL, NULL, NULL, NULL, 'START', NULL, NULL, NULL, NULL, NULL, NULL, 'START', NULL, NULL, NULL, NULL, NULL, NULL, NULL, NULL, NULL, NULL, NULL, NULL, NULL, NULL, 'START', NULL, NULL, NULL, NULL, NULL, NULL, 'START', NULL, NULL, NULL, NULL, NULL, NULL, 'START', NULL, NULL, NULL, NULL, NULL, NULL, NULL, NULL, NULL, NULL, NULL, NULL, NULL, NULL, NULL, NULL, NULL, NULL, NULL, NULL, NULL, NULL, NULL, NULL, NULL, NULL, NULL, NULL, NULL, NULL, NULL, NULL, NULL, NULL, NULL, NULL, NULL, NULL, NULL, NULL, NULL, NULL, NULL, NULL, NULL, NULL, NULL, NULL, NULL, NULL, NULL, NULL, NULL, NULL, NULL, NULL, NULL, NULL, NULL, 'pending', NULL, NULL, NULL, NULL, NULL, NULL, 0, NULL, NULL, NULL, NULL, NULL, NULL, 0, NULL, NULL, NULL, NULL, NULL, NULL, 0, NULL, NULL, NULL, NULL, NULL, NULL, NULL, '2026-02-10 04:22:55', '2026-02-10 04:22:55', NULL, NULL, NULL, NULL, NULL, NULL, NULL, NULL, 'START'),
(1851, 19, 'Corizine 10 mg', '15.01 FA- 26/P/I/51', '15.01 FA', 1, 2, 2026, 'TABLET_SALUT', '2026-02-10', '2026-02-10', NULL, '2026-02-10', 'START', NULL, NULL, 'START', NULL, NULL, NULL, NULL, NULL, NULL, 'START', NULL, NULL, NULL, NULL, NULL, NULL, 'START', NULL, NULL, NULL, NULL, NULL, NULL, 'START', NULL, NULL, NULL, NULL, NULL, NULL, NULL, NULL, NULL, NULL, NULL, NULL, NULL, NULL, 'START', NULL, NULL, NULL, NULL, NULL, NULL, 'START', NULL, NULL, NULL, NULL, NULL, NULL, 'START', NULL, NULL, NULL, NULL, NULL, NULL, NULL, NULL, NULL, NULL, NULL, NULL, NULL, NULL, NULL, NULL, NULL, NULL, NULL, NULL, NULL, NULL, NULL, NULL, NULL, NULL, NULL, NULL, NULL, NULL, NULL, NULL, NULL, NULL, NULL, NULL, NULL, NULL, NULL, NULL, NULL, NULL, NULL, NULL, NULL, NULL, NULL, NULL, NULL, NULL, NULL, NULL, NULL, NULL, NULL, NULL, NULL, NULL, NULL, 'pending', NULL, NULL, NULL, NULL, NULL, NULL, 0, NULL, NULL, NULL, NULL, NULL, NULL, 0, NULL, NULL, NULL, NULL, NULL, NULL, 0, NULL, NULL, NULL, NULL, NULL, NULL, NULL, '2026-02-10 04:22:55', '2026-02-10 04:22:55', NULL, NULL, NULL, NULL, NULL, NULL, NULL, NULL, 'START'),
(1852, 19, 'Corizine 10 mg', '15.02 FA- 26/P/I/52', '15.02 FA', 2, 2, 2026, 'TABLET_SALUT', '2026-02-10', '2026-02-10', NULL, '2026-02-10', 'START', NULL, NULL, 'START', NULL, NULL, NULL, NULL, NULL, NULL, 'START', NULL, NULL, NULL, NULL, NULL, NULL, 'START', NULL, NULL, NULL, NULL, NULL, NULL, 'START', NULL, NULL, NULL, NULL, NULL, NULL, NULL, NULL, NULL, NULL, NULL, NULL, NULL, NULL, 'START', NULL, NULL, NULL, NULL, NULL, NULL, 'START', NULL, NULL, NULL, NULL, NULL, NULL, 'START', NULL, NULL, NULL, NULL, NULL, NULL, NULL, NULL, NULL, NULL, NULL, NULL, NULL, NULL, NULL, NULL, NULL, NULL, NULL, NULL, NULL, NULL, NULL, NULL, NULL, NULL, NULL, NULL, NULL, NULL, NULL, NULL, NULL, NULL, NULL, NULL, NULL, NULL, NULL, NULL, NULL, NULL, NULL, NULL, NULL, NULL, NULL, NULL, NULL, NULL, NULL, NULL, NULL, NULL, NULL, NULL, NULL, NULL, NULL, 'pending', NULL, NULL, NULL, NULL, NULL, NULL, 0, NULL, NULL, NULL, NULL, NULL, NULL, 0, NULL, NULL, NULL, NULL, NULL, NULL, 0, NULL, NULL, NULL, NULL, NULL, NULL, NULL, '2026-02-10 04:22:55', '2026-02-10 04:22:55', NULL, NULL, NULL, NULL, NULL, NULL, NULL, NULL, 'START'),
(1853, 19, 'Corizine 10 mg', '15.03 FA- 26/P/I/53', '15.03 FA', 3, 2, 2026, 'TABLET_SALUT', '2026-02-10', '2026-02-10', NULL, '2026-02-10', 'START', NULL, NULL, 'START', NULL, NULL, NULL, NULL, NULL, NULL, 'START', NULL, NULL, NULL, NULL, NULL, NULL, 'START', NULL, NULL, NULL, NULL, NULL, NULL, 'START', NULL, NULL, NULL, NULL, NULL, NULL, NULL, NULL, NULL, NULL, NULL, NULL, NULL, NULL, 'START', NULL, NULL, NULL, NULL, NULL, NULL, 'START', NULL, NULL, NULL, NULL, NULL, NULL, 'START', NULL, NULL, NULL, NULL, NULL, NULL, NULL, NULL, NULL, NULL, NULL, NULL, NULL, NULL, NULL, NULL, NULL, NULL, NULL, NULL, NULL, NULL, NULL, NULL, NULL, NULL, NULL, NULL, NULL, NULL, NULL, NULL, NULL, NULL, NULL, NULL, NULL, NULL, NULL, NULL, NULL, NULL, NULL, NULL, NULL, NULL, NULL, NULL, NULL, NULL, NULL, NULL, NULL, NULL, NULL, NULL, NULL, NULL, NULL, 'pending', NULL, NULL, NULL, NULL, NULL, NULL, 0, NULL, NULL, NULL, NULL, NULL, NULL, 0, NULL, NULL, NULL, NULL, NULL, NULL, 0, NULL, NULL, NULL, NULL, NULL, NULL, NULL, '2026-02-10 04:22:55', '2026-02-10 04:22:55', NULL, NULL, NULL, NULL, NULL, NULL, NULL, NULL, 'START'),
(1854, 19, 'Corizine 10 mg', '15.04 FA- 26/P/I/54', '15.04 FA', 4, 2, 2026, 'TABLET_SALUT', '2026-02-10', '2026-02-10', NULL, '2026-02-10', 'START', NULL, NULL, 'START', NULL, NULL, NULL, NULL, NULL, NULL, 'START', NULL, NULL, NULL, NULL, NULL, NULL, 'START', NULL, NULL, NULL, NULL, NULL, NULL, 'START', NULL, NULL, NULL, NULL, NULL, NULL, NULL, NULL, NULL, NULL, NULL, NULL, NULL, NULL, 'START', NULL, NULL, NULL, NULL, NULL, NULL, 'START', NULL, NULL, NULL, NULL, NULL, NULL, 'START', NULL, NULL, NULL, NULL, NULL, NULL, NULL, NULL, NULL, NULL, NULL, NULL, NULL, NULL, NULL, NULL, NULL, NULL, NULL, NULL, NULL, NULL, NULL, NULL, NULL, NULL, NULL, NULL, NULL, NULL, NULL, NULL, NULL, NULL, NULL, NULL, NULL, NULL, NULL, NULL, NULL, NULL, NULL, NULL, NULL, NULL, NULL, NULL, NULL, NULL, NULL, NULL, NULL, NULL, NULL, NULL, NULL, NULL, NULL, 'pending', NULL, NULL, NULL, NULL, NULL, NULL, 0, NULL, NULL, NULL, NULL, NULL, NULL, 0, NULL, NULL, NULL, NULL, NULL, NULL, 0, NULL, NULL, NULL, NULL, NULL, NULL, NULL, '2026-02-10 04:22:55', '2026-02-10 04:22:55', NULL, NULL, NULL, NULL, NULL, NULL, NULL, NULL, 'START'),
(1855, 19, 'Corizine 10 mg', '15.05 FA- 26/P/I/55', '15.05 FA', 5, 2, 2026, 'TABLET_SALUT', '2026-02-10', '2026-02-10', NULL, '2026-02-10', 'START', NULL, NULL, 'START', NULL, NULL, NULL, NULL, NULL, NULL, 'START', NULL, NULL, NULL, NULL, NULL, NULL, 'START', NULL, NULL, NULL, NULL, NULL, NULL, 'START', NULL, NULL, NULL, NULL, NULL, NULL, NULL, NULL, NULL, NULL, NULL, NULL, NULL, NULL, 'START', NULL, NULL, NULL, NULL, NULL, NULL, 'START', NULL, NULL, NULL, NULL, NULL, NULL, 'START', NULL, NULL, NULL, NULL, NULL, NULL, NULL, NULL, NULL, NULL, NULL, NULL, NULL, NULL, NULL, NULL, NULL, NULL, NULL, NULL, NULL, NULL, NULL, NULL, NULL, NULL, NULL, NULL, NULL, NULL, NULL, NULL, NULL, NULL, NULL, NULL, NULL, NULL, NULL, NULL, NULL, NULL, NULL, NULL, NULL, NULL, NULL, NULL, NULL, NULL, NULL, NULL, NULL, NULL, NULL, NULL, NULL, NULL, NULL, 'pending', NULL, NULL, NULL, NULL, NULL, NULL, 0, NULL, NULL, NULL, NULL, NULL, NULL, 0, NULL, NULL, NULL, NULL, NULL, NULL, 0, NULL, NULL, NULL, NULL, NULL, NULL, NULL, '2026-02-10 04:22:55', '2026-02-10 04:22:55', NULL, NULL, NULL, NULL, NULL, NULL, NULL, NULL, 'START'),
(1856, 19, 'Corizine 10 mg', '15.06 FA- 26/P/I/56', '15.06 FA', 6, 2, 2026, 'TABLET_SALUT', '2026-02-10', '2026-02-10', NULL, '2026-02-10', 'START', NULL, NULL, 'START', NULL, NULL, NULL, NULL, NULL, NULL, 'START', NULL, NULL, NULL, NULL, NULL, NULL, 'START', NULL, NULL, NULL, NULL, NULL, NULL, 'START', NULL, NULL, NULL, NULL, NULL, NULL, NULL, NULL, NULL, NULL, NULL, NULL, NULL, NULL, 'START', NULL, NULL, NULL, NULL, NULL, NULL, 'START', NULL, NULL, NULL, NULL, NULL, NULL, 'START', NULL, NULL, NULL, NULL, NULL, NULL, NULL, NULL, NULL, NULL, NULL, NULL, NULL, NULL, NULL, NULL, NULL, NULL, NULL, NULL, NULL, NULL, NULL, NULL, NULL, NULL, NULL, NULL, NULL, NULL, NULL, NULL, NULL, NULL, NULL, NULL, NULL, NULL, NULL, NULL, NULL, NULL, NULL, NULL, NULL, NULL, NULL, NULL, NULL, NULL, NULL, NULL, NULL, NULL, NULL, NULL, NULL, NULL, NULL, 'pending', NULL, NULL, NULL, NULL, NULL, NULL, 0, NULL, NULL, NULL, NULL, NULL, NULL, 0, NULL, NULL, NULL, NULL, NULL, NULL, 0, NULL, NULL, NULL, NULL, NULL, NULL, NULL, '2026-02-10 04:22:55', '2026-02-10 04:22:55', NULL, NULL, NULL, NULL, NULL, NULL, NULL, NULL, 'START'),
(1857, 19, 'Corizine 10 mg', '15.07 FA- 26/P/I/57', '15.07 FA', 7, 2, 2026, 'TABLET_SALUT', '2026-02-10', '2026-02-10', NULL, '2026-02-10', 'START', NULL, NULL, 'START', NULL, NULL, NULL, NULL, NULL, NULL, 'START', NULL, NULL, NULL, NULL, NULL, NULL, 'START', NULL, NULL, NULL, NULL, NULL, NULL, 'START', NULL, NULL, NULL, NULL, NULL, NULL, NULL, NULL, NULL, NULL, NULL, NULL, NULL, NULL, 'START', NULL, NULL, NULL, NULL, NULL, NULL, 'START', NULL, NULL, NULL, NULL, NULL, NULL, 'START', NULL, NULL, NULL, NULL, NULL, NULL, NULL, NULL, NULL, NULL, NULL, NULL, NULL, NULL, NULL, NULL, NULL, NULL, NULL, NULL, NULL, NULL, NULL, NULL, NULL, NULL, NULL, NULL, NULL, NULL, NULL, NULL, NULL, NULL, NULL, NULL, NULL, NULL, NULL, NULL, NULL, NULL, NULL, NULL, NULL, NULL, NULL, NULL, NULL, NULL, NULL, NULL, NULL, NULL, NULL, NULL, NULL, NULL, NULL, 'pending', NULL, NULL, NULL, NULL, NULL, NULL, 0, NULL, NULL, NULL, NULL, NULL, NULL, 0, NULL, NULL, NULL, NULL, NULL, NULL, 0, NULL, NULL, NULL, NULL, NULL, NULL, NULL, '2026-02-10 04:22:55', '2026-02-10 04:22:55', NULL, NULL, NULL, NULL, NULL, NULL, NULL, NULL, 'START'),
(1858, 19, 'Corizine 10 mg', '15.08 FA- 26/P/I/58', '15.08 FA', 8, 2, 2026, 'TABLET_SALUT', '2026-02-10', '2026-02-10', NULL, '2026-02-10', 'START', NULL, NULL, 'START', NULL, NULL, NULL, NULL, NULL, NULL, 'START', NULL, NULL, NULL, NULL, NULL, NULL, 'START', NULL, NULL, NULL, NULL, NULL, NULL, 'START', NULL, NULL, NULL, NULL, NULL, NULL, NULL, NULL, NULL, NULL, NULL, NULL, NULL, NULL, 'START', NULL, NULL, NULL, NULL, NULL, NULL, 'START', NULL, NULL, NULL, NULL, NULL, NULL, 'START', NULL, NULL, NULL, NULL, NULL, NULL, NULL, NULL, NULL, NULL, NULL, NULL, NULL, NULL, NULL, NULL, NULL, NULL, NULL, NULL, NULL, NULL, NULL, NULL, NULL, NULL, NULL, NULL, NULL, NULL, NULL, NULL, NULL, NULL, NULL, NULL, NULL, NULL, NULL, NULL, NULL, NULL, NULL, NULL, NULL, NULL, NULL, NULL, NULL, NULL, NULL, NULL, NULL, NULL, NULL, NULL, NULL, NULL, NULL, 'pending', NULL, NULL, NULL, NULL, NULL, NULL, 0, NULL, NULL, NULL, NULL, NULL, NULL, 0, NULL, NULL, NULL, NULL, NULL, NULL, 0, NULL, NULL, NULL, NULL, NULL, NULL, NULL, '2026-02-10 04:22:55', '2026-02-10 04:22:55', NULL, NULL, NULL, NULL, NULL, NULL, NULL, NULL, 'START'),
(1859, 19, 'Corizine 10 mg', '15.09 FA- 26/P/I/59', '15.09 FA', 9, 2, 2026, 'TABLET_SALUT', '2026-02-10', '2026-02-10', NULL, '2026-02-10', 'START', NULL, NULL, 'START', NULL, NULL, NULL, NULL, NULL, NULL, 'START', NULL, NULL, NULL, NULL, NULL, NULL, 'START', NULL, NULL, NULL, NULL, NULL, NULL, 'START', NULL, NULL, NULL, NULL, NULL, NULL, NULL, NULL, NULL, NULL, NULL, NULL, NULL, NULL, 'START', NULL, NULL, NULL, NULL, NULL, NULL, 'START', NULL, NULL, NULL, NULL, NULL, NULL, 'START', NULL, NULL, NULL, NULL, NULL, NULL, NULL, NULL, NULL, NULL, NULL, NULL, NULL, NULL, NULL, NULL, NULL, NULL, NULL, NULL, NULL, NULL, NULL, NULL, NULL, NULL, NULL, NULL, NULL, NULL, NULL, NULL, NULL, NULL, NULL, NULL, NULL, NULL, NULL, NULL, NULL, NULL, NULL, NULL, NULL, NULL, NULL, NULL, NULL, NULL, NULL, NULL, NULL, NULL, NULL, NULL, NULL, NULL, NULL, 'pending', NULL, NULL, NULL, NULL, NULL, NULL, 0, NULL, NULL, NULL, NULL, NULL, NULL, 0, NULL, NULL, NULL, NULL, NULL, NULL, 0, NULL, NULL, NULL, NULL, NULL, NULL, NULL, '2026-02-10 04:22:55', '2026-02-10 04:22:55', NULL, NULL, NULL, NULL, NULL, NULL, NULL, NULL, 'START'),
(1860, 19, 'Corizine 10 mg', '15.10 FA- 26/P/I/60', '15.10 FA', 10, 2, 2026, 'TABLET_SALUT', '2026-02-10', '2026-02-10', NULL, '2026-02-10', 'START', NULL, NULL, 'START', NULL, NULL, NULL, NULL, NULL, NULL, 'START', NULL, NULL, NULL, NULL, NULL, NULL, 'START', NULL, NULL, NULL, NULL, NULL, NULL, 'START', NULL, NULL, NULL, NULL, NULL, NULL, NULL, NULL, NULL, NULL, NULL, NULL, NULL, NULL, 'START', NULL, NULL, NULL, NULL, NULL, NULL, 'START', NULL, NULL, NULL, NULL, NULL, NULL, 'START', NULL, NULL, NULL, NULL, NULL, NULL, NULL, NULL, NULL, NULL, NULL, NULL, NULL, NULL, NULL, NULL, NULL, NULL, NULL, NULL, NULL, NULL, NULL, NULL, NULL, NULL, NULL, NULL, NULL, NULL, NULL, NULL, NULL, NULL, NULL, NULL, NULL, NULL, NULL, NULL, NULL, NULL, NULL, NULL, NULL, NULL, NULL, NULL, NULL, NULL, NULL, NULL, NULL, NULL, NULL, NULL, NULL, NULL, NULL, 'pending', NULL, NULL, NULL, NULL, NULL, NULL, 0, NULL, NULL, NULL, NULL, NULL, NULL, 0, NULL, NULL, NULL, NULL, NULL, NULL, 0, NULL, NULL, NULL, NULL, NULL, NULL, NULL, '2026-02-10 04:22:55', '2026-02-10 04:22:55', NULL, NULL, NULL, NULL, NULL, NULL, NULL, NULL, 'START'),
(1861, 57, 'OBAT GIGI BKT', '16.01 FA- 26/CO/I/1', '16.01 FA', 1, 2, 2026, 'CAIRAN_LUAR', '2026-02-10', '2026-02-10', NULL, '2026-02-10', 'START', NULL, NULL, 'START', NULL, NULL, NULL, NULL, NULL, NULL, 'START', NULL, NULL, NULL, NULL, NULL, NULL, 'START', NULL, NULL, NULL, NULL, NULL, NULL, 'START', NULL, NULL, NULL, NULL, NULL, NULL, NULL, NULL, NULL, NULL, NULL, NULL, NULL, NULL, 'START', NULL, NULL, NULL, NULL, NULL, NULL, 'START', NULL, NULL, NULL, NULL, NULL, NULL, 'START', NULL, NULL, NULL, NULL, NULL, NULL, NULL, NULL, NULL, NULL, NULL, NULL, NULL, NULL, NULL, NULL, NULL, NULL, NULL, NULL, NULL, NULL, NULL, NULL, NULL, NULL, NULL, NULL, NULL, NULL, NULL, NULL, NULL, NULL, NULL, NULL, NULL, NULL, NULL, NULL, NULL, NULL, NULL, NULL, NULL, NULL, NULL, NULL, NULL, NULL, NULL, NULL, NULL, NULL, NULL, NULL, NULL, NULL, NULL, 'pending', NULL, NULL, NULL, NULL, NULL, NULL, 0, NULL, NULL, NULL, NULL, NULL, NULL, 0, NULL, NULL, NULL, NULL, NULL, NULL, 0, NULL, NULL, NULL, NULL, NULL, NULL, NULL, '2026-02-10 04:22:55', '2026-02-10 04:22:55', NULL, NULL, NULL, NULL, NULL, NULL, NULL, NULL, 'START'),
(1862, 43, 'Betamin 100s', '18.01 FA- 26/P/I/61', '18.01 FA', 1, 2, 2026, 'TABLET_SALUT', '2026-02-10', '2026-02-10', NULL, '2026-02-10', 'START', NULL, NULL, 'START', NULL, NULL, NULL, NULL, NULL, NULL, 'START', NULL, NULL, NULL, NULL, NULL, NULL, 'START', NULL, NULL, NULL, NULL, NULL, NULL, 'START', NULL, NULL, NULL, NULL, NULL, NULL, NULL, NULL, NULL, NULL, NULL, NULL, NULL, NULL, 'START', NULL, NULL, NULL, NULL, NULL, NULL, 'START', NULL, NULL, NULL, NULL, NULL, NULL, 'START', NULL, NULL, NULL, NULL, NULL, NULL, NULL, NULL, NULL, NULL, NULL, NULL, NULL, NULL, NULL, NULL, NULL, NULL, NULL, NULL, NULL, NULL, NULL, NULL, NULL, NULL, NULL, NULL, NULL, NULL, NULL, NULL, NULL, NULL, NULL, NULL, NULL, NULL, NULL, NULL, NULL, NULL, NULL, NULL, NULL, NULL, NULL, NULL, NULL, NULL, NULL, NULL, NULL, NULL, NULL, NULL, NULL, NULL, NULL, 'pending', NULL, NULL, NULL, NULL, NULL, NULL, 0, NULL, NULL, NULL, NULL, NULL, NULL, 0, NULL, NULL, NULL, NULL, NULL, NULL, 0, NULL, NULL, NULL, NULL, NULL, NULL, NULL, '2026-02-10 04:22:55', '2026-02-10 04:22:55', NULL, NULL, NULL, NULL, NULL, NULL, NULL, NULL, 'START'),
(1863, 43, 'Betamin 100s', '18.02 FA- 26/P/I/62', '18.02 FA', 2, 2, 2026, 'TABLET_SALUT', '2026-02-10', '2026-02-10', NULL, '2026-02-10', 'START', NULL, NULL, 'START', NULL, NULL, NULL, NULL, NULL, NULL, 'START', NULL, NULL, NULL, NULL, NULL, NULL, 'START', NULL, NULL, NULL, NULL, NULL, NULL, 'START', NULL, NULL, NULL, NULL, NULL, NULL, NULL, NULL, NULL, NULL, NULL, NULL, NULL, NULL, 'START', NULL, NULL, NULL, NULL, NULL, NULL, 'START', NULL, NULL, NULL, NULL, NULL, NULL, 'START', NULL, NULL, NULL, NULL, NULL, NULL, NULL, NULL, NULL, NULL, NULL, NULL, NULL, NULL, NULL, NULL, NULL, NULL, NULL, NULL, NULL, NULL, NULL, NULL, NULL, NULL, NULL, NULL, NULL, NULL, NULL, NULL, NULL, NULL, NULL, NULL, NULL, NULL, NULL, NULL, NULL, NULL, NULL, NULL, NULL, NULL, NULL, NULL, NULL, NULL, NULL, NULL, NULL, NULL, NULL, NULL, NULL, NULL, NULL, 'pending', NULL, NULL, NULL, NULL, NULL, NULL, 0, NULL, NULL, NULL, NULL, NULL, NULL, 0, NULL, NULL, NULL, NULL, NULL, NULL, 0, NULL, NULL, NULL, NULL, NULL, NULL, NULL, '2026-02-10 04:22:55', '2026-02-10 04:22:55', NULL, NULL, NULL, NULL, NULL, NULL, NULL, NULL, 'START'),
(1864, 43, 'Betamin 100s', '18.03 FA- 26/P/I/63', '18.03 FA', 3, 2, 2026, 'TABLET_SALUT', '2026-02-10', '2026-02-10', NULL, '2026-02-10', 'START', NULL, NULL, 'START', NULL, NULL, NULL, NULL, NULL, NULL, 'START', NULL, NULL, NULL, NULL, NULL, NULL, 'START', NULL, NULL, NULL, NULL, NULL, NULL, 'START', NULL, NULL, NULL, NULL, NULL, NULL, NULL, NULL, NULL, NULL, NULL, NULL, NULL, NULL, 'START', NULL, NULL, NULL, NULL, NULL, NULL, 'START', NULL, NULL, NULL, NULL, NULL, NULL, 'START', NULL, NULL, NULL, NULL, NULL, NULL, NULL, NULL, NULL, NULL, NULL, NULL, NULL, NULL, NULL, NULL, NULL, NULL, NULL, NULL, NULL, NULL, NULL, NULL, NULL, NULL, NULL, NULL, NULL, NULL, NULL, NULL, NULL, NULL, NULL, NULL, NULL, NULL, NULL, NULL, NULL, NULL, NULL, NULL, NULL, NULL, NULL, NULL, NULL, NULL, NULL, NULL, NULL, NULL, NULL, NULL, NULL, NULL, NULL, 'pending', NULL, NULL, NULL, NULL, NULL, NULL, 0, NULL, NULL, NULL, NULL, NULL, NULL, 0, NULL, NULL, NULL, NULL, NULL, NULL, 0, NULL, NULL, NULL, NULL, NULL, NULL, NULL, '2026-02-10 04:22:55', '2026-02-10 04:22:55', NULL, NULL, NULL, NULL, NULL, NULL, NULL, NULL, 'START'),
(1865, 43, 'Betamin 100s', '18.04 FA- 26/P/I/64', '18.04 FA', 4, 2, 2026, 'TABLET_SALUT', '2026-02-10', '2026-02-10', NULL, '2026-02-10', 'START', NULL, NULL, 'START', NULL, NULL, NULL, NULL, NULL, NULL, 'START', NULL, NULL, NULL, NULL, NULL, NULL, 'START', NULL, NULL, NULL, NULL, NULL, NULL, 'START', NULL, NULL, NULL, NULL, NULL, NULL, NULL, NULL, NULL, NULL, NULL, NULL, NULL, NULL, 'START', NULL, NULL, NULL, NULL, NULL, NULL, 'START', NULL, NULL, NULL, NULL, NULL, NULL, 'START', NULL, NULL, NULL, NULL, NULL, NULL, NULL, NULL, NULL, NULL, NULL, NULL, NULL, NULL, NULL, NULL, NULL, NULL, NULL, NULL, NULL, NULL, NULL, NULL, NULL, NULL, NULL, NULL, NULL, NULL, NULL, NULL, NULL, NULL, NULL, NULL, NULL, NULL, NULL, NULL, NULL, NULL, NULL, NULL, NULL, NULL, NULL, NULL, NULL, NULL, NULL, NULL, NULL, NULL, NULL, NULL, NULL, NULL, NULL, 'pending', NULL, NULL, NULL, NULL, NULL, NULL, 0, NULL, NULL, NULL, NULL, NULL, NULL, 0, NULL, NULL, NULL, NULL, NULL, NULL, 0, NULL, NULL, NULL, NULL, NULL, NULL, NULL, '2026-02-10 04:22:55', '2026-02-10 04:22:55', NULL, NULL, NULL, NULL, NULL, NULL, NULL, NULL, 'START'),
(1866, 43, 'Betamin 100s', '18.05 FA- 26/P/I/65', '18.05 FA', 5, 2, 2026, 'TABLET_SALUT', '2026-02-10', '2026-02-10', NULL, '2026-02-10', 'START', NULL, NULL, 'START', NULL, NULL, NULL, NULL, NULL, NULL, 'START', NULL, NULL, NULL, NULL, NULL, NULL, 'START', NULL, NULL, NULL, NULL, NULL, NULL, 'START', NULL, NULL, NULL, NULL, NULL, NULL, NULL, NULL, NULL, NULL, NULL, NULL, NULL, NULL, 'START', NULL, NULL, NULL, NULL, NULL, NULL, 'START', NULL, NULL, NULL, NULL, NULL, NULL, 'START', NULL, NULL, NULL, NULL, NULL, NULL, NULL, NULL, NULL, NULL, NULL, NULL, NULL, NULL, NULL, NULL, NULL, NULL, NULL, NULL, NULL, NULL, NULL, NULL, NULL, NULL, NULL, NULL, NULL, NULL, NULL, NULL, NULL, NULL, NULL, NULL, NULL, NULL, NULL, NULL, NULL, NULL, NULL, NULL, NULL, NULL, NULL, NULL, NULL, NULL, NULL, NULL, NULL, NULL, NULL, NULL, NULL, NULL, NULL, 'pending', NULL, NULL, NULL, NULL, NULL, NULL, 0, NULL, NULL, NULL, NULL, NULL, NULL, 0, NULL, NULL, NULL, NULL, NULL, NULL, 0, NULL, NULL, NULL, NULL, NULL, NULL, NULL, '2026-02-10 04:22:55', '2026-02-10 04:22:55', NULL, NULL, NULL, NULL, NULL, NULL, NULL, NULL, 'START'),
(1867, 43, 'Betamin 100s', '18.06 FA- 26/P/I/146', '18.06 FA', 6, 2, 2026, 'TABLET_SALUT', '2026-02-10', '2026-02-10', NULL, '2026-02-10', 'START', NULL, NULL, 'START', NULL, NULL, NULL, NULL, NULL, NULL, 'START', NULL, NULL, NULL, NULL, NULL, NULL, 'START', NULL, NULL, NULL, NULL, NULL, NULL, 'START', NULL, NULL, NULL, NULL, NULL, NULL, NULL, NULL, NULL, NULL, NULL, NULL, NULL, NULL, 'START', NULL, NULL, NULL, NULL, NULL, NULL, 'START', NULL, NULL, NULL, NULL, NULL, NULL, 'START', NULL, NULL, NULL, NULL, NULL, NULL, NULL, NULL, NULL, NULL, NULL, NULL, NULL, NULL, NULL, NULL, NULL, NULL, NULL, NULL, NULL, NULL, NULL, NULL, NULL, NULL, NULL, NULL, NULL, NULL, NULL, NULL, NULL, NULL, NULL, NULL, NULL, NULL, NULL, NULL, NULL, NULL, NULL, NULL, NULL, NULL, NULL, NULL, NULL, NULL, NULL, NULL, NULL, NULL, NULL, NULL, NULL, NULL, NULL, 'pending', NULL, NULL, NULL, NULL, NULL, NULL, 0, NULL, NULL, NULL, NULL, NULL, NULL, 0, NULL, NULL, NULL, NULL, NULL, NULL, 0, NULL, NULL, NULL, NULL, NULL, NULL, NULL, '2026-02-10 04:22:55', '2026-02-10 04:22:55', NULL, NULL, NULL, NULL, NULL, NULL, NULL, NULL, 'START'),
(1868, 43, 'Betamin 100s', '18.07 FA- 26/P/I/147', '18.07 FA', 7, 2, 2026, 'TABLET_SALUT', '2026-02-10', '2026-02-10', NULL, '2026-02-10', 'START', NULL, NULL, 'START', NULL, NULL, NULL, NULL, NULL, NULL, 'START', NULL, NULL, NULL, NULL, NULL, NULL, 'START', NULL, NULL, NULL, NULL, NULL, NULL, 'START', NULL, NULL, NULL, NULL, NULL, NULL, NULL, NULL, NULL, NULL, NULL, NULL, NULL, NULL, 'START', NULL, NULL, NULL, NULL, NULL, NULL, 'START', NULL, NULL, NULL, NULL, NULL, NULL, 'START', NULL, NULL, NULL, NULL, NULL, NULL, NULL, NULL, NULL, NULL, NULL, NULL, NULL, NULL, NULL, NULL, NULL, NULL, NULL, NULL, NULL, NULL, NULL, NULL, NULL, NULL, NULL, NULL, NULL, NULL, NULL, NULL, NULL, NULL, NULL, NULL, NULL, NULL, NULL, NULL, NULL, NULL, NULL, NULL, NULL, NULL, NULL, NULL, NULL, NULL, NULL, NULL, NULL, NULL, NULL, NULL, NULL, NULL, NULL, 'pending', NULL, NULL, NULL, NULL, NULL, NULL, 0, NULL, NULL, NULL, NULL, NULL, NULL, 0, NULL, NULL, NULL, NULL, NULL, NULL, 0, NULL, NULL, NULL, NULL, NULL, NULL, NULL, '2026-02-10 04:22:55', '2026-02-10 04:22:55', NULL, NULL, NULL, NULL, NULL, NULL, NULL, NULL, 'START'),
(1869, 43, 'Betamin 100s', '18.08 FA- 26/P/I/148', '18.08 FA', 8, 2, 2026, 'TABLET_SALUT', '2026-02-10', '2026-02-10', NULL, '2026-02-10', 'START', NULL, NULL, 'START', NULL, NULL, NULL, NULL, NULL, NULL, 'START', NULL, NULL, NULL, NULL, NULL, NULL, 'START', NULL, NULL, NULL, NULL, NULL, NULL, 'START', NULL, NULL, NULL, NULL, NULL, NULL, NULL, NULL, NULL, NULL, NULL, NULL, NULL, NULL, 'START', NULL, NULL, NULL, NULL, NULL, NULL, 'START', NULL, NULL, NULL, NULL, NULL, NULL, 'START', NULL, NULL, NULL, NULL, NULL, NULL, NULL, NULL, NULL, NULL, NULL, NULL, NULL, NULL, NULL, NULL, NULL, NULL, NULL, NULL, NULL, NULL, NULL, NULL, NULL, NULL, NULL, NULL, NULL, NULL, NULL, NULL, NULL, NULL, NULL, NULL, NULL, NULL, NULL, NULL, NULL, NULL, NULL, NULL, NULL, NULL, NULL, NULL, NULL, NULL, NULL, NULL, NULL, NULL, NULL, NULL, NULL, NULL, NULL, 'pending', NULL, NULL, NULL, NULL, NULL, NULL, 0, NULL, NULL, NULL, NULL, NULL, NULL, 0, NULL, NULL, NULL, NULL, NULL, NULL, 0, NULL, NULL, NULL, NULL, NULL, NULL, NULL, '2026-02-10 04:22:55', '2026-02-10 04:22:55', NULL, NULL, NULL, NULL, NULL, NULL, NULL, NULL, 'START'),
(1870, 43, 'Betamin 100s', '18.09 FA- 26/P/I/149', '18.09 FA', 9, 2, 2026, 'TABLET_SALUT', '2026-02-10', '2026-02-10', NULL, '2026-02-10', 'START', NULL, NULL, 'START', NULL, NULL, NULL, NULL, NULL, NULL, 'START', NULL, NULL, NULL, NULL, NULL, NULL, 'START', NULL, NULL, NULL, NULL, NULL, NULL, 'START', NULL, NULL, NULL, NULL, NULL, NULL, NULL, NULL, NULL, NULL, NULL, NULL, NULL, NULL, 'START', NULL, NULL, NULL, NULL, NULL, NULL, 'START', NULL, NULL, NULL, NULL, NULL, NULL, 'START', NULL, NULL, NULL, NULL, NULL, NULL, NULL, NULL, NULL, NULL, NULL, NULL, NULL, NULL, NULL, NULL, NULL, NULL, NULL, NULL, NULL, NULL, NULL, NULL, NULL, NULL, NULL, NULL, NULL, NULL, NULL, NULL, NULL, NULL, NULL, NULL, NULL, NULL, NULL, NULL, NULL, NULL, NULL, NULL, NULL, NULL, NULL, NULL, NULL, NULL, NULL, NULL, NULL, NULL, NULL, NULL, NULL, NULL, NULL, 'pending', NULL, NULL, NULL, NULL, NULL, NULL, 0, NULL, NULL, NULL, NULL, NULL, NULL, 0, NULL, NULL, NULL, NULL, NULL, NULL, 0, NULL, NULL, NULL, NULL, NULL, NULL, NULL, '2026-02-10 04:22:55', '2026-02-10 04:22:55', NULL, NULL, NULL, NULL, NULL, NULL, NULL, NULL, 'START'),
(1871, 43, 'Betamin 100s', '18.10 FA- 26/P/I/150', '18.10 FA', 10, 2, 2026, 'TABLET_SALUT', '2026-02-10', '2026-02-10', NULL, '2026-02-10', 'START', NULL, NULL, 'START', NULL, NULL, NULL, NULL, NULL, NULL, 'START', NULL, NULL, NULL, NULL, NULL, NULL, 'START', NULL, NULL, NULL, NULL, NULL, NULL, 'START', NULL, NULL, NULL, NULL, NULL, NULL, NULL, NULL, NULL, NULL, NULL, NULL, NULL, NULL, 'START', NULL, NULL, NULL, NULL, NULL, NULL, 'START', NULL, NULL, NULL, NULL, NULL, NULL, 'START', NULL, NULL, NULL, NULL, NULL, NULL, NULL, NULL, NULL, NULL, NULL, NULL, NULL, NULL, NULL, NULL, NULL, NULL, NULL, NULL, NULL, NULL, NULL, NULL, NULL, NULL, NULL, NULL, NULL, NULL, NULL, NULL, NULL, NULL, NULL, NULL, NULL, NULL, NULL, NULL, NULL, NULL, NULL, NULL, NULL, NULL, NULL, NULL, NULL, NULL, NULL, NULL, NULL, NULL, NULL, NULL, NULL, NULL, NULL, 'pending', NULL, NULL, NULL, NULL, NULL, NULL, 0, NULL, NULL, NULL, NULL, NULL, NULL, 0, NULL, NULL, NULL, NULL, NULL, NULL, 0, NULL, NULL, NULL, NULL, NULL, NULL, NULL, '2026-02-10 04:22:55', '2026-02-10 04:22:55', NULL, NULL, NULL, NULL, NULL, NULL, NULL, NULL, 'START'),
(1872, 24, 'Samtaflam 50', '30.01 FA- 26/P/I/121', '30.01 FA', 1, 2, 2026, 'TABLET_SALUT', '2026-02-10', '2026-02-10', NULL, '2026-02-10', 'START', NULL, NULL, 'START', NULL, NULL, NULL, NULL, NULL, NULL, 'START', NULL, NULL, NULL, NULL, NULL, NULL, 'START', NULL, NULL, NULL, NULL, NULL, NULL, 'START', NULL, NULL, NULL, NULL, NULL, NULL, NULL, NULL, NULL, NULL, NULL, NULL, NULL, NULL, 'START', NULL, NULL, NULL, NULL, NULL, NULL, 'START', NULL, NULL, NULL, NULL, NULL, NULL, 'START', NULL, NULL, NULL, NULL, NULL, NULL, NULL, NULL, NULL, NULL, NULL, NULL, NULL, NULL, NULL, NULL, NULL, NULL, NULL, NULL, NULL, NULL, NULL, NULL, NULL, NULL, NULL, NULL, NULL, NULL, NULL, NULL, NULL, NULL, NULL, NULL, NULL, NULL, NULL, NULL, NULL, NULL, NULL, NULL, NULL, NULL, NULL, NULL, NULL, NULL, NULL, NULL, NULL, NULL, NULL, NULL, NULL, NULL, NULL, 'pending', NULL, NULL, NULL, NULL, NULL, NULL, 0, NULL, NULL, NULL, NULL, NULL, NULL, 0, NULL, NULL, NULL, NULL, NULL, NULL, 0, NULL, NULL, NULL, NULL, NULL, NULL, NULL, '2026-02-10 04:22:55', '2026-02-10 04:22:55', NULL, NULL, NULL, NULL, NULL, NULL, NULL, NULL, 'START'),
(1873, 24, 'Samtaflam 50', '30.02 FA- 26/P/I/122', '30.02 FA', 2, 2, 2026, 'TABLET_SALUT', '2026-02-10', '2026-02-10', NULL, '2026-02-10', 'START', NULL, NULL, 'START', NULL, NULL, NULL, NULL, NULL, NULL, 'START', NULL, NULL, NULL, NULL, NULL, NULL, 'START', NULL, NULL, NULL, NULL, NULL, NULL, 'START', NULL, NULL, NULL, NULL, NULL, NULL, NULL, NULL, NULL, NULL, NULL, NULL, NULL, NULL, 'START', NULL, NULL, NULL, NULL, NULL, NULL, 'START', NULL, NULL, NULL, NULL, NULL, NULL, 'START', NULL, NULL, NULL, NULL, NULL, NULL, NULL, NULL, NULL, NULL, NULL, NULL, NULL, NULL, NULL, NULL, NULL, NULL, NULL, NULL, NULL, NULL, NULL, NULL, NULL, NULL, NULL, NULL, NULL, NULL, NULL, NULL, NULL, NULL, NULL, NULL, NULL, NULL, NULL, NULL, NULL, NULL, NULL, NULL, NULL, NULL, NULL, NULL, NULL, NULL, NULL, NULL, NULL, NULL, NULL, NULL, NULL, NULL, NULL, 'pending', NULL, NULL, NULL, NULL, NULL, NULL, 0, NULL, NULL, NULL, NULL, NULL, NULL, 0, NULL, NULL, NULL, NULL, NULL, NULL, 0, NULL, NULL, NULL, NULL, NULL, NULL, NULL, '2026-02-10 04:22:55', '2026-02-10 04:22:55', NULL, NULL, NULL, NULL, NULL, NULL, NULL, NULL, 'START'),
(1874, 24, 'Samtaflam 50', '30.03 FA- 26/P/I/123', '30.03 FA', 3, 2, 2026, 'TABLET_SALUT', '2026-02-10', '2026-02-10', NULL, '2026-02-10', 'START', NULL, NULL, 'START', NULL, NULL, NULL, NULL, NULL, NULL, 'START', NULL, NULL, NULL, NULL, NULL, NULL, 'START', NULL, NULL, NULL, NULL, NULL, NULL, 'START', NULL, NULL, NULL, NULL, NULL, NULL, NULL, NULL, NULL, NULL, NULL, NULL, NULL, NULL, 'START', NULL, NULL, NULL, NULL, NULL, NULL, 'START', NULL, NULL, NULL, NULL, NULL, NULL, 'START', NULL, NULL, NULL, NULL, NULL, NULL, NULL, NULL, NULL, NULL, NULL, NULL, NULL, NULL, NULL, NULL, NULL, NULL, NULL, NULL, NULL, NULL, NULL, NULL, NULL, NULL, NULL, NULL, NULL, NULL, NULL, NULL, NULL, NULL, NULL, NULL, NULL, NULL, NULL, NULL, NULL, NULL, NULL, NULL, NULL, NULL, NULL, NULL, NULL, NULL, NULL, NULL, NULL, NULL, NULL, NULL, NULL, NULL, NULL, 'pending', NULL, NULL, NULL, NULL, NULL, NULL, 0, NULL, NULL, NULL, NULL, NULL, NULL, 0, NULL, NULL, NULL, NULL, NULL, NULL, 0, NULL, NULL, NULL, NULL, NULL, NULL, NULL, '2026-02-10 04:22:55', '2026-02-10 04:22:55', NULL, NULL, NULL, NULL, NULL, NULL, NULL, NULL, 'START'),
(1875, 24, 'Samtaflam 50', '30.04 FA- 26/P/I/124', '30.04 FA', 4, 2, 2026, 'TABLET_SALUT', '2026-02-10', '2026-02-10', NULL, '2026-02-10', 'START', NULL, NULL, 'START', NULL, NULL, NULL, NULL, NULL, NULL, 'START', NULL, NULL, NULL, NULL, NULL, NULL, 'START', NULL, NULL, NULL, NULL, NULL, NULL, 'START', NULL, NULL, NULL, NULL, NULL, NULL, NULL, NULL, NULL, NULL, NULL, NULL, NULL, NULL, 'START', NULL, NULL, NULL, NULL, NULL, NULL, 'START', NULL, NULL, NULL, NULL, NULL, NULL, 'START', NULL, NULL, NULL, NULL, NULL, NULL, NULL, NULL, NULL, NULL, NULL, NULL, NULL, NULL, NULL, NULL, NULL, NULL, NULL, NULL, NULL, NULL, NULL, NULL, NULL, NULL, NULL, NULL, NULL, NULL, NULL, NULL, NULL, NULL, NULL, NULL, NULL, NULL, NULL, NULL, NULL, NULL, NULL, NULL, NULL, NULL, NULL, NULL, NULL, NULL, NULL, NULL, NULL, NULL, NULL, NULL, NULL, NULL, NULL, 'pending', NULL, NULL, NULL, NULL, NULL, NULL, 0, NULL, NULL, NULL, NULL, NULL, NULL, 0, NULL, NULL, NULL, NULL, NULL, NULL, 0, NULL, NULL, NULL, NULL, NULL, NULL, NULL, '2026-02-10 04:22:55', '2026-02-10 04:22:55', NULL, NULL, NULL, NULL, NULL, NULL, NULL, NULL, 'START'),
(1876, 24, 'Samtaflam 50', '30.05 FA- 26/P/I/125', '30.05 FA', 5, 2, 2026, 'TABLET_SALUT', '2026-02-10', '2026-02-10', NULL, '2026-02-10', 'START', NULL, NULL, 'START', NULL, NULL, NULL, NULL, NULL, NULL, 'START', NULL, NULL, NULL, NULL, NULL, NULL, 'START', NULL, NULL, NULL, NULL, NULL, NULL, 'START', NULL, NULL, NULL, NULL, NULL, NULL, NULL, NULL, NULL, NULL, NULL, NULL, NULL, NULL, 'START', NULL, NULL, NULL, NULL, NULL, NULL, 'START', NULL, NULL, NULL, NULL, NULL, NULL, 'START', NULL, NULL, NULL, NULL, NULL, NULL, NULL, NULL, NULL, NULL, NULL, NULL, NULL, NULL, NULL, NULL, NULL, NULL, NULL, NULL, NULL, NULL, NULL, NULL, NULL, NULL, NULL, NULL, NULL, NULL, NULL, NULL, NULL, NULL, NULL, NULL, NULL, NULL, NULL, NULL, NULL, NULL, NULL, NULL, NULL, NULL, NULL, NULL, NULL, NULL, NULL, NULL, NULL, NULL, NULL, NULL, NULL, NULL, NULL, 'pending', NULL, NULL, NULL, NULL, NULL, NULL, 0, NULL, NULL, NULL, NULL, NULL, NULL, 0, NULL, NULL, NULL, NULL, NULL, NULL, 0, NULL, NULL, NULL, NULL, NULL, NULL, NULL, '2026-02-10 04:22:55', '2026-02-10 04:22:55', NULL, NULL, NULL, NULL, NULL, NULL, NULL, NULL, 'START'),
(1877, 24, 'Samtaflam 50', '30.06 FA- 26/P/I/126', '30.06 FA', 6, 2, 2026, 'TABLET_SALUT', '2026-02-10', '2026-02-10', NULL, '2026-02-10', 'START', NULL, NULL, 'START', NULL, NULL, NULL, NULL, NULL, NULL, 'START', NULL, NULL, NULL, NULL, NULL, NULL, 'START', NULL, NULL, NULL, NULL, NULL, NULL, 'START', NULL, NULL, NULL, NULL, NULL, NULL, NULL, NULL, NULL, NULL, NULL, NULL, NULL, NULL, 'START', NULL, NULL, NULL, NULL, NULL, NULL, 'START', NULL, NULL, NULL, NULL, NULL, NULL, 'START', NULL, NULL, NULL, NULL, NULL, NULL, NULL, NULL, NULL, NULL, NULL, NULL, NULL, NULL, NULL, NULL, NULL, NULL, NULL, NULL, NULL, NULL, NULL, NULL, NULL, NULL, NULL, NULL, NULL, NULL, NULL, NULL, NULL, NULL, NULL, NULL, NULL, NULL, NULL, NULL, NULL, NULL, NULL, NULL, NULL, NULL, NULL, NULL, NULL, NULL, NULL, NULL, NULL, NULL, NULL, NULL, NULL, NULL, NULL, 'pending', NULL, NULL, NULL, NULL, NULL, NULL, 0, NULL, NULL, NULL, NULL, NULL, NULL, 0, NULL, NULL, NULL, NULL, NULL, NULL, 0, NULL, NULL, NULL, NULL, NULL, NULL, NULL, '2026-02-10 04:22:55', '2026-02-10 04:22:55', NULL, NULL, NULL, NULL, NULL, NULL, NULL, NULL, 'START'),
(1878, 24, 'Samtaflam 50', '30.07 FA- 26/P/I/127', '30.07 FA', 7, 2, 2026, 'TABLET_SALUT', '2026-02-10', '2026-02-10', NULL, '2026-02-10', 'START', NULL, NULL, 'START', NULL, NULL, NULL, NULL, NULL, NULL, 'START', NULL, NULL, NULL, NULL, NULL, NULL, 'START', NULL, NULL, NULL, NULL, NULL, NULL, 'START', NULL, NULL, NULL, NULL, NULL, NULL, NULL, NULL, NULL, NULL, NULL, NULL, NULL, NULL, 'START', NULL, NULL, NULL, NULL, NULL, NULL, 'START', NULL, NULL, NULL, NULL, NULL, NULL, 'START', NULL, NULL, NULL, NULL, NULL, NULL, NULL, NULL, NULL, NULL, NULL, NULL, NULL, NULL, NULL, NULL, NULL, NULL, NULL, NULL, NULL, NULL, NULL, NULL, NULL, NULL, NULL, NULL, NULL, NULL, NULL, NULL, NULL, NULL, NULL, NULL, NULL, NULL, NULL, NULL, NULL, NULL, NULL, NULL, NULL, NULL, NULL, NULL, NULL, NULL, NULL, NULL, NULL, NULL, NULL, NULL, NULL, NULL, NULL, 'pending', NULL, NULL, NULL, NULL, NULL, NULL, 0, NULL, NULL, NULL, NULL, NULL, NULL, 0, NULL, NULL, NULL, NULL, NULL, NULL, 0, NULL, NULL, NULL, NULL, NULL, NULL, NULL, '2026-02-10 04:22:55', '2026-02-10 04:22:55', NULL, NULL, NULL, NULL, NULL, NULL, NULL, NULL, 'START'),
(1879, 24, 'Samtaflam 50', '30.08 FA- 26/P/I/128', '30.08 FA', 8, 2, 2026, 'TABLET_SALUT', '2026-02-10', '2026-02-10', NULL, '2026-02-10', 'START', NULL, NULL, 'START', NULL, NULL, NULL, NULL, NULL, NULL, 'START', NULL, NULL, NULL, NULL, NULL, NULL, 'START', NULL, NULL, NULL, NULL, NULL, NULL, 'START', NULL, NULL, NULL, NULL, NULL, NULL, NULL, NULL, NULL, NULL, NULL, NULL, NULL, NULL, 'START', NULL, NULL, NULL, NULL, NULL, NULL, 'START', NULL, NULL, NULL, NULL, NULL, NULL, 'START', NULL, NULL, NULL, NULL, NULL, NULL, NULL, NULL, NULL, NULL, NULL, NULL, NULL, NULL, NULL, NULL, NULL, NULL, NULL, NULL, NULL, NULL, NULL, NULL, NULL, NULL, NULL, NULL, NULL, NULL, NULL, NULL, NULL, NULL, NULL, NULL, NULL, NULL, NULL, NULL, NULL, NULL, NULL, NULL, NULL, NULL, NULL, NULL, NULL, NULL, NULL, NULL, NULL, NULL, NULL, NULL, NULL, NULL, NULL, 'pending', NULL, NULL, NULL, NULL, NULL, NULL, 0, NULL, NULL, NULL, NULL, NULL, NULL, 0, NULL, NULL, NULL, NULL, NULL, NULL, 0, NULL, NULL, NULL, NULL, NULL, NULL, NULL, '2026-02-10 04:22:55', '2026-02-10 04:22:55', NULL, NULL, NULL, NULL, NULL, NULL, NULL, NULL, 'START'),
(1880, 24, 'Samtaflam 50', '30.09 FA- 26/P/I/129', '30.09 FA', 9, 2, 2026, 'TABLET_SALUT', '2026-02-10', '2026-02-10', NULL, '2026-02-10', 'START', NULL, NULL, 'START', NULL, NULL, NULL, NULL, NULL, NULL, 'START', NULL, NULL, NULL, NULL, NULL, NULL, 'START', NULL, NULL, NULL, NULL, NULL, NULL, 'START', NULL, NULL, NULL, NULL, NULL, NULL, NULL, NULL, NULL, NULL, NULL, NULL, NULL, NULL, 'START', NULL, NULL, NULL, NULL, NULL, NULL, 'START', NULL, NULL, NULL, NULL, NULL, NULL, 'START', NULL, NULL, NULL, NULL, NULL, NULL, NULL, NULL, NULL, NULL, NULL, NULL, NULL, NULL, NULL, NULL, NULL, NULL, NULL, NULL, NULL, NULL, NULL, NULL, NULL, NULL, NULL, NULL, NULL, NULL, NULL, NULL, NULL, NULL, NULL, NULL, NULL, NULL, NULL, NULL, NULL, NULL, NULL, NULL, NULL, NULL, NULL, NULL, NULL, NULL, NULL, NULL, NULL, NULL, NULL, NULL, NULL, NULL, NULL, 'pending', NULL, NULL, NULL, NULL, NULL, NULL, 0, NULL, NULL, NULL, NULL, NULL, NULL, 0, NULL, NULL, NULL, NULL, NULL, NULL, 0, NULL, NULL, NULL, NULL, NULL, NULL, NULL, '2026-02-10 04:22:55', '2026-02-10 04:22:55', NULL, NULL, NULL, NULL, NULL, NULL, NULL, NULL, 'START'),
(1881, 24, 'Samtaflam 50', '30.10 FA- 26/P/I/130', '30.10 FA', 10, 2, 2026, 'TABLET_SALUT', '2026-02-10', '2026-02-10', NULL, '2026-02-10', 'START', NULL, NULL, 'START', NULL, NULL, NULL, NULL, NULL, NULL, 'START', NULL, NULL, NULL, NULL, NULL, NULL, 'START', NULL, NULL, NULL, NULL, NULL, NULL, 'START', NULL, NULL, NULL, NULL, NULL, NULL, NULL, NULL, NULL, NULL, NULL, NULL, NULL, NULL, 'START', NULL, NULL, NULL, NULL, NULL, NULL, 'START', NULL, NULL, NULL, NULL, NULL, NULL, 'START', NULL, NULL, NULL, NULL, NULL, NULL, NULL, NULL, NULL, NULL, NULL, NULL, NULL, NULL, NULL, NULL, NULL, NULL, NULL, NULL, NULL, NULL, NULL, NULL, NULL, NULL, NULL, NULL, NULL, NULL, NULL, NULL, NULL, NULL, NULL, NULL, NULL, NULL, NULL, NULL, NULL, NULL, NULL, NULL, NULL, NULL, NULL, NULL, NULL, NULL, NULL, NULL, NULL, NULL, NULL, NULL, NULL, NULL, NULL, 'pending', NULL, NULL, NULL, NULL, NULL, NULL, 0, NULL, NULL, NULL, NULL, NULL, NULL, 0, NULL, NULL, NULL, NULL, NULL, NULL, 0, NULL, NULL, NULL, NULL, NULL, NULL, NULL, '2026-02-10 04:22:55', '2026-02-10 04:22:55', NULL, NULL, NULL, NULL, NULL, NULL, NULL, NULL, 'START'),
(1882, 45, 'CLO 50', '49.01 FA- 26/CP/I/1', '49.01 FA', 1, 2, 2026, 'CLO', '2026-02-10', '2026-02-10', NULL, '2026-02-10', 'START', NULL, NULL, 'START', NULL, NULL, NULL, NULL, NULL, NULL, 'START', NULL, NULL, NULL, NULL, NULL, NULL, 'START', NULL, NULL, NULL, NULL, NULL, NULL, 'START', NULL, NULL, NULL, NULL, NULL, NULL, NULL, NULL, NULL, NULL, NULL, NULL, '2026-02-10 14:06:35', '2026-02-10 14:06:40', 'START', 90, NULL, '2026-02-10 07:06:40', 1, '2026-02-10 14:06:51', '2026-02-10 14:06:57', 'START', NULL, NULL, NULL, NULL, NULL, NULL, 'START', NULL, NULL, NULL, NULL, NULL, NULL, NULL, NULL, NULL, NULL, NULL, NULL, NULL, NULL, NULL, NULL, NULL, NULL, NULL, NULL, NULL, NULL, NULL, NULL, NULL, NULL, NULL, NULL, NULL, NULL, NULL, NULL, NULL, NULL, NULL, NULL, NULL, NULL, NULL, NULL, NULL, NULL, NULL, '2026-02-10', NULL, NULL, NULL, 'GA9ZNBLXTFAEDX', '2026-02-10 14:06:47', 1, 'ADMIN', 1, 90, 'confirmed', '2026-02-10', '2026-02-11', 'done', NULL, '2026-02-10', 'confirmed', NULL, '2026-02-11', '2026-02-12', 'confirmed', NULL, 'released', 0, NULL, NULL, '2026-02-10', 'Released oleh QA pada 10-02-2026', NULL, 'SECONDARY_PACK_SELESAI', 0, NULL, NULL, NULL, NULL, NULL, NULL, 0, NULL, NULL, NULL, NULL, NULL, NULL, NULL, '2026-02-10 04:22:55', '2026-02-10 07:44:22', NULL, NULL, NULL, 'http://127.0.0.1:8000/sign/qc/ruahan_akhir/GA9ZNBLXTFAEDX?expires=1865401607&signature=31abce1d3d8d96ccaa91c222ba58a87bcd445a9e9cb46cd53cf081033703b317', 100, NULL, '2026-02-10 07:06:57', 1, 'START');
INSERT INTO `produksi_batches` (`id`, `produksi_id`, `nama_produk`, `no_batch`, `kode_batch`, `batch_ke`, `bulan`, `tahun`, `tipe_alur`, `wo_date`, `expected_date`, `tgl_mulai_weighing`, `tgl_weighing`, `status_weighing`, `tgl_mulai_mixing`, `tgl_mixing`, `status_mixing`, `mixing_rekon_qty`, `mixing_rekon_note`, `mixing_rekon_at`, `mixing_rekon_by`, `tgl_mulai_capsule_filling`, `tgl_capsule_filling`, `status_capsule_filling`, `capsule_filling_rekon_qty`, `capsule_filling_rekon_note`, `capsule_filling_rekon_at`, `capsule_filling_rekon_by`, `tgl_mulai_tableting`, `tgl_tableting`, `status_tableting`, `tableting_rekon_qty`, `tableting_rekon_note`, `tableting_rekon_at`, `tableting_rekon_by`, `tgl_mulai_coating`, `tgl_coating`, `status_coating`, `coating_rekon_qty`, `coating_rekon_note`, `coating_rekon_at`, `coating_rekon_by`, `tgl_mulai_coating_inti`, `tgl_coating_inti`, `tgl_mulai_coating_dasar`, `tgl_coating_dasar`, `tgl_mulai_coating_warna`, `tgl_coating_warna`, `tgl_mulai_coating_polishing`, `tgl_coating_polishing`, `tgl_mulai_primary_pack`, `tgl_primary_pack`, `status_primary`, `primary_pack_rekon_qty`, `primary_pack_rekon_note`, `primary_pack_rekon_at`, `primary_pack_rekon_by`, `tgl_mulai_secondary_pack_1`, `tgl_secondary_pack_1`, `status_secondary1`, `secondary_pack_1_rekon_qty`, `secondary_pack_1_rekon_note`, `secondary_pack_1_rekon_at`, `secondary_pack_1_rekon_by`, `tgl_mulai_secondary_pack_2`, `tgl_secondary_pack_2`, `status_secondary2`, `secondary_pack_2_rekon_qty`, `secondary_pack_2_rekon_note`, `secondary_pack_2_rekon_at`, `secondary_pack_2_rekon_by`, `tgl_datang_granul`, `tgl_analisa_granul`, `tgl_selesai_analisa_granul`, `tgl_rilis_granul`, `granul_exp_date`, `granul_berat`, `granul_no_wadah`, `granul_sign_code`, `granul_signed_at`, `granul_signed_by`, `granul_signed_level`, `granul_signed_user_id`, `tgl_datang_tablet`, `tgl_analisa_tablet`, `tgl_selesai_analisa_tablet`, `tgl_rilis_tablet`, `tablet_exp_date`, `tablet_berat`, `tablet_no_wadah`, `tablet_sign_code`, `tablet_signed_at`, `tablet_signed_by`, `tablet_signed_level`, `tablet_signed_user_id`, `tgl_datang_ruahan`, `tgl_analisa_ruahan`, `tgl_selesai_analisa_ruahan`, `tgl_rilis_ruahan`, `ruahan_exp_date`, `ruahan_berat`, `ruahan_no_wadah`, `ruahan_sign_code`, `ruahan_signed_at`, `ruahan_signed_by`, `ruahan_signed_level`, `ruahan_signed_user_id`, `tgl_datang_ruahan_akhir`, `tgl_analisa_ruahan_akhir`, `tgl_selesai_analisa_ruahan_akhir`, `tgl_rilis_ruahan_akhir`, `ruahan_akhir_exp_date`, `ruahan_akhir_berat`, `ruahan_akhir_no_wadah`, `ruahan_akhir_sign_code`, `ruahan_akhir_signed_at`, `ruahan_akhir_signed_by`, `ruahan_akhir_signed_level`, `ruahan_akhir_signed_user_id`, `qty_batch`, `status_qty_batch`, `tgl_konfirmasi_produksi`, `tgl_terima_jobsheet`, `status_jobsheet`, `catatan_jobsheet`, `tgl_sampling`, `status_sampling`, `catatan_sampling`, `tgl_qc_kirim_coa`, `tgl_qa_terima_coa`, `status_coa`, `catatan_coa`, `status_review`, `goj_returned`, `goj_return_note`, `goj_returned_at`, `tgl_review`, `catatan_review`, `hari_kerja`, `status_proses`, `is_paused`, `paused_stage`, `paused_reason`, `paused_note`, `paused_prev_status`, `paused_at`, `paused_by`, `is_holding`, `holding_stage`, `holding_return_to`, `holding_reason`, `holding_note`, `holding_prev_status`, `holding_at`, `holding_by`, `created_at`, `updated_at`, `granul_sign_url`, `tablet_sign_url`, `ruahan_sign_url`, `ruahan_akhir_sign_url`, `secondary_pack_rekon_qty`, `secondary_pack_rekon_note`, `secondary_pack_rekon_at`, `secondary_pack_rekon_by`, `batch_status`) VALUES
(1883, 45, 'CLO 50', '49.02 FA- 26/CP/I/2', '49.02 FA', 2, 2, 2026, 'CLO', '2026-02-10', '2026-02-10', NULL, '2026-02-10', 'START', NULL, NULL, 'START', NULL, NULL, NULL, NULL, NULL, NULL, 'START', NULL, NULL, NULL, NULL, NULL, NULL, 'START', NULL, NULL, NULL, NULL, NULL, NULL, 'START', NULL, NULL, NULL, NULL, NULL, NULL, NULL, NULL, NULL, NULL, NULL, NULL, '2026-02-10 14:41:00', '2026-02-10 14:41:10', 'START', 90, NULL, '2026-02-10 07:41:10', 1, '2026-02-10 14:41:32', '2026-02-10 14:41:37', 'START', NULL, NULL, NULL, NULL, NULL, NULL, 'START', NULL, NULL, NULL, NULL, NULL, NULL, NULL, NULL, NULL, NULL, NULL, NULL, NULL, NULL, NULL, NULL, NULL, NULL, NULL, NULL, NULL, NULL, NULL, NULL, NULL, NULL, NULL, NULL, NULL, NULL, NULL, NULL, NULL, NULL, NULL, NULL, NULL, NULL, NULL, NULL, NULL, NULL, NULL, '2026-02-10', NULL, NULL, NULL, 'UHSIBWREFHVJYD', '2026-02-10 14:41:24', 1, 'ADMIN', 1, 900, 'confirmed', '2026-02-10', '2026-02-11', 'done', NULL, '2026-02-11', 'confirmed', NULL, '2026-02-18', '2026-02-28', 'confirmed', NULL, 'released', 1, 'sss', '2026-02-10 07:57:31', '2026-02-11', 'Released oleh QA pada 11-02-2026', NULL, 'SECONDARY_PACK_SELESAI', 0, NULL, NULL, NULL, NULL, NULL, NULL, 0, NULL, NULL, NULL, NULL, NULL, NULL, NULL, '2026-02-10 04:22:55', '2026-02-11 01:22:53', NULL, NULL, NULL, 'http://127.0.0.1:8000/sign/qc/ruahan_akhir/UHSIBWREFHVJYD?expires=1865403684&signature=e6515d6a6c30217c72a0d924ab6c164121ca92922e4a24ec3dcfebd0b78fc6f8', 90, NULL, '2026-02-10 07:41:37', 1, 'START'),
(1884, 29, 'AMLODIPINE 5MG', '51.01 FA- 26/P/I/35', '51.01 FA', 1, 2, 2026, 'TABLET_NON_SALUT', '2026-02-10', '2026-02-10', NULL, '2026-02-10', 'START', NULL, NULL, 'START', NULL, NULL, NULL, NULL, NULL, NULL, 'START', NULL, NULL, NULL, NULL, NULL, NULL, 'START', NULL, NULL, NULL, NULL, NULL, NULL, 'START', NULL, NULL, NULL, NULL, NULL, NULL, NULL, NULL, NULL, NULL, NULL, NULL, NULL, NULL, 'START', NULL, NULL, NULL, NULL, NULL, NULL, 'START', NULL, NULL, NULL, NULL, NULL, NULL, 'START', NULL, NULL, NULL, NULL, NULL, NULL, NULL, NULL, NULL, NULL, NULL, NULL, NULL, NULL, NULL, NULL, NULL, NULL, NULL, NULL, NULL, NULL, NULL, NULL, NULL, NULL, NULL, NULL, NULL, NULL, NULL, NULL, NULL, NULL, NULL, NULL, NULL, NULL, NULL, NULL, NULL, NULL, NULL, NULL, NULL, NULL, NULL, NULL, NULL, NULL, NULL, NULL, NULL, NULL, NULL, NULL, NULL, NULL, NULL, 'pending', NULL, NULL, NULL, NULL, NULL, NULL, 0, NULL, NULL, NULL, NULL, NULL, NULL, 0, NULL, NULL, NULL, NULL, NULL, NULL, 0, NULL, NULL, NULL, NULL, NULL, NULL, NULL, '2026-02-10 04:22:55', '2026-02-10 04:22:55', NULL, NULL, NULL, NULL, NULL, NULL, NULL, NULL, 'START'),
(1885, 29, 'AMLODIPINE 5MG', '51.02 FA- 26/P/I/36', '51.02 FA', 2, 2, 2026, 'TABLET_NON_SALUT', '2026-02-10', '2026-02-10', NULL, '2026-02-10', 'START', NULL, NULL, 'START', NULL, NULL, NULL, NULL, NULL, NULL, 'START', NULL, NULL, NULL, NULL, NULL, NULL, 'START', NULL, NULL, NULL, NULL, NULL, NULL, 'START', NULL, NULL, NULL, NULL, NULL, NULL, NULL, NULL, NULL, NULL, NULL, NULL, NULL, NULL, 'START', NULL, NULL, NULL, NULL, NULL, NULL, 'START', NULL, NULL, NULL, NULL, NULL, NULL, 'START', NULL, NULL, NULL, NULL, NULL, NULL, NULL, NULL, NULL, NULL, NULL, NULL, NULL, NULL, NULL, NULL, NULL, NULL, NULL, NULL, NULL, NULL, NULL, NULL, NULL, NULL, NULL, NULL, NULL, NULL, NULL, NULL, NULL, NULL, NULL, NULL, NULL, NULL, NULL, NULL, NULL, NULL, NULL, NULL, NULL, NULL, NULL, NULL, NULL, NULL, NULL, NULL, NULL, NULL, NULL, NULL, NULL, NULL, NULL, 'pending', NULL, NULL, NULL, NULL, NULL, NULL, 0, NULL, NULL, NULL, NULL, NULL, NULL, 0, NULL, NULL, NULL, NULL, NULL, NULL, 0, NULL, NULL, NULL, NULL, NULL, NULL, NULL, '2026-02-10 04:22:55', '2026-02-10 04:22:55', NULL, NULL, NULL, NULL, NULL, NULL, NULL, NULL, 'START'),
(1886, 29, 'AMLODIPINE 5MG', '51.03 FA- 26/P/I/37', '51.03 FA', 3, 2, 2026, 'TABLET_NON_SALUT', '2026-02-10', '2026-02-10', NULL, '2026-02-10', 'START', NULL, NULL, 'START', NULL, NULL, NULL, NULL, NULL, NULL, 'START', NULL, NULL, NULL, NULL, NULL, NULL, 'START', NULL, NULL, NULL, NULL, NULL, NULL, 'START', NULL, NULL, NULL, NULL, NULL, NULL, NULL, NULL, NULL, NULL, NULL, NULL, NULL, NULL, 'START', NULL, NULL, NULL, NULL, NULL, NULL, 'START', NULL, NULL, NULL, NULL, NULL, NULL, 'START', NULL, NULL, NULL, NULL, NULL, NULL, NULL, NULL, NULL, NULL, NULL, NULL, NULL, NULL, NULL, NULL, NULL, NULL, NULL, NULL, NULL, NULL, NULL, NULL, NULL, NULL, NULL, NULL, NULL, NULL, NULL, NULL, NULL, NULL, NULL, NULL, NULL, NULL, NULL, NULL, NULL, NULL, NULL, NULL, NULL, NULL, NULL, NULL, NULL, NULL, NULL, NULL, NULL, NULL, NULL, NULL, NULL, NULL, NULL, 'pending', NULL, NULL, NULL, NULL, NULL, NULL, 0, NULL, NULL, NULL, NULL, NULL, NULL, 0, NULL, NULL, NULL, NULL, NULL, NULL, 0, NULL, NULL, NULL, NULL, NULL, NULL, NULL, '2026-02-10 04:22:55', '2026-02-10 04:22:55', NULL, NULL, NULL, NULL, NULL, NULL, NULL, NULL, 'START'),
(1887, 29, 'AMLODIPINE 5MG', '51.04 FA- 26/P/I/38', '51.04 FA', 4, 2, 2026, 'TABLET_NON_SALUT', '2026-02-10', '2026-02-10', NULL, '2026-02-10', 'START', NULL, NULL, 'START', NULL, NULL, NULL, NULL, NULL, NULL, 'START', NULL, NULL, NULL, NULL, NULL, NULL, 'START', NULL, NULL, NULL, NULL, NULL, NULL, 'START', NULL, NULL, NULL, NULL, NULL, NULL, NULL, NULL, NULL, NULL, NULL, NULL, NULL, NULL, 'START', NULL, NULL, NULL, NULL, NULL, NULL, 'START', NULL, NULL, NULL, NULL, NULL, NULL, 'START', NULL, NULL, NULL, NULL, NULL, NULL, NULL, NULL, NULL, NULL, NULL, NULL, NULL, NULL, NULL, NULL, NULL, NULL, NULL, NULL, NULL, NULL, NULL, NULL, NULL, NULL, NULL, NULL, NULL, NULL, NULL, NULL, NULL, NULL, NULL, NULL, NULL, NULL, NULL, NULL, NULL, NULL, NULL, NULL, NULL, NULL, NULL, NULL, NULL, NULL, NULL, NULL, NULL, NULL, NULL, NULL, NULL, NULL, NULL, 'pending', NULL, NULL, NULL, NULL, NULL, NULL, 0, NULL, NULL, NULL, NULL, NULL, NULL, 0, NULL, NULL, NULL, NULL, NULL, NULL, 0, NULL, NULL, NULL, NULL, NULL, NULL, NULL, '2026-02-10 04:22:55', '2026-02-10 04:22:55', NULL, NULL, NULL, NULL, NULL, NULL, NULL, NULL, 'START'),
(1888, 29, 'AMLODIPINE 5MG', '51.05 FA- 26/P/I/39', '51.05 FA', 5, 2, 2026, 'TABLET_NON_SALUT', '2026-02-10', '2026-02-10', NULL, '2026-02-10', 'START', NULL, NULL, 'START', NULL, NULL, NULL, NULL, NULL, NULL, 'START', NULL, NULL, NULL, NULL, NULL, NULL, 'START', NULL, NULL, NULL, NULL, NULL, NULL, 'START', NULL, NULL, NULL, NULL, NULL, NULL, NULL, NULL, NULL, NULL, NULL, NULL, NULL, NULL, 'START', NULL, NULL, NULL, NULL, NULL, NULL, 'START', NULL, NULL, NULL, NULL, NULL, NULL, 'START', NULL, NULL, NULL, NULL, NULL, NULL, NULL, NULL, NULL, NULL, NULL, NULL, NULL, NULL, NULL, NULL, NULL, NULL, NULL, NULL, NULL, NULL, NULL, NULL, NULL, NULL, NULL, NULL, NULL, NULL, NULL, NULL, NULL, NULL, NULL, NULL, NULL, NULL, NULL, NULL, NULL, NULL, NULL, NULL, NULL, NULL, NULL, NULL, NULL, NULL, NULL, NULL, NULL, NULL, NULL, NULL, NULL, NULL, NULL, 'pending', NULL, NULL, NULL, NULL, NULL, NULL, 0, NULL, NULL, NULL, NULL, NULL, NULL, 0, NULL, NULL, NULL, NULL, NULL, NULL, 0, NULL, NULL, NULL, NULL, NULL, NULL, NULL, '2026-02-10 04:22:55', '2026-02-10 04:22:55', NULL, NULL, NULL, NULL, NULL, NULL, NULL, NULL, 'START'),
(1889, 29, 'AMLODIPINE 5MG', '51.06 FA- 26/P/I/40', '51.06 FA', 6, 2, 2026, 'TABLET_NON_SALUT', '2026-02-10', '2026-02-10', NULL, '2026-02-10', 'START', NULL, NULL, 'START', NULL, NULL, NULL, NULL, NULL, NULL, 'START', NULL, NULL, NULL, NULL, NULL, NULL, 'START', NULL, NULL, NULL, NULL, NULL, NULL, 'START', NULL, NULL, NULL, NULL, NULL, NULL, NULL, NULL, NULL, NULL, NULL, NULL, NULL, NULL, 'START', NULL, NULL, NULL, NULL, NULL, NULL, 'START', NULL, NULL, NULL, NULL, NULL, NULL, 'START', NULL, NULL, NULL, NULL, NULL, NULL, NULL, NULL, NULL, NULL, NULL, NULL, NULL, NULL, NULL, NULL, NULL, NULL, NULL, NULL, NULL, NULL, NULL, NULL, NULL, NULL, NULL, NULL, NULL, NULL, NULL, NULL, NULL, NULL, NULL, NULL, NULL, NULL, NULL, NULL, NULL, NULL, NULL, NULL, NULL, NULL, NULL, NULL, NULL, NULL, NULL, NULL, NULL, NULL, NULL, NULL, NULL, NULL, NULL, 'pending', NULL, NULL, NULL, NULL, NULL, NULL, 0, NULL, NULL, NULL, NULL, NULL, NULL, 0, NULL, NULL, NULL, NULL, NULL, NULL, 0, NULL, NULL, NULL, NULL, NULL, NULL, NULL, '2026-02-10 04:22:55', '2026-02-10 04:22:55', NULL, NULL, NULL, NULL, NULL, NULL, NULL, NULL, 'START'),
(1890, 29, 'AMLODIPINE 5MG', '51.07 FA- 26/P/I/41', '51.07 FA', 7, 2, 2026, 'TABLET_NON_SALUT', '2026-02-10', '2026-02-10', NULL, '2026-02-10', 'START', NULL, NULL, 'START', NULL, NULL, NULL, NULL, NULL, NULL, 'START', NULL, NULL, NULL, NULL, NULL, NULL, 'START', NULL, NULL, NULL, NULL, NULL, NULL, 'START', NULL, NULL, NULL, NULL, NULL, NULL, NULL, NULL, NULL, NULL, NULL, NULL, NULL, NULL, 'START', NULL, NULL, NULL, NULL, NULL, NULL, 'START', NULL, NULL, NULL, NULL, NULL, NULL, 'START', NULL, NULL, NULL, NULL, NULL, NULL, NULL, NULL, NULL, NULL, NULL, NULL, NULL, NULL, NULL, NULL, NULL, NULL, NULL, NULL, NULL, NULL, NULL, NULL, NULL, NULL, NULL, NULL, NULL, NULL, NULL, NULL, NULL, NULL, NULL, NULL, NULL, NULL, NULL, NULL, NULL, NULL, NULL, NULL, NULL, NULL, NULL, NULL, NULL, NULL, NULL, NULL, NULL, NULL, NULL, NULL, NULL, NULL, NULL, 'pending', NULL, NULL, NULL, NULL, NULL, NULL, 0, NULL, NULL, NULL, NULL, NULL, NULL, 0, NULL, NULL, NULL, NULL, NULL, NULL, 0, NULL, NULL, NULL, NULL, NULL, NULL, NULL, '2026-02-10 04:22:55', '2026-02-10 04:22:55', NULL, NULL, NULL, NULL, NULL, NULL, NULL, NULL, 'START'),
(1891, 29, 'AMLODIPINE 5MG', '51.08 FA- 26/P/I/42', '51.08 FA', 8, 2, 2026, 'TABLET_NON_SALUT', '2026-02-10', '2026-02-10', NULL, '2026-02-10', 'START', NULL, NULL, 'START', NULL, NULL, NULL, NULL, NULL, NULL, 'START', NULL, NULL, NULL, NULL, NULL, NULL, 'START', NULL, NULL, NULL, NULL, NULL, NULL, 'START', NULL, NULL, NULL, NULL, NULL, NULL, NULL, NULL, NULL, NULL, NULL, NULL, NULL, NULL, 'START', NULL, NULL, NULL, NULL, NULL, NULL, 'START', NULL, NULL, NULL, NULL, NULL, NULL, 'START', NULL, NULL, NULL, NULL, NULL, NULL, NULL, NULL, NULL, NULL, NULL, NULL, NULL, NULL, NULL, NULL, NULL, NULL, NULL, NULL, NULL, NULL, NULL, NULL, NULL, NULL, NULL, NULL, NULL, NULL, NULL, NULL, NULL, NULL, NULL, NULL, NULL, NULL, NULL, NULL, NULL, NULL, NULL, NULL, NULL, NULL, NULL, NULL, NULL, NULL, NULL, NULL, NULL, NULL, NULL, NULL, NULL, NULL, NULL, 'pending', NULL, NULL, NULL, NULL, NULL, NULL, 0, NULL, NULL, NULL, NULL, NULL, NULL, 0, NULL, NULL, NULL, NULL, NULL, NULL, 0, NULL, NULL, NULL, NULL, NULL, NULL, NULL, '2026-02-10 04:22:55', '2026-02-10 04:22:55', NULL, NULL, NULL, NULL, NULL, NULL, NULL, NULL, 'START'),
(1892, 29, 'AMLODIPINE 5MG', '51.09 FA- 26/P/I/43', '51.09 FA', 9, 2, 2026, 'TABLET_NON_SALUT', '2026-02-10', '2026-02-10', NULL, '2026-02-10', 'START', NULL, NULL, 'START', NULL, NULL, NULL, NULL, NULL, NULL, 'START', NULL, NULL, NULL, NULL, NULL, NULL, 'START', NULL, NULL, NULL, NULL, NULL, NULL, 'START', NULL, NULL, NULL, NULL, NULL, NULL, NULL, NULL, NULL, NULL, NULL, NULL, NULL, NULL, 'START', NULL, NULL, NULL, NULL, NULL, NULL, 'START', NULL, NULL, NULL, NULL, NULL, NULL, 'START', NULL, NULL, NULL, NULL, NULL, NULL, NULL, NULL, NULL, NULL, NULL, NULL, NULL, NULL, NULL, NULL, NULL, NULL, NULL, NULL, NULL, NULL, NULL, NULL, NULL, NULL, NULL, NULL, NULL, NULL, NULL, NULL, NULL, NULL, NULL, NULL, NULL, NULL, NULL, NULL, NULL, NULL, NULL, NULL, NULL, NULL, NULL, NULL, NULL, NULL, NULL, NULL, NULL, NULL, NULL, NULL, NULL, NULL, NULL, 'pending', NULL, NULL, NULL, NULL, NULL, NULL, 0, NULL, NULL, NULL, NULL, NULL, NULL, 0, NULL, NULL, NULL, NULL, NULL, NULL, 0, NULL, NULL, NULL, NULL, NULL, NULL, NULL, '2026-02-10 04:22:55', '2026-02-10 04:22:55', NULL, NULL, NULL, NULL, NULL, NULL, NULL, NULL, 'START'),
(1893, 29, 'AMLODIPINE 5MG', '51.10 FA- 26/P/I/44', '51.10 FA', 10, 2, 2026, 'TABLET_NON_SALUT', '2026-02-10', '2026-02-10', NULL, '2026-02-10', 'START', NULL, NULL, 'START', NULL, NULL, NULL, NULL, NULL, NULL, 'START', NULL, NULL, NULL, NULL, NULL, NULL, 'START', NULL, NULL, NULL, NULL, NULL, NULL, 'START', NULL, NULL, NULL, NULL, NULL, NULL, NULL, NULL, NULL, NULL, NULL, NULL, NULL, NULL, 'START', NULL, NULL, NULL, NULL, NULL, NULL, 'START', NULL, NULL, NULL, NULL, NULL, NULL, 'START', NULL, NULL, NULL, NULL, NULL, NULL, NULL, NULL, NULL, NULL, NULL, NULL, NULL, NULL, NULL, NULL, NULL, NULL, NULL, NULL, NULL, NULL, NULL, NULL, NULL, NULL, NULL, NULL, NULL, NULL, NULL, NULL, NULL, NULL, NULL, NULL, NULL, NULL, NULL, NULL, NULL, NULL, NULL, NULL, NULL, NULL, NULL, NULL, NULL, NULL, NULL, NULL, NULL, NULL, NULL, NULL, NULL, NULL, NULL, 'pending', NULL, NULL, NULL, NULL, NULL, NULL, 0, NULL, NULL, NULL, NULL, NULL, NULL, 0, NULL, NULL, NULL, NULL, NULL, NULL, 0, NULL, NULL, NULL, NULL, NULL, NULL, NULL, '2026-02-10 04:22:55', '2026-02-10 04:22:55', NULL, NULL, NULL, NULL, NULL, NULL, NULL, NULL, 'START'),
(1894, 29, 'AMLODIPINE 5MG', '51.11 FA- 26/P/I/136', '51.11 FA', 11, 2, 2026, 'TABLET_NON_SALUT', '2026-02-10', '2026-02-10', NULL, '2026-02-10', 'START', NULL, NULL, 'START', NULL, NULL, NULL, NULL, NULL, NULL, 'START', NULL, NULL, NULL, NULL, NULL, NULL, 'START', NULL, NULL, NULL, NULL, NULL, NULL, 'START', NULL, NULL, NULL, NULL, NULL, NULL, NULL, NULL, NULL, NULL, NULL, NULL, NULL, NULL, 'START', NULL, NULL, NULL, NULL, NULL, NULL, 'START', NULL, NULL, NULL, NULL, NULL, NULL, 'START', NULL, NULL, NULL, NULL, NULL, NULL, NULL, NULL, NULL, NULL, NULL, NULL, NULL, NULL, NULL, NULL, NULL, NULL, NULL, NULL, NULL, NULL, NULL, NULL, NULL, NULL, NULL, NULL, NULL, NULL, NULL, NULL, NULL, NULL, NULL, NULL, NULL, NULL, NULL, NULL, NULL, NULL, NULL, NULL, NULL, NULL, NULL, NULL, NULL, NULL, NULL, NULL, NULL, NULL, NULL, NULL, NULL, NULL, NULL, 'pending', NULL, NULL, NULL, NULL, NULL, NULL, 0, NULL, NULL, NULL, NULL, NULL, NULL, 0, NULL, NULL, NULL, NULL, NULL, NULL, 0, NULL, NULL, NULL, NULL, NULL, NULL, NULL, '2026-02-10 04:22:55', '2026-02-10 04:22:55', NULL, NULL, NULL, NULL, NULL, NULL, NULL, NULL, 'START'),
(1895, 29, 'AMLODIPINE 5MG', '51.12 FA- 26/P/I/137', '51.12 FA', 12, 2, 2026, 'TABLET_NON_SALUT', '2026-02-10', '2026-02-10', NULL, '2026-02-10', 'START', NULL, NULL, 'START', NULL, NULL, NULL, NULL, NULL, NULL, 'START', NULL, NULL, NULL, NULL, NULL, NULL, 'START', NULL, NULL, NULL, NULL, NULL, NULL, 'START', NULL, NULL, NULL, NULL, NULL, NULL, NULL, NULL, NULL, NULL, NULL, NULL, NULL, NULL, 'START', NULL, NULL, NULL, NULL, NULL, NULL, 'START', NULL, NULL, NULL, NULL, NULL, NULL, 'START', NULL, NULL, NULL, NULL, NULL, NULL, NULL, NULL, NULL, NULL, NULL, NULL, NULL, NULL, NULL, NULL, NULL, NULL, NULL, NULL, NULL, NULL, NULL, NULL, NULL, NULL, NULL, NULL, NULL, NULL, NULL, NULL, NULL, NULL, NULL, NULL, NULL, NULL, NULL, NULL, NULL, NULL, NULL, NULL, NULL, NULL, NULL, NULL, NULL, NULL, NULL, NULL, NULL, NULL, NULL, NULL, NULL, NULL, NULL, 'pending', NULL, NULL, NULL, NULL, NULL, NULL, 0, NULL, NULL, NULL, NULL, NULL, NULL, 0, NULL, NULL, NULL, NULL, NULL, NULL, 0, NULL, NULL, NULL, NULL, NULL, NULL, NULL, '2026-02-10 04:22:55', '2026-02-10 04:22:55', NULL, NULL, NULL, NULL, NULL, NULL, NULL, NULL, 'START'),
(1896, 29, 'AMLODIPINE 5MG', '51.13 FA- 26/P/I/138', '51.13 FA', 13, 2, 2026, 'TABLET_NON_SALUT', '2026-02-10', '2026-02-10', NULL, '2026-02-10', 'START', NULL, NULL, 'START', NULL, NULL, NULL, NULL, NULL, NULL, 'START', NULL, NULL, NULL, NULL, NULL, NULL, 'START', NULL, NULL, NULL, NULL, NULL, NULL, 'START', NULL, NULL, NULL, NULL, NULL, NULL, NULL, NULL, NULL, NULL, NULL, NULL, NULL, NULL, 'START', NULL, NULL, NULL, NULL, NULL, NULL, 'START', NULL, NULL, NULL, NULL, NULL, NULL, 'START', NULL, NULL, NULL, NULL, NULL, NULL, NULL, NULL, NULL, NULL, NULL, NULL, NULL, NULL, NULL, NULL, NULL, NULL, NULL, NULL, NULL, NULL, NULL, NULL, NULL, NULL, NULL, NULL, NULL, NULL, NULL, NULL, NULL, NULL, NULL, NULL, NULL, NULL, NULL, NULL, NULL, NULL, NULL, NULL, NULL, NULL, NULL, NULL, NULL, NULL, NULL, NULL, NULL, NULL, NULL, NULL, NULL, NULL, NULL, 'pending', NULL, NULL, NULL, NULL, NULL, NULL, 0, NULL, NULL, NULL, NULL, NULL, NULL, 0, NULL, NULL, NULL, NULL, NULL, NULL, 0, NULL, NULL, NULL, NULL, NULL, NULL, NULL, '2026-02-10 04:22:55', '2026-02-10 04:22:55', NULL, NULL, NULL, NULL, NULL, NULL, NULL, NULL, 'START'),
(1897, 29, 'AMLODIPINE 5MG', '51.14 FA- 26/P/I/139', '51.14 FA', 14, 2, 2026, 'TABLET_NON_SALUT', '2026-02-10', '2026-02-10', NULL, '2026-02-10', 'START', NULL, NULL, 'START', NULL, NULL, NULL, NULL, NULL, NULL, 'START', NULL, NULL, NULL, NULL, NULL, NULL, 'START', NULL, NULL, NULL, NULL, NULL, NULL, 'START', NULL, NULL, NULL, NULL, NULL, NULL, NULL, NULL, NULL, NULL, NULL, NULL, NULL, NULL, 'START', NULL, NULL, NULL, NULL, NULL, NULL, 'START', NULL, NULL, NULL, NULL, NULL, NULL, 'START', NULL, NULL, NULL, NULL, NULL, NULL, NULL, NULL, NULL, NULL, NULL, NULL, NULL, NULL, NULL, NULL, NULL, NULL, NULL, NULL, NULL, NULL, NULL, NULL, NULL, NULL, NULL, NULL, NULL, NULL, NULL, NULL, NULL, NULL, NULL, NULL, NULL, NULL, NULL, NULL, NULL, NULL, NULL, NULL, NULL, NULL, NULL, NULL, NULL, NULL, NULL, NULL, NULL, NULL, NULL, NULL, NULL, NULL, NULL, 'pending', NULL, NULL, NULL, NULL, NULL, NULL, 0, NULL, NULL, NULL, NULL, NULL, NULL, 0, NULL, NULL, NULL, NULL, NULL, NULL, 0, NULL, NULL, NULL, NULL, NULL, NULL, NULL, '2026-02-10 04:22:55', '2026-02-10 04:22:55', NULL, NULL, NULL, NULL, NULL, NULL, NULL, NULL, 'START'),
(1898, 29, 'AMLODIPINE 5MG', '51.15 FA- 26/P/I/140', '51.15 FA', 15, 2, 2026, 'TABLET_NON_SALUT', '2026-02-10', '2026-02-10', NULL, '2026-02-10', 'START', NULL, NULL, 'START', NULL, NULL, NULL, NULL, NULL, NULL, 'START', NULL, NULL, NULL, NULL, NULL, NULL, 'START', NULL, NULL, NULL, NULL, NULL, NULL, 'START', NULL, NULL, NULL, NULL, NULL, NULL, NULL, NULL, NULL, NULL, NULL, NULL, NULL, NULL, 'START', NULL, NULL, NULL, NULL, NULL, NULL, 'START', NULL, NULL, NULL, NULL, NULL, NULL, 'START', NULL, NULL, NULL, NULL, NULL, NULL, NULL, NULL, NULL, NULL, NULL, NULL, NULL, NULL, NULL, NULL, NULL, NULL, NULL, NULL, NULL, NULL, NULL, NULL, NULL, NULL, NULL, NULL, NULL, NULL, NULL, NULL, NULL, NULL, NULL, NULL, NULL, NULL, NULL, NULL, NULL, NULL, NULL, NULL, NULL, NULL, NULL, NULL, NULL, NULL, NULL, NULL, NULL, NULL, NULL, NULL, NULL, NULL, NULL, 'pending', NULL, NULL, NULL, NULL, NULL, NULL, 0, NULL, NULL, NULL, NULL, NULL, NULL, 0, NULL, NULL, NULL, NULL, NULL, NULL, 0, NULL, NULL, NULL, NULL, NULL, NULL, NULL, '2026-02-10 04:22:55', '2026-02-10 04:22:55', NULL, NULL, NULL, NULL, NULL, NULL, NULL, NULL, 'START'),
(1899, 29, 'AMLODIPINE 5MG', '51.16 FA- 26/P/I/141', '51.16 FA', 16, 2, 2026, 'TABLET_NON_SALUT', '2026-02-10', '2026-02-10', NULL, '2026-02-10', 'START', NULL, NULL, 'START', NULL, NULL, NULL, NULL, NULL, NULL, 'START', NULL, NULL, NULL, NULL, NULL, NULL, 'START', NULL, NULL, NULL, NULL, NULL, NULL, 'START', NULL, NULL, NULL, NULL, NULL, NULL, NULL, NULL, NULL, NULL, NULL, NULL, NULL, NULL, 'START', NULL, NULL, NULL, NULL, NULL, NULL, 'START', NULL, NULL, NULL, NULL, NULL, NULL, 'START', NULL, NULL, NULL, NULL, NULL, NULL, NULL, NULL, NULL, NULL, NULL, NULL, NULL, NULL, NULL, NULL, NULL, NULL, NULL, NULL, NULL, NULL, NULL, NULL, NULL, NULL, NULL, NULL, NULL, NULL, NULL, NULL, NULL, NULL, NULL, NULL, NULL, NULL, NULL, NULL, NULL, NULL, NULL, NULL, NULL, NULL, NULL, NULL, NULL, NULL, NULL, NULL, NULL, NULL, NULL, NULL, NULL, NULL, NULL, 'pending', NULL, NULL, NULL, NULL, NULL, NULL, 0, NULL, NULL, NULL, NULL, NULL, NULL, 0, NULL, NULL, NULL, NULL, NULL, NULL, 0, NULL, NULL, NULL, NULL, NULL, NULL, NULL, '2026-02-10 04:22:55', '2026-02-10 04:22:55', NULL, NULL, NULL, NULL, NULL, NULL, NULL, NULL, 'START'),
(1900, 29, 'AMLODIPINE 5MG', '51.17 FA- 26/P/I/142', '51.17 FA', 17, 2, 2026, 'TABLET_NON_SALUT', '2026-02-10', '2026-02-10', NULL, '2026-02-10', 'START', NULL, NULL, 'START', NULL, NULL, NULL, NULL, NULL, NULL, 'START', NULL, NULL, NULL, NULL, NULL, NULL, 'START', NULL, NULL, NULL, NULL, NULL, NULL, 'START', NULL, NULL, NULL, NULL, NULL, NULL, NULL, NULL, NULL, NULL, NULL, NULL, NULL, NULL, 'START', NULL, NULL, NULL, NULL, NULL, NULL, 'START', NULL, NULL, NULL, NULL, NULL, NULL, 'START', NULL, NULL, NULL, NULL, NULL, NULL, NULL, NULL, NULL, NULL, NULL, NULL, NULL, NULL, NULL, NULL, NULL, NULL, NULL, NULL, NULL, NULL, NULL, NULL, NULL, NULL, NULL, NULL, NULL, NULL, NULL, NULL, NULL, NULL, NULL, NULL, NULL, NULL, NULL, NULL, NULL, NULL, NULL, NULL, NULL, NULL, NULL, NULL, NULL, NULL, NULL, NULL, NULL, NULL, NULL, NULL, NULL, NULL, NULL, 'pending', NULL, NULL, NULL, NULL, NULL, NULL, 0, NULL, NULL, NULL, NULL, NULL, NULL, 0, NULL, NULL, NULL, NULL, NULL, NULL, 0, NULL, NULL, NULL, NULL, NULL, NULL, NULL, '2026-02-10 04:22:55', '2026-02-10 04:22:55', NULL, NULL, NULL, NULL, NULL, NULL, NULL, NULL, 'START'),
(1901, 29, 'AMLODIPINE 5MG', '51.18 FA- 26/P/I/143', '51.18 FA', 18, 2, 2026, 'TABLET_NON_SALUT', '2026-02-10', '2026-02-10', NULL, '2026-02-10', 'START', NULL, NULL, 'START', NULL, NULL, NULL, NULL, NULL, NULL, 'START', NULL, NULL, NULL, NULL, NULL, NULL, 'START', NULL, NULL, NULL, NULL, NULL, NULL, 'START', NULL, NULL, NULL, NULL, NULL, NULL, NULL, NULL, NULL, NULL, NULL, NULL, NULL, NULL, 'START', NULL, NULL, NULL, NULL, NULL, NULL, 'START', NULL, NULL, NULL, NULL, NULL, NULL, 'START', NULL, NULL, NULL, NULL, NULL, NULL, NULL, NULL, NULL, NULL, NULL, NULL, NULL, NULL, NULL, NULL, NULL, NULL, NULL, NULL, NULL, NULL, NULL, NULL, NULL, NULL, NULL, NULL, NULL, NULL, NULL, NULL, NULL, NULL, NULL, NULL, NULL, NULL, NULL, NULL, NULL, NULL, NULL, NULL, NULL, NULL, NULL, NULL, NULL, NULL, NULL, NULL, NULL, NULL, NULL, NULL, NULL, NULL, NULL, 'pending', NULL, NULL, NULL, NULL, NULL, NULL, 0, NULL, NULL, NULL, NULL, NULL, NULL, 0, NULL, NULL, NULL, NULL, NULL, NULL, 0, NULL, NULL, NULL, NULL, NULL, NULL, NULL, '2026-02-10 04:22:55', '2026-02-10 04:22:55', NULL, NULL, NULL, NULL, NULL, NULL, NULL, NULL, 'START'),
(1902, 29, 'AMLODIPINE 5MG', '51.19 FA- 26/P/I/144', '51.19 FA', 19, 2, 2026, 'TABLET_NON_SALUT', '2026-02-10', '2026-02-10', NULL, '2026-02-10', 'START', NULL, NULL, 'START', NULL, NULL, NULL, NULL, NULL, NULL, 'START', NULL, NULL, NULL, NULL, NULL, NULL, 'START', NULL, NULL, NULL, NULL, NULL, NULL, 'START', NULL, NULL, NULL, NULL, NULL, NULL, NULL, NULL, NULL, NULL, NULL, NULL, NULL, NULL, 'START', NULL, NULL, NULL, NULL, NULL, NULL, 'START', NULL, NULL, NULL, NULL, NULL, NULL, 'START', NULL, NULL, NULL, NULL, NULL, NULL, NULL, NULL, NULL, NULL, NULL, NULL, NULL, NULL, NULL, NULL, NULL, NULL, NULL, NULL, NULL, NULL, NULL, NULL, NULL, NULL, NULL, NULL, NULL, NULL, NULL, NULL, NULL, NULL, NULL, NULL, NULL, NULL, NULL, NULL, NULL, NULL, NULL, NULL, NULL, NULL, NULL, NULL, NULL, NULL, NULL, NULL, NULL, NULL, NULL, NULL, NULL, NULL, NULL, 'pending', NULL, NULL, NULL, NULL, NULL, NULL, 0, NULL, NULL, NULL, NULL, NULL, NULL, 0, NULL, NULL, NULL, NULL, NULL, NULL, 0, NULL, NULL, NULL, NULL, NULL, NULL, NULL, '2026-02-10 04:22:55', '2026-02-10 04:22:55', NULL, NULL, NULL, NULL, NULL, NULL, NULL, NULL, 'START'),
(1903, 29, 'AMLODIPINE 5MG', '51.20 FA- 26/P/I/145', '51.20 FA', 20, 2, 2026, 'TABLET_NON_SALUT', '2026-02-10', '2026-02-10', NULL, '2026-02-10', 'START', NULL, NULL, 'START', NULL, NULL, NULL, NULL, NULL, NULL, 'START', NULL, NULL, NULL, NULL, NULL, NULL, 'START', NULL, NULL, NULL, NULL, NULL, NULL, 'START', NULL, NULL, NULL, NULL, NULL, NULL, NULL, NULL, NULL, NULL, NULL, NULL, NULL, NULL, 'START', NULL, NULL, NULL, NULL, NULL, NULL, 'START', NULL, NULL, NULL, NULL, NULL, NULL, 'START', NULL, NULL, NULL, NULL, NULL, NULL, NULL, NULL, NULL, NULL, NULL, NULL, NULL, NULL, NULL, NULL, NULL, NULL, NULL, NULL, NULL, NULL, NULL, NULL, NULL, NULL, NULL, NULL, NULL, NULL, NULL, NULL, NULL, NULL, NULL, NULL, NULL, NULL, NULL, NULL, NULL, NULL, NULL, NULL, NULL, NULL, NULL, NULL, NULL, NULL, NULL, NULL, NULL, NULL, NULL, NULL, NULL, NULL, NULL, 'pending', NULL, NULL, NULL, NULL, NULL, NULL, 0, NULL, NULL, NULL, NULL, NULL, NULL, 0, NULL, NULL, NULL, NULL, NULL, NULL, 0, NULL, NULL, NULL, NULL, NULL, NULL, NULL, '2026-02-10 04:22:55', '2026-02-10 04:22:55', NULL, NULL, NULL, NULL, NULL, NULL, NULL, NULL, 'START'),
(1904, 30, 'AMLODIPINE 10MG', '52.01 FA- 26/P/I/111', '52.01 FA', 1, 2, 2026, 'TABLET_NON_SALUT', '2026-02-10', '2026-02-10', NULL, '2026-02-10', 'START', NULL, NULL, 'START', NULL, NULL, NULL, NULL, NULL, NULL, 'START', NULL, NULL, NULL, NULL, NULL, NULL, 'START', NULL, NULL, NULL, NULL, NULL, NULL, 'START', NULL, NULL, NULL, NULL, NULL, NULL, NULL, NULL, NULL, NULL, NULL, NULL, NULL, NULL, 'START', NULL, NULL, NULL, NULL, NULL, NULL, 'START', NULL, NULL, NULL, NULL, NULL, NULL, 'START', NULL, NULL, NULL, NULL, NULL, NULL, NULL, NULL, NULL, NULL, NULL, NULL, NULL, NULL, NULL, NULL, NULL, NULL, NULL, NULL, NULL, NULL, NULL, NULL, NULL, NULL, NULL, NULL, NULL, NULL, NULL, NULL, NULL, NULL, NULL, NULL, NULL, NULL, NULL, NULL, NULL, NULL, NULL, NULL, NULL, NULL, NULL, NULL, NULL, NULL, NULL, NULL, NULL, NULL, NULL, NULL, NULL, NULL, NULL, 'pending', NULL, NULL, NULL, NULL, NULL, NULL, 0, NULL, NULL, NULL, NULL, NULL, NULL, 0, NULL, NULL, NULL, NULL, NULL, NULL, 0, NULL, NULL, NULL, NULL, NULL, NULL, NULL, '2026-02-10 04:22:55', '2026-02-10 04:22:55', NULL, NULL, NULL, NULL, NULL, NULL, NULL, NULL, 'START'),
(1905, 30, 'AMLODIPINE 10MG', '52.02 FA- 26/P/I/112', '52.02 FA', 2, 2, 2026, 'TABLET_NON_SALUT', '2026-02-10', '2026-02-10', NULL, '2026-02-10', 'START', NULL, NULL, 'START', NULL, NULL, NULL, NULL, NULL, NULL, 'START', NULL, NULL, NULL, NULL, NULL, NULL, 'START', NULL, NULL, NULL, NULL, NULL, NULL, 'START', NULL, NULL, NULL, NULL, NULL, NULL, NULL, NULL, NULL, NULL, NULL, NULL, NULL, NULL, 'START', NULL, NULL, NULL, NULL, NULL, NULL, 'START', NULL, NULL, NULL, NULL, NULL, NULL, 'START', NULL, NULL, NULL, NULL, NULL, NULL, NULL, NULL, NULL, NULL, NULL, NULL, NULL, NULL, NULL, NULL, NULL, NULL, NULL, NULL, NULL, NULL, NULL, NULL, NULL, NULL, NULL, NULL, NULL, NULL, NULL, NULL, NULL, NULL, NULL, NULL, NULL, NULL, NULL, NULL, NULL, NULL, NULL, NULL, NULL, NULL, NULL, NULL, NULL, NULL, NULL, NULL, NULL, NULL, NULL, NULL, NULL, NULL, NULL, 'pending', NULL, NULL, NULL, NULL, NULL, NULL, 0, NULL, NULL, NULL, NULL, NULL, NULL, 0, NULL, NULL, NULL, NULL, NULL, NULL, 0, NULL, NULL, NULL, NULL, NULL, NULL, NULL, '2026-02-10 04:22:55', '2026-02-10 04:22:55', NULL, NULL, NULL, NULL, NULL, NULL, NULL, NULL, 'START'),
(1906, 30, 'AMLODIPINE 10MG', '52.03 FA- 26/P/I/113', '52.03 FA', 3, 2, 2026, 'TABLET_NON_SALUT', '2026-02-10', '2026-02-10', NULL, '2026-02-10', 'START', NULL, NULL, 'START', NULL, NULL, NULL, NULL, NULL, NULL, 'START', NULL, NULL, NULL, NULL, NULL, NULL, 'START', NULL, NULL, NULL, NULL, NULL, NULL, 'START', NULL, NULL, NULL, NULL, NULL, NULL, NULL, NULL, NULL, NULL, NULL, NULL, NULL, NULL, 'START', NULL, NULL, NULL, NULL, NULL, NULL, 'START', NULL, NULL, NULL, NULL, NULL, NULL, 'START', NULL, NULL, NULL, NULL, NULL, NULL, NULL, NULL, NULL, NULL, NULL, NULL, NULL, NULL, NULL, NULL, NULL, NULL, NULL, NULL, NULL, NULL, NULL, NULL, NULL, NULL, NULL, NULL, NULL, NULL, NULL, NULL, NULL, NULL, NULL, NULL, NULL, NULL, NULL, NULL, NULL, NULL, NULL, NULL, NULL, NULL, NULL, NULL, NULL, NULL, NULL, NULL, NULL, NULL, NULL, NULL, NULL, NULL, NULL, 'pending', NULL, NULL, NULL, NULL, NULL, NULL, 0, NULL, NULL, NULL, NULL, NULL, NULL, 0, NULL, NULL, NULL, NULL, NULL, NULL, 0, NULL, NULL, NULL, NULL, NULL, NULL, NULL, '2026-02-10 04:22:55', '2026-02-10 04:22:55', NULL, NULL, NULL, NULL, NULL, NULL, NULL, NULL, 'START'),
(1907, 30, 'AMLODIPINE 10MG', '52.04 FA- 26/P/I/114', '52.04 FA', 4, 2, 2026, 'TABLET_NON_SALUT', '2026-02-10', '2026-02-10', NULL, '2026-02-10', 'START', NULL, NULL, 'START', NULL, NULL, NULL, NULL, NULL, NULL, 'START', NULL, NULL, NULL, NULL, NULL, NULL, 'START', NULL, NULL, NULL, NULL, NULL, NULL, 'START', NULL, NULL, NULL, NULL, NULL, NULL, NULL, NULL, NULL, NULL, NULL, NULL, NULL, NULL, 'START', NULL, NULL, NULL, NULL, NULL, NULL, 'START', NULL, NULL, NULL, NULL, NULL, NULL, 'START', NULL, NULL, NULL, NULL, NULL, NULL, NULL, NULL, NULL, NULL, NULL, NULL, NULL, NULL, NULL, NULL, NULL, NULL, NULL, NULL, NULL, NULL, NULL, NULL, NULL, NULL, NULL, NULL, NULL, NULL, NULL, NULL, NULL, NULL, NULL, NULL, NULL, NULL, NULL, NULL, NULL, NULL, NULL, NULL, NULL, NULL, NULL, NULL, NULL, NULL, NULL, NULL, NULL, NULL, NULL, NULL, NULL, NULL, NULL, 'pending', NULL, NULL, NULL, NULL, NULL, NULL, 0, NULL, NULL, NULL, NULL, NULL, NULL, 0, NULL, NULL, NULL, NULL, NULL, NULL, 0, NULL, NULL, NULL, NULL, NULL, NULL, NULL, '2026-02-10 04:22:55', '2026-02-10 04:22:55', NULL, NULL, NULL, NULL, NULL, NULL, NULL, NULL, 'START'),
(1908, 30, 'AMLODIPINE 10MG', '52.05 FA- 26/P/I/115', '52.05 FA', 5, 2, 2026, 'TABLET_NON_SALUT', '2026-02-10', '2026-02-10', NULL, '2026-02-10', 'START', NULL, NULL, 'START', NULL, NULL, NULL, NULL, NULL, NULL, 'START', NULL, NULL, NULL, NULL, NULL, NULL, 'START', NULL, NULL, NULL, NULL, NULL, NULL, 'START', NULL, NULL, NULL, NULL, NULL, NULL, NULL, NULL, NULL, NULL, NULL, NULL, NULL, NULL, 'START', NULL, NULL, NULL, NULL, NULL, NULL, 'START', NULL, NULL, NULL, NULL, NULL, NULL, 'START', NULL, NULL, NULL, NULL, NULL, NULL, NULL, NULL, NULL, NULL, NULL, NULL, NULL, NULL, NULL, NULL, NULL, NULL, NULL, NULL, NULL, NULL, NULL, NULL, NULL, NULL, NULL, NULL, NULL, NULL, NULL, NULL, NULL, NULL, NULL, NULL, NULL, NULL, NULL, NULL, NULL, NULL, NULL, NULL, NULL, NULL, NULL, NULL, NULL, NULL, NULL, NULL, NULL, NULL, NULL, NULL, NULL, NULL, NULL, 'pending', NULL, NULL, NULL, NULL, NULL, NULL, 0, NULL, NULL, NULL, NULL, NULL, NULL, 0, NULL, NULL, NULL, NULL, NULL, NULL, 0, NULL, NULL, NULL, NULL, NULL, NULL, NULL, '2026-02-10 04:22:55', '2026-02-10 04:22:55', NULL, NULL, NULL, NULL, NULL, NULL, NULL, NULL, 'START'),
(1909, 30, 'AMLODIPINE 10MG', '52.06 FA- 26/P/I/116', '52.06 FA', 6, 2, 2026, 'TABLET_NON_SALUT', '2026-02-10', '2026-02-10', NULL, '2026-02-10', 'START', NULL, NULL, 'START', NULL, NULL, NULL, NULL, NULL, NULL, 'START', NULL, NULL, NULL, NULL, NULL, NULL, 'START', NULL, NULL, NULL, NULL, NULL, NULL, 'START', NULL, NULL, NULL, NULL, NULL, NULL, NULL, NULL, NULL, NULL, NULL, NULL, NULL, NULL, 'START', NULL, NULL, NULL, NULL, NULL, NULL, 'START', NULL, NULL, NULL, NULL, NULL, NULL, 'START', NULL, NULL, NULL, NULL, NULL, NULL, NULL, NULL, NULL, NULL, NULL, NULL, NULL, NULL, NULL, NULL, NULL, NULL, NULL, NULL, NULL, NULL, NULL, NULL, NULL, NULL, NULL, NULL, NULL, NULL, NULL, NULL, NULL, NULL, NULL, NULL, NULL, NULL, NULL, NULL, NULL, NULL, NULL, NULL, NULL, NULL, NULL, NULL, NULL, NULL, NULL, NULL, NULL, NULL, NULL, NULL, NULL, NULL, NULL, 'pending', NULL, NULL, NULL, NULL, NULL, NULL, 0, NULL, NULL, NULL, NULL, NULL, NULL, 0, NULL, NULL, NULL, NULL, NULL, NULL, 0, NULL, NULL, NULL, NULL, NULL, NULL, NULL, '2026-02-10 04:22:55', '2026-02-10 04:22:55', NULL, NULL, NULL, NULL, NULL, NULL, NULL, NULL, 'START'),
(1910, 30, 'AMLODIPINE 10MG', '52.07 FA- 26/P/I/117', '52.07 FA', 7, 2, 2026, 'TABLET_NON_SALUT', '2026-02-10', '2026-02-10', NULL, '2026-02-10', 'START', NULL, NULL, 'START', NULL, NULL, NULL, NULL, NULL, NULL, 'START', NULL, NULL, NULL, NULL, NULL, NULL, 'START', NULL, NULL, NULL, NULL, NULL, NULL, 'START', NULL, NULL, NULL, NULL, NULL, NULL, NULL, NULL, NULL, NULL, NULL, NULL, NULL, NULL, 'START', NULL, NULL, NULL, NULL, NULL, NULL, 'START', NULL, NULL, NULL, NULL, NULL, NULL, 'START', NULL, NULL, NULL, NULL, NULL, NULL, NULL, NULL, NULL, NULL, NULL, NULL, NULL, NULL, NULL, NULL, NULL, NULL, NULL, NULL, NULL, NULL, NULL, NULL, NULL, NULL, NULL, NULL, NULL, NULL, NULL, NULL, NULL, NULL, NULL, NULL, NULL, NULL, NULL, NULL, NULL, NULL, NULL, NULL, NULL, NULL, NULL, NULL, NULL, NULL, NULL, NULL, NULL, NULL, NULL, NULL, NULL, NULL, NULL, 'pending', NULL, NULL, NULL, NULL, NULL, NULL, 0, NULL, NULL, NULL, NULL, NULL, NULL, 0, NULL, NULL, NULL, NULL, NULL, NULL, 0, NULL, NULL, NULL, NULL, NULL, NULL, NULL, '2026-02-10 04:22:55', '2026-02-10 04:22:55', NULL, NULL, NULL, NULL, NULL, NULL, NULL, NULL, 'START'),
(1911, 30, 'AMLODIPINE 10MG', '52.08 FA- 26/P/I/118', '52.08 FA', 8, 2, 2026, 'TABLET_NON_SALUT', '2026-02-10', '2026-02-10', NULL, '2026-02-10', 'START', NULL, NULL, 'START', NULL, NULL, NULL, NULL, NULL, NULL, 'START', NULL, NULL, NULL, NULL, NULL, NULL, 'START', NULL, NULL, NULL, NULL, NULL, NULL, 'START', NULL, NULL, NULL, NULL, NULL, NULL, NULL, NULL, NULL, NULL, NULL, NULL, NULL, NULL, 'START', NULL, NULL, NULL, NULL, NULL, NULL, 'START', NULL, NULL, NULL, NULL, NULL, NULL, 'START', NULL, NULL, NULL, NULL, NULL, NULL, NULL, NULL, NULL, NULL, NULL, NULL, NULL, NULL, NULL, NULL, NULL, NULL, NULL, NULL, NULL, NULL, NULL, NULL, NULL, NULL, NULL, NULL, NULL, NULL, NULL, NULL, NULL, NULL, NULL, NULL, NULL, NULL, NULL, NULL, NULL, NULL, NULL, NULL, NULL, NULL, NULL, NULL, NULL, NULL, NULL, NULL, NULL, NULL, NULL, NULL, NULL, NULL, NULL, 'pending', NULL, NULL, NULL, NULL, NULL, NULL, 0, NULL, NULL, NULL, NULL, NULL, NULL, 0, NULL, NULL, NULL, NULL, NULL, NULL, 0, NULL, NULL, NULL, NULL, NULL, NULL, NULL, '2026-02-10 04:22:55', '2026-02-10 04:22:55', NULL, NULL, NULL, NULL, NULL, NULL, NULL, NULL, 'START'),
(1912, 30, 'AMLODIPINE 10MG', '52.09 FA- 26/P/I/119', '52.09 FA', 9, 2, 2026, 'TABLET_NON_SALUT', '2026-02-10', '2026-02-10', NULL, '2026-02-10', 'START', NULL, NULL, 'START', NULL, NULL, NULL, NULL, NULL, NULL, 'START', NULL, NULL, NULL, NULL, NULL, NULL, 'START', NULL, NULL, NULL, NULL, NULL, NULL, 'START', NULL, NULL, NULL, NULL, NULL, NULL, NULL, NULL, NULL, NULL, NULL, NULL, NULL, NULL, 'START', NULL, NULL, NULL, NULL, NULL, NULL, 'START', NULL, NULL, NULL, NULL, NULL, NULL, 'START', NULL, NULL, NULL, NULL, NULL, NULL, NULL, NULL, NULL, NULL, NULL, NULL, NULL, NULL, NULL, NULL, NULL, NULL, NULL, NULL, NULL, NULL, NULL, NULL, NULL, NULL, NULL, NULL, NULL, NULL, NULL, NULL, NULL, NULL, NULL, NULL, NULL, NULL, NULL, NULL, NULL, NULL, NULL, NULL, NULL, NULL, NULL, NULL, NULL, NULL, NULL, NULL, NULL, NULL, NULL, NULL, NULL, NULL, NULL, 'pending', NULL, NULL, NULL, NULL, NULL, NULL, 0, NULL, NULL, NULL, NULL, NULL, NULL, 0, NULL, NULL, NULL, NULL, NULL, NULL, 0, NULL, NULL, NULL, NULL, NULL, NULL, NULL, '2026-02-10 04:22:55', '2026-02-10 04:22:55', NULL, NULL, NULL, NULL, NULL, NULL, NULL, NULL, 'START'),
(1913, 30, 'AMLODIPINE 10MG', '52.10 FA- 26/P/I/120', '52.10 FA', 10, 2, 2026, 'TABLET_NON_SALUT', '2026-02-10', '2026-02-10', NULL, '2026-02-10', 'START', NULL, NULL, 'START', NULL, NULL, NULL, NULL, NULL, NULL, 'START', NULL, NULL, NULL, NULL, NULL, NULL, 'START', NULL, NULL, NULL, NULL, NULL, NULL, 'START', NULL, NULL, NULL, NULL, NULL, NULL, NULL, NULL, NULL, NULL, NULL, NULL, NULL, NULL, 'START', NULL, NULL, NULL, NULL, NULL, NULL, 'START', NULL, NULL, NULL, NULL, NULL, NULL, 'START', NULL, NULL, NULL, NULL, NULL, NULL, NULL, NULL, NULL, NULL, NULL, NULL, NULL, NULL, NULL, NULL, NULL, NULL, NULL, NULL, NULL, NULL, NULL, NULL, NULL, NULL, NULL, NULL, NULL, NULL, NULL, NULL, NULL, NULL, NULL, NULL, NULL, NULL, NULL, NULL, NULL, NULL, NULL, NULL, NULL, NULL, NULL, NULL, NULL, NULL, NULL, NULL, NULL, NULL, NULL, NULL, NULL, NULL, NULL, 'pending', NULL, NULL, NULL, NULL, NULL, NULL, 0, NULL, NULL, NULL, NULL, NULL, NULL, 0, NULL, NULL, NULL, NULL, NULL, NULL, 0, NULL, NULL, NULL, NULL, NULL, NULL, NULL, '2026-02-10 04:22:55', '2026-02-10 04:22:55', NULL, NULL, NULL, NULL, NULL, NULL, NULL, NULL, 'START'),
(1914, 51, 'Vit BC+B12 Strip', '59.01 FA- 26/P/I/16', '59.01 FA', 1, 2, 2026, 'TABLET_SALUT', '2026-02-10', '2026-02-10', NULL, '2026-02-10', 'START', NULL, NULL, 'START', NULL, NULL, NULL, NULL, NULL, NULL, 'START', NULL, NULL, NULL, NULL, NULL, NULL, 'START', NULL, NULL, NULL, NULL, NULL, NULL, 'START', NULL, NULL, NULL, NULL, NULL, NULL, NULL, NULL, NULL, NULL, NULL, NULL, NULL, NULL, 'START', NULL, NULL, NULL, NULL, NULL, NULL, 'START', NULL, NULL, NULL, NULL, NULL, NULL, 'START', NULL, NULL, NULL, NULL, NULL, NULL, NULL, NULL, NULL, NULL, NULL, NULL, NULL, NULL, NULL, NULL, NULL, NULL, NULL, NULL, NULL, NULL, NULL, NULL, NULL, NULL, NULL, NULL, NULL, NULL, NULL, NULL, NULL, NULL, NULL, NULL, NULL, NULL, NULL, NULL, NULL, NULL, NULL, NULL, NULL, NULL, NULL, NULL, NULL, NULL, NULL, NULL, NULL, NULL, NULL, NULL, NULL, NULL, NULL, 'pending', NULL, NULL, NULL, NULL, NULL, NULL, 0, NULL, NULL, NULL, NULL, NULL, NULL, 0, NULL, NULL, NULL, NULL, NULL, NULL, 0, NULL, NULL, NULL, NULL, NULL, NULL, NULL, '2026-02-10 04:22:55', '2026-02-10 04:22:55', NULL, NULL, NULL, NULL, NULL, NULL, NULL, NULL, 'START'),
(1915, 51, 'Vit BC+B12 Strip', '59.02 FA- 26/P/I/17', '59.02 FA', 2, 2, 2026, 'TABLET_SALUT', '2026-02-10', '2026-02-10', NULL, '2026-02-10', 'START', NULL, NULL, 'START', NULL, NULL, NULL, NULL, NULL, NULL, 'START', NULL, NULL, NULL, NULL, NULL, NULL, 'START', NULL, NULL, NULL, NULL, NULL, NULL, 'START', NULL, NULL, NULL, NULL, NULL, NULL, NULL, NULL, NULL, NULL, NULL, NULL, NULL, NULL, 'START', NULL, NULL, NULL, NULL, NULL, NULL, 'START', NULL, NULL, NULL, NULL, NULL, NULL, 'START', NULL, NULL, NULL, NULL, NULL, NULL, NULL, NULL, NULL, NULL, NULL, NULL, NULL, NULL, NULL, NULL, NULL, NULL, NULL, NULL, NULL, NULL, NULL, NULL, NULL, NULL, NULL, NULL, NULL, NULL, NULL, NULL, NULL, NULL, NULL, NULL, NULL, NULL, NULL, NULL, NULL, NULL, NULL, NULL, NULL, NULL, NULL, NULL, NULL, NULL, NULL, NULL, NULL, NULL, NULL, NULL, NULL, NULL, NULL, 'pending', NULL, NULL, NULL, NULL, NULL, NULL, 0, NULL, NULL, NULL, NULL, NULL, NULL, 0, NULL, NULL, NULL, NULL, NULL, NULL, 0, NULL, NULL, NULL, NULL, NULL, NULL, NULL, '2026-02-10 04:22:55', '2026-02-10 04:22:55', NULL, NULL, NULL, NULL, NULL, NULL, NULL, NULL, 'START'),
(1916, 51, 'Vit BC+B12 Strip', '59.03 FA- 26/P/I/18', '59.03 FA', 3, 2, 2026, 'TABLET_SALUT', '2026-02-10', '2026-02-10', NULL, '2026-02-10', 'START', NULL, NULL, 'START', NULL, NULL, NULL, NULL, NULL, NULL, 'START', NULL, NULL, NULL, NULL, NULL, NULL, 'START', NULL, NULL, NULL, NULL, NULL, NULL, 'START', NULL, NULL, NULL, NULL, NULL, NULL, NULL, NULL, NULL, NULL, NULL, NULL, NULL, NULL, 'START', NULL, NULL, NULL, NULL, NULL, NULL, 'START', NULL, NULL, NULL, NULL, NULL, NULL, 'START', NULL, NULL, NULL, NULL, NULL, NULL, NULL, NULL, NULL, NULL, NULL, NULL, NULL, NULL, NULL, NULL, NULL, NULL, NULL, NULL, NULL, NULL, NULL, NULL, NULL, NULL, NULL, NULL, NULL, NULL, NULL, NULL, NULL, NULL, NULL, NULL, NULL, NULL, NULL, NULL, NULL, NULL, NULL, NULL, NULL, NULL, NULL, NULL, NULL, NULL, NULL, NULL, NULL, NULL, NULL, NULL, NULL, NULL, NULL, 'pending', NULL, NULL, NULL, NULL, NULL, NULL, 0, NULL, NULL, NULL, NULL, NULL, NULL, 0, NULL, NULL, NULL, NULL, NULL, NULL, 0, NULL, NULL, NULL, NULL, NULL, NULL, NULL, '2026-02-10 04:22:55', '2026-02-10 04:22:55', NULL, NULL, NULL, NULL, NULL, NULL, NULL, NULL, 'START'),
(1917, 51, 'Vit BC+B12 Strip', '59.04 FA- 26/P/I/19', '59.04 FA', 4, 2, 2026, 'TABLET_SALUT', '2026-02-10', '2026-02-10', NULL, '2026-02-10', 'START', NULL, NULL, 'START', NULL, NULL, NULL, NULL, NULL, NULL, 'START', NULL, NULL, NULL, NULL, NULL, NULL, 'START', NULL, NULL, NULL, NULL, NULL, NULL, 'START', NULL, NULL, NULL, NULL, NULL, NULL, NULL, NULL, NULL, NULL, NULL, NULL, NULL, NULL, 'START', NULL, NULL, NULL, NULL, NULL, NULL, 'START', NULL, NULL, NULL, NULL, NULL, NULL, 'START', NULL, NULL, NULL, NULL, NULL, NULL, NULL, NULL, NULL, NULL, NULL, NULL, NULL, NULL, NULL, NULL, NULL, NULL, NULL, NULL, NULL, NULL, NULL, NULL, NULL, NULL, NULL, NULL, NULL, NULL, NULL, NULL, NULL, NULL, NULL, NULL, NULL, NULL, NULL, NULL, NULL, NULL, NULL, NULL, NULL, NULL, NULL, NULL, NULL, NULL, NULL, NULL, NULL, NULL, NULL, NULL, NULL, NULL, NULL, 'pending', NULL, NULL, NULL, NULL, NULL, NULL, 0, NULL, NULL, NULL, NULL, NULL, NULL, 0, NULL, NULL, NULL, NULL, NULL, NULL, 0, NULL, NULL, NULL, NULL, NULL, NULL, NULL, '2026-02-10 04:22:55', '2026-02-10 04:22:55', NULL, NULL, NULL, NULL, NULL, NULL, NULL, NULL, 'START'),
(1918, 51, 'Vit BC+B12 Strip', '59.05 FA- 26/P/I/20', '59.05 FA', 5, 2, 2026, 'TABLET_SALUT', '2026-02-10', '2026-02-10', NULL, '2026-02-10', 'START', NULL, NULL, 'START', NULL, NULL, NULL, NULL, NULL, NULL, 'START', NULL, NULL, NULL, NULL, NULL, NULL, 'START', NULL, NULL, NULL, NULL, NULL, NULL, 'START', NULL, NULL, NULL, NULL, NULL, NULL, NULL, NULL, NULL, NULL, NULL, NULL, NULL, NULL, 'START', NULL, NULL, NULL, NULL, NULL, NULL, 'START', NULL, NULL, NULL, NULL, NULL, NULL, 'START', NULL, NULL, NULL, NULL, NULL, NULL, NULL, NULL, NULL, NULL, NULL, NULL, NULL, NULL, NULL, NULL, NULL, NULL, NULL, NULL, NULL, NULL, NULL, NULL, NULL, NULL, NULL, NULL, NULL, NULL, NULL, NULL, NULL, NULL, NULL, NULL, NULL, NULL, NULL, NULL, NULL, NULL, NULL, NULL, NULL, NULL, NULL, NULL, NULL, NULL, NULL, NULL, NULL, NULL, NULL, NULL, NULL, NULL, NULL, 'pending', NULL, NULL, NULL, NULL, NULL, NULL, 0, NULL, NULL, NULL, NULL, NULL, NULL, 0, NULL, NULL, NULL, NULL, NULL, NULL, 0, NULL, NULL, NULL, NULL, NULL, NULL, NULL, '2026-02-10 04:22:55', '2026-02-10 04:22:55', NULL, NULL, NULL, NULL, NULL, NULL, NULL, NULL, 'START'),
(1919, 51, 'Vit BC+B12 Strip', '59.06 FA- 26/P/I/21', '59.06 FA', 6, 2, 2026, 'TABLET_SALUT', '2026-02-10', '2026-02-10', NULL, '2026-02-10', 'START', NULL, NULL, 'START', NULL, NULL, NULL, NULL, NULL, NULL, 'START', NULL, NULL, NULL, NULL, NULL, NULL, 'START', NULL, NULL, NULL, NULL, NULL, NULL, 'START', NULL, NULL, NULL, NULL, NULL, NULL, NULL, NULL, NULL, NULL, NULL, NULL, NULL, NULL, 'START', NULL, NULL, NULL, NULL, NULL, NULL, 'START', NULL, NULL, NULL, NULL, NULL, NULL, 'START', NULL, NULL, NULL, NULL, NULL, NULL, NULL, NULL, NULL, NULL, NULL, NULL, NULL, NULL, NULL, NULL, NULL, NULL, NULL, NULL, NULL, NULL, NULL, NULL, NULL, NULL, NULL, NULL, NULL, NULL, NULL, NULL, NULL, NULL, NULL, NULL, NULL, NULL, NULL, NULL, NULL, NULL, NULL, NULL, NULL, NULL, NULL, NULL, NULL, NULL, NULL, NULL, NULL, NULL, NULL, NULL, NULL, NULL, NULL, 'pending', NULL, NULL, NULL, NULL, NULL, NULL, 0, NULL, NULL, NULL, NULL, NULL, NULL, 0, NULL, NULL, NULL, NULL, NULL, NULL, 0, NULL, NULL, NULL, NULL, NULL, NULL, NULL, '2026-02-10 04:22:55', '2026-02-10 04:22:55', NULL, NULL, NULL, NULL, NULL, NULL, NULL, NULL, 'START'),
(1920, 51, 'Vit BC+B12 Strip', '59.07 FA- 26/P/I/22', '59.07 FA', 7, 2, 2026, 'TABLET_SALUT', '2026-02-10', '2026-02-10', NULL, '2026-02-10', 'START', NULL, NULL, 'START', NULL, NULL, NULL, NULL, NULL, NULL, 'START', NULL, NULL, NULL, NULL, NULL, NULL, 'START', NULL, NULL, NULL, NULL, NULL, NULL, 'START', NULL, NULL, NULL, NULL, NULL, NULL, NULL, NULL, NULL, NULL, NULL, NULL, NULL, NULL, 'START', NULL, NULL, NULL, NULL, NULL, NULL, 'START', NULL, NULL, NULL, NULL, NULL, NULL, 'START', NULL, NULL, NULL, NULL, NULL, NULL, NULL, NULL, NULL, NULL, NULL, NULL, NULL, NULL, NULL, NULL, NULL, NULL, NULL, NULL, NULL, NULL, NULL, NULL, NULL, NULL, NULL, NULL, NULL, NULL, NULL, NULL, NULL, NULL, NULL, NULL, NULL, NULL, NULL, NULL, NULL, NULL, NULL, NULL, NULL, NULL, NULL, NULL, NULL, NULL, NULL, NULL, NULL, NULL, NULL, NULL, NULL, NULL, NULL, 'pending', NULL, NULL, NULL, NULL, NULL, NULL, 0, NULL, NULL, NULL, NULL, NULL, NULL, 0, NULL, NULL, NULL, NULL, NULL, NULL, 0, NULL, NULL, NULL, NULL, NULL, NULL, NULL, '2026-02-10 04:22:55', '2026-02-10 04:22:55', NULL, NULL, NULL, NULL, NULL, NULL, NULL, NULL, 'START'),
(1921, 51, 'Vit BC+B12 Strip', '59.08 FA- 26/P/I/23', '59.08 FA', 8, 2, 2026, 'TABLET_SALUT', '2026-02-10', '2026-02-10', NULL, '2026-02-10', 'START', NULL, NULL, 'START', NULL, NULL, NULL, NULL, NULL, NULL, 'START', NULL, NULL, NULL, NULL, NULL, NULL, 'START', NULL, NULL, NULL, NULL, NULL, NULL, 'START', NULL, NULL, NULL, NULL, NULL, NULL, NULL, NULL, NULL, NULL, NULL, NULL, NULL, NULL, 'START', NULL, NULL, NULL, NULL, NULL, NULL, 'START', NULL, NULL, NULL, NULL, NULL, NULL, 'START', NULL, NULL, NULL, NULL, NULL, NULL, NULL, NULL, NULL, NULL, NULL, NULL, NULL, NULL, NULL, NULL, NULL, NULL, NULL, NULL, NULL, NULL, NULL, NULL, NULL, NULL, NULL, NULL, NULL, NULL, NULL, NULL, NULL, NULL, NULL, NULL, NULL, NULL, NULL, NULL, NULL, NULL, NULL, NULL, NULL, NULL, NULL, NULL, NULL, NULL, NULL, NULL, NULL, NULL, NULL, NULL, NULL, NULL, NULL, 'pending', NULL, NULL, NULL, NULL, NULL, NULL, 0, NULL, NULL, NULL, NULL, NULL, NULL, 0, NULL, NULL, NULL, NULL, NULL, NULL, 0, NULL, NULL, NULL, NULL, NULL, NULL, NULL, '2026-02-10 04:22:55', '2026-02-10 04:22:55', NULL, NULL, NULL, NULL, NULL, NULL, NULL, NULL, 'START'),
(1922, 51, 'Vit BC+B12 Strip', '59.09 FA- 26/P/I/24', '59.09 FA', 9, 2, 2026, 'TABLET_SALUT', '2026-02-10', '2026-02-10', NULL, '2026-02-10', 'START', NULL, NULL, 'START', NULL, NULL, NULL, NULL, NULL, NULL, 'START', NULL, NULL, NULL, NULL, NULL, NULL, 'START', NULL, NULL, NULL, NULL, NULL, NULL, 'START', NULL, NULL, NULL, NULL, NULL, NULL, NULL, NULL, NULL, NULL, NULL, NULL, NULL, NULL, 'START', NULL, NULL, NULL, NULL, NULL, NULL, 'START', NULL, NULL, NULL, NULL, NULL, NULL, 'START', NULL, NULL, NULL, NULL, NULL, NULL, NULL, NULL, NULL, NULL, NULL, NULL, NULL, NULL, NULL, NULL, NULL, NULL, NULL, NULL, NULL, NULL, NULL, NULL, NULL, NULL, NULL, NULL, NULL, NULL, NULL, NULL, NULL, NULL, NULL, NULL, NULL, NULL, NULL, NULL, NULL, NULL, NULL, NULL, NULL, NULL, NULL, NULL, NULL, NULL, NULL, NULL, NULL, NULL, NULL, NULL, NULL, NULL, NULL, 'pending', NULL, NULL, NULL, NULL, NULL, NULL, 0, NULL, NULL, NULL, NULL, NULL, NULL, 0, NULL, NULL, NULL, NULL, NULL, NULL, 0, NULL, NULL, NULL, NULL, NULL, NULL, NULL, '2026-02-10 04:22:55', '2026-02-10 04:22:55', NULL, NULL, NULL, NULL, NULL, NULL, NULL, NULL, 'START'),
(1923, 51, 'Vit BC+B12 Strip', '59.10 FA- 26/P/I/25', '59.10 FA', 10, 2, 2026, 'TABLET_SALUT', '2026-02-10', '2026-02-10', NULL, '2026-02-10', 'START', NULL, NULL, 'START', NULL, NULL, NULL, NULL, NULL, NULL, 'START', NULL, NULL, NULL, NULL, NULL, NULL, 'START', NULL, NULL, NULL, NULL, NULL, NULL, 'START', NULL, NULL, NULL, NULL, NULL, NULL, NULL, NULL, NULL, NULL, NULL, NULL, NULL, NULL, 'START', NULL, NULL, NULL, NULL, NULL, NULL, 'START', NULL, NULL, NULL, NULL, NULL, NULL, 'START', NULL, NULL, NULL, NULL, NULL, NULL, NULL, NULL, NULL, NULL, NULL, NULL, NULL, NULL, NULL, NULL, NULL, NULL, NULL, NULL, NULL, NULL, NULL, NULL, NULL, NULL, NULL, NULL, NULL, NULL, NULL, NULL, NULL, NULL, NULL, NULL, NULL, NULL, NULL, NULL, NULL, NULL, NULL, NULL, NULL, NULL, NULL, NULL, NULL, NULL, NULL, NULL, NULL, NULL, NULL, NULL, NULL, NULL, NULL, 'pending', NULL, NULL, NULL, NULL, NULL, NULL, 0, NULL, NULL, NULL, NULL, NULL, NULL, 0, NULL, NULL, NULL, NULL, NULL, NULL, 0, NULL, NULL, NULL, NULL, NULL, NULL, NULL, '2026-02-10 04:22:55', '2026-02-10 04:22:55', NULL, NULL, NULL, NULL, NULL, NULL, NULL, NULL, 'START');
INSERT INTO `produksi_batches` (`id`, `produksi_id`, `nama_produk`, `no_batch`, `kode_batch`, `batch_ke`, `bulan`, `tahun`, `tipe_alur`, `wo_date`, `expected_date`, `tgl_mulai_weighing`, `tgl_weighing`, `status_weighing`, `tgl_mulai_mixing`, `tgl_mixing`, `status_mixing`, `mixing_rekon_qty`, `mixing_rekon_note`, `mixing_rekon_at`, `mixing_rekon_by`, `tgl_mulai_capsule_filling`, `tgl_capsule_filling`, `status_capsule_filling`, `capsule_filling_rekon_qty`, `capsule_filling_rekon_note`, `capsule_filling_rekon_at`, `capsule_filling_rekon_by`, `tgl_mulai_tableting`, `tgl_tableting`, `status_tableting`, `tableting_rekon_qty`, `tableting_rekon_note`, `tableting_rekon_at`, `tableting_rekon_by`, `tgl_mulai_coating`, `tgl_coating`, `status_coating`, `coating_rekon_qty`, `coating_rekon_note`, `coating_rekon_at`, `coating_rekon_by`, `tgl_mulai_coating_inti`, `tgl_coating_inti`, `tgl_mulai_coating_dasar`, `tgl_coating_dasar`, `tgl_mulai_coating_warna`, `tgl_coating_warna`, `tgl_mulai_coating_polishing`, `tgl_coating_polishing`, `tgl_mulai_primary_pack`, `tgl_primary_pack`, `status_primary`, `primary_pack_rekon_qty`, `primary_pack_rekon_note`, `primary_pack_rekon_at`, `primary_pack_rekon_by`, `tgl_mulai_secondary_pack_1`, `tgl_secondary_pack_1`, `status_secondary1`, `secondary_pack_1_rekon_qty`, `secondary_pack_1_rekon_note`, `secondary_pack_1_rekon_at`, `secondary_pack_1_rekon_by`, `tgl_mulai_secondary_pack_2`, `tgl_secondary_pack_2`, `status_secondary2`, `secondary_pack_2_rekon_qty`, `secondary_pack_2_rekon_note`, `secondary_pack_2_rekon_at`, `secondary_pack_2_rekon_by`, `tgl_datang_granul`, `tgl_analisa_granul`, `tgl_selesai_analisa_granul`, `tgl_rilis_granul`, `granul_exp_date`, `granul_berat`, `granul_no_wadah`, `granul_sign_code`, `granul_signed_at`, `granul_signed_by`, `granul_signed_level`, `granul_signed_user_id`, `tgl_datang_tablet`, `tgl_analisa_tablet`, `tgl_selesai_analisa_tablet`, `tgl_rilis_tablet`, `tablet_exp_date`, `tablet_berat`, `tablet_no_wadah`, `tablet_sign_code`, `tablet_signed_at`, `tablet_signed_by`, `tablet_signed_level`, `tablet_signed_user_id`, `tgl_datang_ruahan`, `tgl_analisa_ruahan`, `tgl_selesai_analisa_ruahan`, `tgl_rilis_ruahan`, `ruahan_exp_date`, `ruahan_berat`, `ruahan_no_wadah`, `ruahan_sign_code`, `ruahan_signed_at`, `ruahan_signed_by`, `ruahan_signed_level`, `ruahan_signed_user_id`, `tgl_datang_ruahan_akhir`, `tgl_analisa_ruahan_akhir`, `tgl_selesai_analisa_ruahan_akhir`, `tgl_rilis_ruahan_akhir`, `ruahan_akhir_exp_date`, `ruahan_akhir_berat`, `ruahan_akhir_no_wadah`, `ruahan_akhir_sign_code`, `ruahan_akhir_signed_at`, `ruahan_akhir_signed_by`, `ruahan_akhir_signed_level`, `ruahan_akhir_signed_user_id`, `qty_batch`, `status_qty_batch`, `tgl_konfirmasi_produksi`, `tgl_terima_jobsheet`, `status_jobsheet`, `catatan_jobsheet`, `tgl_sampling`, `status_sampling`, `catatan_sampling`, `tgl_qc_kirim_coa`, `tgl_qa_terima_coa`, `status_coa`, `catatan_coa`, `status_review`, `goj_returned`, `goj_return_note`, `goj_returned_at`, `tgl_review`, `catatan_review`, `hari_kerja`, `status_proses`, `is_paused`, `paused_stage`, `paused_reason`, `paused_note`, `paused_prev_status`, `paused_at`, `paused_by`, `is_holding`, `holding_stage`, `holding_return_to`, `holding_reason`, `holding_note`, `holding_prev_status`, `holding_at`, `holding_by`, `created_at`, `updated_at`, `granul_sign_url`, `tablet_sign_url`, `ruahan_sign_url`, `ruahan_akhir_sign_url`, `secondary_pack_rekon_qty`, `secondary_pack_rekon_note`, `secondary_pack_rekon_at`, `secondary_pack_rekon_by`, `batch_status`) VALUES
(1924, 51, 'Vit BC+B12 Strip', '59.11 FA- 26/P/I/66', '59.11 FA', 11, 2, 2026, 'TABLET_SALUT', '2026-02-10', '2026-02-10', NULL, '2026-02-10', 'START', NULL, NULL, 'START', NULL, NULL, NULL, NULL, NULL, NULL, 'START', NULL, NULL, NULL, NULL, NULL, NULL, 'START', NULL, NULL, NULL, NULL, NULL, NULL, 'START', NULL, NULL, NULL, NULL, NULL, NULL, NULL, NULL, NULL, NULL, NULL, NULL, NULL, NULL, 'START', NULL, NULL, NULL, NULL, NULL, NULL, 'START', NULL, NULL, NULL, NULL, NULL, NULL, 'START', NULL, NULL, NULL, NULL, NULL, NULL, NULL, NULL, NULL, NULL, NULL, NULL, NULL, NULL, NULL, NULL, NULL, NULL, NULL, NULL, NULL, NULL, NULL, NULL, NULL, NULL, NULL, NULL, NULL, NULL, NULL, NULL, NULL, NULL, NULL, NULL, NULL, NULL, NULL, NULL, NULL, NULL, NULL, NULL, NULL, NULL, NULL, NULL, NULL, NULL, NULL, NULL, NULL, NULL, NULL, NULL, NULL, NULL, NULL, 'pending', NULL, NULL, NULL, NULL, NULL, NULL, 0, NULL, NULL, NULL, NULL, NULL, NULL, 0, NULL, NULL, NULL, NULL, NULL, NULL, 0, NULL, NULL, NULL, NULL, NULL, NULL, NULL, '2026-02-10 04:22:55', '2026-02-10 04:22:55', NULL, NULL, NULL, NULL, NULL, NULL, NULL, NULL, 'START'),
(1925, 51, 'Vit BC+B12 Strip', '59.12 FA- 26/P/I/67', '59.12 FA', 12, 2, 2026, 'TABLET_SALUT', '2026-02-10', '2026-02-10', NULL, '2026-02-10', 'START', NULL, NULL, 'START', NULL, NULL, NULL, NULL, NULL, NULL, 'START', NULL, NULL, NULL, NULL, NULL, NULL, 'START', NULL, NULL, NULL, NULL, NULL, NULL, 'START', NULL, NULL, NULL, NULL, NULL, NULL, NULL, NULL, NULL, NULL, NULL, NULL, NULL, NULL, 'START', NULL, NULL, NULL, NULL, NULL, NULL, 'START', NULL, NULL, NULL, NULL, NULL, NULL, 'START', NULL, NULL, NULL, NULL, NULL, NULL, NULL, NULL, NULL, NULL, NULL, NULL, NULL, NULL, NULL, NULL, NULL, NULL, NULL, NULL, NULL, NULL, NULL, NULL, NULL, NULL, NULL, NULL, NULL, NULL, NULL, NULL, NULL, NULL, NULL, NULL, NULL, NULL, NULL, NULL, NULL, NULL, NULL, NULL, NULL, NULL, NULL, NULL, NULL, NULL, NULL, NULL, NULL, NULL, NULL, NULL, NULL, NULL, NULL, 'pending', NULL, NULL, NULL, NULL, NULL, NULL, 0, NULL, NULL, NULL, NULL, NULL, NULL, 0, NULL, NULL, NULL, NULL, NULL, NULL, 0, NULL, NULL, NULL, NULL, NULL, NULL, NULL, '2026-02-10 04:22:55', '2026-02-10 04:22:55', NULL, NULL, NULL, NULL, NULL, NULL, NULL, NULL, 'START'),
(1926, 51, 'Vit BC+B12 Strip', '59.13 FA- 26/P/I/68', '59.13 FA', 13, 2, 2026, 'TABLET_SALUT', '2026-02-10', '2026-02-10', NULL, '2026-02-10', 'START', NULL, NULL, 'START', NULL, NULL, NULL, NULL, NULL, NULL, 'START', NULL, NULL, NULL, NULL, NULL, NULL, 'START', NULL, NULL, NULL, NULL, NULL, NULL, 'START', NULL, NULL, NULL, NULL, NULL, NULL, NULL, NULL, NULL, NULL, NULL, NULL, NULL, NULL, 'START', NULL, NULL, NULL, NULL, NULL, NULL, 'START', NULL, NULL, NULL, NULL, NULL, NULL, 'START', NULL, NULL, NULL, NULL, NULL, NULL, NULL, NULL, NULL, NULL, NULL, NULL, NULL, NULL, NULL, NULL, NULL, NULL, NULL, NULL, NULL, NULL, NULL, NULL, NULL, NULL, NULL, NULL, NULL, NULL, NULL, NULL, NULL, NULL, NULL, NULL, NULL, NULL, NULL, NULL, NULL, NULL, NULL, NULL, NULL, NULL, NULL, NULL, NULL, NULL, NULL, NULL, NULL, NULL, NULL, NULL, NULL, NULL, NULL, 'pending', NULL, NULL, NULL, NULL, NULL, NULL, 0, NULL, NULL, NULL, NULL, NULL, NULL, 0, NULL, NULL, NULL, NULL, NULL, NULL, 0, NULL, NULL, NULL, NULL, NULL, NULL, NULL, '2026-02-10 04:22:55', '2026-02-10 04:22:55', NULL, NULL, NULL, NULL, NULL, NULL, NULL, NULL, 'START'),
(1927, 51, 'Vit BC+B12 Strip', '59.14 FA- 26/P/I/69', '59.14 FA', 14, 2, 2026, 'TABLET_SALUT', '2026-02-10', '2026-02-10', NULL, '2026-02-10', 'START', NULL, NULL, 'START', NULL, NULL, NULL, NULL, NULL, NULL, 'START', NULL, NULL, NULL, NULL, NULL, NULL, 'START', NULL, NULL, NULL, NULL, NULL, NULL, 'START', NULL, NULL, NULL, NULL, NULL, NULL, NULL, NULL, NULL, NULL, NULL, NULL, NULL, NULL, 'START', NULL, NULL, NULL, NULL, NULL, NULL, 'START', NULL, NULL, NULL, NULL, NULL, NULL, 'START', NULL, NULL, NULL, NULL, NULL, NULL, NULL, NULL, NULL, NULL, NULL, NULL, NULL, NULL, NULL, NULL, NULL, NULL, NULL, NULL, NULL, NULL, NULL, NULL, NULL, NULL, NULL, NULL, NULL, NULL, NULL, NULL, NULL, NULL, NULL, NULL, NULL, NULL, NULL, NULL, NULL, NULL, NULL, NULL, NULL, NULL, NULL, NULL, NULL, NULL, NULL, NULL, NULL, NULL, NULL, NULL, NULL, NULL, NULL, 'pending', NULL, NULL, NULL, NULL, NULL, NULL, 0, NULL, NULL, NULL, NULL, NULL, NULL, 0, NULL, NULL, NULL, NULL, NULL, NULL, 0, NULL, NULL, NULL, NULL, NULL, NULL, NULL, '2026-02-10 04:22:55', '2026-02-10 04:22:55', NULL, NULL, NULL, NULL, NULL, NULL, NULL, NULL, 'START'),
(1928, 51, 'Vit BC+B12 Strip', '59.15 FA- 26/P/I/70', '59.15 FA', 15, 2, 2026, 'TABLET_SALUT', '2026-02-10', '2026-02-10', NULL, '2026-02-10', 'START', NULL, NULL, 'START', NULL, NULL, NULL, NULL, NULL, NULL, 'START', NULL, NULL, NULL, NULL, NULL, NULL, 'START', NULL, NULL, NULL, NULL, NULL, NULL, 'START', NULL, NULL, NULL, NULL, NULL, NULL, NULL, NULL, NULL, NULL, NULL, NULL, NULL, NULL, 'START', NULL, NULL, NULL, NULL, NULL, NULL, 'START', NULL, NULL, NULL, NULL, NULL, NULL, 'START', NULL, NULL, NULL, NULL, NULL, NULL, NULL, NULL, NULL, NULL, NULL, NULL, NULL, NULL, NULL, NULL, NULL, NULL, NULL, NULL, NULL, NULL, NULL, NULL, NULL, NULL, NULL, NULL, NULL, NULL, NULL, NULL, NULL, NULL, NULL, NULL, NULL, NULL, NULL, NULL, NULL, NULL, NULL, NULL, NULL, NULL, NULL, NULL, NULL, NULL, NULL, NULL, NULL, NULL, NULL, NULL, NULL, NULL, NULL, 'pending', NULL, NULL, NULL, NULL, NULL, NULL, 0, NULL, NULL, NULL, NULL, NULL, NULL, 0, NULL, NULL, NULL, NULL, NULL, NULL, 0, NULL, NULL, NULL, NULL, NULL, NULL, NULL, '2026-02-10 04:22:55', '2026-02-10 04:22:55', NULL, NULL, NULL, NULL, NULL, NULL, NULL, NULL, 'START'),
(1929, 51, 'Vit BC+B12 Strip', '59.16 FA- 26/P/I/71', '59.16 FA', 16, 2, 2026, 'TABLET_SALUT', '2026-02-10', '2026-02-10', NULL, '2026-02-10', 'START', NULL, NULL, 'START', NULL, NULL, NULL, NULL, NULL, NULL, 'START', NULL, NULL, NULL, NULL, NULL, NULL, 'START', NULL, NULL, NULL, NULL, NULL, NULL, 'START', NULL, NULL, NULL, NULL, NULL, NULL, NULL, NULL, NULL, NULL, NULL, NULL, NULL, NULL, 'START', NULL, NULL, NULL, NULL, NULL, NULL, 'START', NULL, NULL, NULL, NULL, NULL, NULL, 'START', NULL, NULL, NULL, NULL, NULL, NULL, NULL, NULL, NULL, NULL, NULL, NULL, NULL, NULL, NULL, NULL, NULL, NULL, NULL, NULL, NULL, NULL, NULL, NULL, NULL, NULL, NULL, NULL, NULL, NULL, NULL, NULL, NULL, NULL, NULL, NULL, NULL, NULL, NULL, NULL, NULL, NULL, NULL, NULL, NULL, NULL, NULL, NULL, NULL, NULL, NULL, NULL, NULL, NULL, NULL, NULL, NULL, NULL, NULL, 'pending', NULL, NULL, NULL, NULL, NULL, NULL, 0, NULL, NULL, NULL, NULL, NULL, NULL, 0, NULL, NULL, NULL, NULL, NULL, NULL, 0, NULL, NULL, NULL, NULL, NULL, NULL, NULL, '2026-02-10 04:22:55', '2026-02-10 04:22:55', NULL, NULL, NULL, NULL, NULL, NULL, NULL, NULL, 'START'),
(1930, 51, 'Vit BC+B12 Strip', '59.17 FA- 26/P/I/72', '59.17 FA', 17, 2, 2026, 'TABLET_SALUT', '2026-02-10', '2026-02-10', NULL, '2026-02-10', 'START', NULL, NULL, 'START', NULL, NULL, NULL, NULL, NULL, NULL, 'START', NULL, NULL, NULL, NULL, NULL, NULL, 'START', NULL, NULL, NULL, NULL, NULL, NULL, 'START', NULL, NULL, NULL, NULL, NULL, NULL, NULL, NULL, NULL, NULL, NULL, NULL, NULL, NULL, 'START', NULL, NULL, NULL, NULL, NULL, NULL, 'START', NULL, NULL, NULL, NULL, NULL, NULL, 'START', NULL, NULL, NULL, NULL, NULL, NULL, NULL, NULL, NULL, NULL, NULL, NULL, NULL, NULL, NULL, NULL, NULL, NULL, NULL, NULL, NULL, NULL, NULL, NULL, NULL, NULL, NULL, NULL, NULL, NULL, NULL, NULL, NULL, NULL, NULL, NULL, NULL, NULL, NULL, NULL, NULL, NULL, NULL, NULL, NULL, NULL, NULL, NULL, NULL, NULL, NULL, NULL, NULL, NULL, NULL, NULL, NULL, NULL, NULL, 'pending', NULL, NULL, NULL, NULL, NULL, NULL, 0, NULL, NULL, NULL, NULL, NULL, NULL, 0, NULL, NULL, NULL, NULL, NULL, NULL, 0, NULL, NULL, NULL, NULL, NULL, NULL, NULL, '2026-02-10 04:22:55', '2026-02-10 04:22:55', NULL, NULL, NULL, NULL, NULL, NULL, NULL, NULL, 'START'),
(1931, 51, 'Vit BC+B12 Strip', '59.18 FA- 26/P/I/73', '59.18 FA', 18, 2, 2026, 'TABLET_SALUT', '2026-02-10', '2026-02-10', NULL, '2026-02-10', 'START', NULL, NULL, 'START', NULL, NULL, NULL, NULL, NULL, NULL, 'START', NULL, NULL, NULL, NULL, NULL, NULL, 'START', NULL, NULL, NULL, NULL, NULL, NULL, 'START', NULL, NULL, NULL, NULL, NULL, NULL, NULL, NULL, NULL, NULL, NULL, NULL, NULL, NULL, 'START', NULL, NULL, NULL, NULL, NULL, NULL, 'START', NULL, NULL, NULL, NULL, NULL, NULL, 'START', NULL, NULL, NULL, NULL, NULL, NULL, NULL, NULL, NULL, NULL, NULL, NULL, NULL, NULL, NULL, NULL, NULL, NULL, NULL, NULL, NULL, NULL, NULL, NULL, NULL, NULL, NULL, NULL, NULL, NULL, NULL, NULL, NULL, NULL, NULL, NULL, NULL, NULL, NULL, NULL, NULL, NULL, NULL, NULL, NULL, NULL, NULL, NULL, NULL, NULL, NULL, NULL, NULL, NULL, NULL, NULL, NULL, NULL, NULL, 'pending', NULL, NULL, NULL, NULL, NULL, NULL, 0, NULL, NULL, NULL, NULL, NULL, NULL, 0, NULL, NULL, NULL, NULL, NULL, NULL, 0, NULL, NULL, NULL, NULL, NULL, NULL, NULL, '2026-02-10 04:22:55', '2026-02-10 04:22:55', NULL, NULL, NULL, NULL, NULL, NULL, NULL, NULL, 'START'),
(1932, 51, 'Vit BC+B12 Strip', '59.19 FA- 26/P/I/74', '59.19 FA', 19, 2, 2026, 'TABLET_SALUT', '2026-02-10', '2026-02-10', NULL, '2026-02-10', 'START', NULL, NULL, 'START', NULL, NULL, NULL, NULL, NULL, NULL, 'START', NULL, NULL, NULL, NULL, NULL, NULL, 'START', NULL, NULL, NULL, NULL, NULL, NULL, 'START', NULL, NULL, NULL, NULL, NULL, NULL, NULL, NULL, NULL, NULL, NULL, NULL, NULL, NULL, 'START', NULL, NULL, NULL, NULL, NULL, NULL, 'START', NULL, NULL, NULL, NULL, NULL, NULL, 'START', NULL, NULL, NULL, NULL, NULL, NULL, NULL, NULL, NULL, NULL, NULL, NULL, NULL, NULL, NULL, NULL, NULL, NULL, NULL, NULL, NULL, NULL, NULL, NULL, NULL, NULL, NULL, NULL, NULL, NULL, NULL, NULL, NULL, NULL, NULL, NULL, NULL, NULL, NULL, NULL, NULL, NULL, NULL, NULL, NULL, NULL, NULL, NULL, NULL, NULL, NULL, NULL, NULL, NULL, NULL, NULL, NULL, NULL, NULL, 'pending', NULL, NULL, NULL, NULL, NULL, NULL, 0, NULL, NULL, NULL, NULL, NULL, NULL, 0, NULL, NULL, NULL, NULL, NULL, NULL, 0, NULL, NULL, NULL, NULL, NULL, NULL, NULL, '2026-02-10 04:22:55', '2026-02-10 04:22:55', NULL, NULL, NULL, NULL, NULL, NULL, NULL, NULL, 'START'),
(1933, 51, 'Vit BC+B12 Strip', '59.20 FA- 26/P/I/75', '59.20 FA', 20, 2, 2026, 'TABLET_SALUT', '2026-02-10', '2026-02-10', NULL, '2026-02-10', 'START', NULL, NULL, 'START', NULL, NULL, NULL, NULL, NULL, NULL, 'START', NULL, NULL, NULL, NULL, NULL, NULL, 'START', NULL, NULL, NULL, NULL, NULL, NULL, 'START', NULL, NULL, NULL, NULL, NULL, NULL, NULL, NULL, NULL, NULL, NULL, NULL, NULL, NULL, 'START', NULL, NULL, NULL, NULL, NULL, NULL, 'START', NULL, NULL, NULL, NULL, NULL, NULL, 'START', NULL, NULL, NULL, NULL, NULL, NULL, NULL, NULL, NULL, NULL, NULL, NULL, NULL, NULL, NULL, NULL, NULL, NULL, NULL, NULL, NULL, NULL, NULL, NULL, NULL, NULL, NULL, NULL, NULL, NULL, NULL, NULL, NULL, NULL, NULL, NULL, NULL, NULL, NULL, NULL, NULL, NULL, NULL, NULL, NULL, NULL, NULL, NULL, NULL, NULL, NULL, NULL, NULL, NULL, NULL, NULL, NULL, NULL, NULL, 'pending', NULL, NULL, NULL, NULL, NULL, NULL, 0, NULL, NULL, NULL, NULL, NULL, NULL, 0, NULL, NULL, NULL, NULL, NULL, NULL, 0, NULL, NULL, NULL, NULL, NULL, NULL, NULL, '2026-02-10 04:22:55', '2026-02-10 04:22:55', NULL, NULL, NULL, NULL, NULL, NULL, NULL, NULL, 'START'),
(1934, 51, 'Vit BC+B12 Strip', '59.21 FA- 26/P/I/76', '59.21 FA', 21, 2, 2026, 'TABLET_SALUT', '2026-02-10', '2026-02-10', NULL, '2026-02-10', 'START', NULL, NULL, 'START', NULL, NULL, NULL, NULL, NULL, NULL, 'START', NULL, NULL, NULL, NULL, NULL, NULL, 'START', NULL, NULL, NULL, NULL, NULL, NULL, 'START', NULL, NULL, NULL, NULL, NULL, NULL, NULL, NULL, NULL, NULL, NULL, NULL, NULL, NULL, 'START', NULL, NULL, NULL, NULL, NULL, NULL, 'START', NULL, NULL, NULL, NULL, NULL, NULL, 'START', NULL, NULL, NULL, NULL, NULL, NULL, NULL, NULL, NULL, NULL, NULL, NULL, NULL, NULL, NULL, NULL, NULL, NULL, NULL, NULL, NULL, NULL, NULL, NULL, NULL, NULL, NULL, NULL, NULL, NULL, NULL, NULL, NULL, NULL, NULL, NULL, NULL, NULL, NULL, NULL, NULL, NULL, NULL, NULL, NULL, NULL, NULL, NULL, NULL, NULL, NULL, NULL, NULL, NULL, NULL, NULL, NULL, NULL, NULL, 'pending', NULL, NULL, NULL, NULL, NULL, NULL, 0, NULL, NULL, NULL, NULL, NULL, NULL, 0, NULL, NULL, NULL, NULL, NULL, NULL, 0, NULL, NULL, NULL, NULL, NULL, NULL, NULL, '2026-02-10 04:22:55', '2026-02-10 04:22:55', NULL, NULL, NULL, NULL, NULL, NULL, NULL, NULL, 'START'),
(1935, 51, 'Vit BC+B12 Strip', '59.22 FA- 26/P/I/77', '59.22 FA', 22, 2, 2026, 'TABLET_SALUT', '2026-02-10', '2026-02-10', NULL, '2026-02-10', 'START', NULL, NULL, 'START', NULL, NULL, NULL, NULL, NULL, NULL, 'START', NULL, NULL, NULL, NULL, NULL, NULL, 'START', NULL, NULL, NULL, NULL, NULL, NULL, 'START', NULL, NULL, NULL, NULL, NULL, NULL, NULL, NULL, NULL, NULL, NULL, NULL, NULL, NULL, 'START', NULL, NULL, NULL, NULL, NULL, NULL, 'START', NULL, NULL, NULL, NULL, NULL, NULL, 'START', NULL, NULL, NULL, NULL, NULL, NULL, NULL, NULL, NULL, NULL, NULL, NULL, NULL, NULL, NULL, NULL, NULL, NULL, NULL, NULL, NULL, NULL, NULL, NULL, NULL, NULL, NULL, NULL, NULL, NULL, NULL, NULL, NULL, NULL, NULL, NULL, NULL, NULL, NULL, NULL, NULL, NULL, NULL, NULL, NULL, NULL, NULL, NULL, NULL, NULL, NULL, NULL, NULL, NULL, NULL, NULL, NULL, NULL, NULL, 'pending', NULL, NULL, NULL, NULL, NULL, NULL, 0, NULL, NULL, NULL, NULL, NULL, NULL, 0, NULL, NULL, NULL, NULL, NULL, NULL, 0, NULL, NULL, NULL, NULL, NULL, NULL, NULL, '2026-02-10 04:22:55', '2026-02-10 04:22:55', NULL, NULL, NULL, NULL, NULL, NULL, NULL, NULL, 'START'),
(1936, 51, 'Vit BC+B12 Strip', '59.23 FA- 26/P/I/78', '59.23 FA', 23, 2, 2026, 'TABLET_SALUT', '2026-02-10', '2026-02-10', NULL, '2026-02-10', 'START', NULL, NULL, 'START', NULL, NULL, NULL, NULL, NULL, NULL, 'START', NULL, NULL, NULL, NULL, NULL, NULL, 'START', NULL, NULL, NULL, NULL, NULL, NULL, 'START', NULL, NULL, NULL, NULL, NULL, NULL, NULL, NULL, NULL, NULL, NULL, NULL, NULL, NULL, 'START', NULL, NULL, NULL, NULL, NULL, NULL, 'START', NULL, NULL, NULL, NULL, NULL, NULL, 'START', NULL, NULL, NULL, NULL, NULL, NULL, NULL, NULL, NULL, NULL, NULL, NULL, NULL, NULL, NULL, NULL, NULL, NULL, NULL, NULL, NULL, NULL, NULL, NULL, NULL, NULL, NULL, NULL, NULL, NULL, NULL, NULL, NULL, NULL, NULL, NULL, NULL, NULL, NULL, NULL, NULL, NULL, NULL, NULL, NULL, NULL, NULL, NULL, NULL, NULL, NULL, NULL, NULL, NULL, NULL, NULL, NULL, NULL, NULL, 'pending', NULL, NULL, NULL, NULL, NULL, NULL, 0, NULL, NULL, NULL, NULL, NULL, NULL, 0, NULL, NULL, NULL, NULL, NULL, NULL, 0, NULL, NULL, NULL, NULL, NULL, NULL, NULL, '2026-02-10 04:22:55', '2026-02-10 04:22:55', NULL, NULL, NULL, NULL, NULL, NULL, NULL, NULL, 'START'),
(1937, 51, 'Vit BC+B12 Strip', '59.24 FA- 26/P/I/79', '59.24 FA', 24, 2, 2026, 'TABLET_SALUT', '2026-02-10', '2026-02-10', NULL, '2026-02-10', 'START', NULL, NULL, 'START', NULL, NULL, NULL, NULL, NULL, NULL, 'START', NULL, NULL, NULL, NULL, NULL, NULL, 'START', NULL, NULL, NULL, NULL, NULL, NULL, 'START', NULL, NULL, NULL, NULL, NULL, NULL, NULL, NULL, NULL, NULL, NULL, NULL, NULL, NULL, 'START', NULL, NULL, NULL, NULL, NULL, NULL, 'START', NULL, NULL, NULL, NULL, NULL, NULL, 'START', NULL, NULL, NULL, NULL, NULL, NULL, NULL, NULL, NULL, NULL, NULL, NULL, NULL, NULL, NULL, NULL, NULL, NULL, NULL, NULL, NULL, NULL, NULL, NULL, NULL, NULL, NULL, NULL, NULL, NULL, NULL, NULL, NULL, NULL, NULL, NULL, NULL, NULL, NULL, NULL, NULL, NULL, NULL, NULL, NULL, NULL, NULL, NULL, NULL, NULL, NULL, NULL, NULL, NULL, NULL, NULL, NULL, NULL, NULL, 'pending', NULL, NULL, NULL, NULL, NULL, NULL, 0, NULL, NULL, NULL, NULL, NULL, NULL, 0, NULL, NULL, NULL, NULL, NULL, NULL, 0, NULL, NULL, NULL, NULL, NULL, NULL, NULL, '2026-02-10 04:22:55', '2026-02-10 04:22:55', NULL, NULL, NULL, NULL, NULL, NULL, NULL, NULL, 'START'),
(1938, 51, 'Vit BC+B12 Strip', '59.25 FA- 26/P/I/80', '59.25 FA', 25, 2, 2026, 'TABLET_SALUT', '2026-02-10', '2026-02-10', NULL, '2026-02-10', 'START', NULL, NULL, 'START', NULL, NULL, NULL, NULL, NULL, NULL, 'START', NULL, NULL, NULL, NULL, NULL, NULL, 'START', NULL, NULL, NULL, NULL, NULL, NULL, 'START', NULL, NULL, NULL, NULL, NULL, NULL, NULL, NULL, NULL, NULL, NULL, NULL, NULL, NULL, 'START', NULL, NULL, NULL, NULL, NULL, NULL, 'START', NULL, NULL, NULL, NULL, NULL, NULL, 'START', NULL, NULL, NULL, NULL, NULL, NULL, NULL, NULL, NULL, NULL, NULL, NULL, NULL, NULL, NULL, NULL, NULL, NULL, NULL, NULL, NULL, NULL, NULL, NULL, NULL, NULL, NULL, NULL, NULL, NULL, NULL, NULL, NULL, NULL, NULL, NULL, NULL, NULL, NULL, NULL, NULL, NULL, NULL, NULL, NULL, NULL, NULL, NULL, NULL, NULL, NULL, NULL, NULL, NULL, NULL, NULL, NULL, NULL, NULL, 'pending', NULL, NULL, NULL, NULL, NULL, NULL, 0, NULL, NULL, NULL, NULL, NULL, NULL, 0, NULL, NULL, NULL, NULL, NULL, NULL, 0, NULL, NULL, NULL, NULL, NULL, NULL, NULL, '2026-02-10 04:22:55', '2026-02-10 04:22:55', NULL, NULL, NULL, NULL, NULL, NULL, NULL, NULL, 'START'),
(1939, 37, 'SAMMOXIN DS', '89.01 FA- 26/P/I/1', '89.01 FA', 1, 2, 2026, 'TABLET_NON_SALUT', '2026-02-10', '2026-02-10', NULL, '2026-02-10', 'START', NULL, NULL, 'START', NULL, NULL, NULL, NULL, NULL, NULL, 'START', NULL, NULL, NULL, NULL, NULL, NULL, 'START', NULL, NULL, NULL, NULL, NULL, NULL, 'START', NULL, NULL, NULL, NULL, NULL, NULL, NULL, NULL, NULL, NULL, NULL, NULL, NULL, NULL, 'START', NULL, NULL, NULL, NULL, NULL, NULL, 'START', NULL, NULL, NULL, NULL, NULL, NULL, 'START', NULL, NULL, NULL, NULL, NULL, NULL, NULL, NULL, NULL, NULL, NULL, NULL, NULL, NULL, NULL, NULL, NULL, NULL, NULL, NULL, NULL, NULL, NULL, NULL, NULL, NULL, NULL, NULL, NULL, NULL, NULL, NULL, NULL, NULL, NULL, NULL, NULL, NULL, NULL, NULL, NULL, NULL, NULL, NULL, NULL, NULL, NULL, NULL, NULL, NULL, NULL, NULL, NULL, NULL, NULL, NULL, NULL, NULL, NULL, 'pending', NULL, NULL, NULL, NULL, NULL, NULL, 0, NULL, NULL, NULL, NULL, NULL, NULL, 0, NULL, NULL, NULL, NULL, NULL, NULL, 0, NULL, NULL, NULL, NULL, NULL, NULL, NULL, '2026-02-10 04:22:55', '2026-02-10 04:22:55', NULL, NULL, NULL, NULL, NULL, NULL, NULL, NULL, 'START'),
(1940, 37, 'SAMMOXIN DS', '89.02 FA- 26/P/I/2', '89.02 FA', 2, 2, 2026, 'TABLET_NON_SALUT', '2026-02-10', '2026-02-10', NULL, '2026-02-10', 'START', NULL, NULL, 'START', NULL, NULL, NULL, NULL, NULL, NULL, 'START', NULL, NULL, NULL, NULL, NULL, NULL, 'START', NULL, NULL, NULL, NULL, NULL, NULL, 'START', NULL, NULL, NULL, NULL, NULL, NULL, NULL, NULL, NULL, NULL, NULL, NULL, NULL, NULL, 'START', NULL, NULL, NULL, NULL, NULL, NULL, 'START', NULL, NULL, NULL, NULL, NULL, NULL, 'START', NULL, NULL, NULL, NULL, NULL, NULL, NULL, NULL, NULL, NULL, NULL, NULL, NULL, NULL, NULL, NULL, NULL, NULL, NULL, NULL, NULL, NULL, NULL, NULL, NULL, NULL, NULL, NULL, NULL, NULL, NULL, NULL, NULL, NULL, NULL, NULL, NULL, NULL, NULL, NULL, NULL, NULL, NULL, NULL, NULL, NULL, NULL, NULL, NULL, NULL, NULL, NULL, NULL, NULL, NULL, NULL, NULL, NULL, NULL, 'pending', NULL, NULL, NULL, NULL, NULL, NULL, 0, NULL, NULL, NULL, NULL, NULL, NULL, 0, NULL, NULL, NULL, NULL, NULL, NULL, 0, NULL, NULL, NULL, NULL, NULL, NULL, NULL, '2026-02-10 04:22:55', '2026-02-10 04:22:55', NULL, NULL, NULL, NULL, NULL, NULL, NULL, NULL, 'START'),
(1941, 37, 'SAMMOXIN DS', '89.03 FA- 26/P/I/3', '89.03 FA', 3, 2, 2026, 'TABLET_NON_SALUT', '2026-02-10', '2026-02-10', NULL, '2026-02-10', 'START', NULL, NULL, 'START', NULL, NULL, NULL, NULL, NULL, NULL, 'START', NULL, NULL, NULL, NULL, NULL, NULL, 'START', NULL, NULL, NULL, NULL, NULL, NULL, 'START', NULL, NULL, NULL, NULL, NULL, NULL, NULL, NULL, NULL, NULL, NULL, NULL, NULL, NULL, 'START', NULL, NULL, NULL, NULL, NULL, NULL, 'START', NULL, NULL, NULL, NULL, NULL, NULL, 'START', NULL, NULL, NULL, NULL, NULL, NULL, NULL, NULL, NULL, NULL, NULL, NULL, NULL, NULL, NULL, NULL, NULL, NULL, NULL, NULL, NULL, NULL, NULL, NULL, NULL, NULL, NULL, NULL, NULL, NULL, NULL, NULL, NULL, NULL, NULL, NULL, NULL, NULL, NULL, NULL, NULL, NULL, NULL, NULL, NULL, NULL, NULL, NULL, NULL, NULL, NULL, NULL, NULL, NULL, NULL, NULL, NULL, NULL, NULL, 'pending', NULL, NULL, NULL, NULL, NULL, NULL, 0, NULL, NULL, NULL, NULL, NULL, NULL, 0, NULL, NULL, NULL, NULL, NULL, NULL, 0, NULL, NULL, NULL, NULL, NULL, NULL, NULL, '2026-02-10 04:22:55', '2026-02-10 04:22:55', NULL, NULL, NULL, NULL, NULL, NULL, NULL, NULL, 'START'),
(1942, 37, 'SAMMOXIN DS', '89.04 FA- 26/P/I/4', '89.04 FA', 4, 2, 2026, 'TABLET_NON_SALUT', '2026-02-10', '2026-02-10', NULL, '2026-02-10', 'START', NULL, NULL, 'START', NULL, NULL, NULL, NULL, NULL, NULL, 'START', NULL, NULL, NULL, NULL, NULL, NULL, 'START', NULL, NULL, NULL, NULL, NULL, NULL, 'START', NULL, NULL, NULL, NULL, NULL, NULL, NULL, NULL, NULL, NULL, NULL, NULL, NULL, NULL, 'START', NULL, NULL, NULL, NULL, NULL, NULL, 'START', NULL, NULL, NULL, NULL, NULL, NULL, 'START', NULL, NULL, NULL, NULL, NULL, NULL, NULL, NULL, NULL, NULL, NULL, NULL, NULL, NULL, NULL, NULL, NULL, NULL, NULL, NULL, NULL, NULL, NULL, NULL, NULL, NULL, NULL, NULL, NULL, NULL, NULL, NULL, NULL, NULL, NULL, NULL, NULL, NULL, NULL, NULL, NULL, NULL, NULL, NULL, NULL, NULL, NULL, NULL, NULL, NULL, NULL, NULL, NULL, NULL, NULL, NULL, NULL, NULL, NULL, 'pending', NULL, NULL, NULL, NULL, NULL, NULL, 0, NULL, NULL, NULL, NULL, NULL, NULL, 0, NULL, NULL, NULL, NULL, NULL, NULL, 0, NULL, NULL, NULL, NULL, NULL, NULL, NULL, '2026-02-10 04:22:55', '2026-02-10 04:22:55', NULL, NULL, NULL, NULL, NULL, NULL, NULL, NULL, 'START'),
(1943, 37, 'SAMMOXIN DS', '89.05 FA- 26/P/I/5', '89.05 FA', 5, 2, 2026, 'TABLET_NON_SALUT', '2026-02-10', '2026-02-10', NULL, '2026-02-10', 'START', NULL, NULL, 'START', NULL, NULL, NULL, NULL, NULL, NULL, 'START', NULL, NULL, NULL, NULL, NULL, NULL, 'START', NULL, NULL, NULL, NULL, NULL, NULL, 'START', NULL, NULL, NULL, NULL, NULL, NULL, NULL, NULL, NULL, NULL, NULL, NULL, NULL, NULL, 'START', NULL, NULL, NULL, NULL, NULL, NULL, 'START', NULL, NULL, NULL, NULL, NULL, NULL, 'START', NULL, NULL, NULL, NULL, NULL, NULL, NULL, NULL, NULL, NULL, NULL, NULL, NULL, NULL, NULL, NULL, NULL, NULL, NULL, NULL, NULL, NULL, NULL, NULL, NULL, NULL, NULL, NULL, NULL, NULL, NULL, NULL, NULL, NULL, NULL, NULL, NULL, NULL, NULL, NULL, NULL, NULL, NULL, NULL, NULL, NULL, NULL, NULL, NULL, NULL, NULL, NULL, NULL, NULL, NULL, NULL, NULL, NULL, NULL, 'pending', NULL, NULL, NULL, NULL, NULL, NULL, 0, NULL, NULL, NULL, NULL, NULL, NULL, 0, NULL, NULL, NULL, NULL, NULL, NULL, 0, NULL, NULL, NULL, NULL, NULL, NULL, NULL, '2026-02-10 04:22:55', '2026-02-10 04:22:55', NULL, NULL, NULL, NULL, NULL, NULL, NULL, NULL, 'START'),
(1944, 37, 'SAMMOXIN DS', '89.06 FA- 26/P/I/6', '89.06 FA', 6, 2, 2026, 'TABLET_NON_SALUT', '2026-02-10', '2026-02-10', NULL, '2026-02-10', 'START', NULL, NULL, 'START', NULL, NULL, NULL, NULL, NULL, NULL, 'START', NULL, NULL, NULL, NULL, NULL, NULL, 'START', NULL, NULL, NULL, NULL, NULL, NULL, 'START', NULL, NULL, NULL, NULL, NULL, NULL, NULL, NULL, NULL, NULL, NULL, NULL, NULL, NULL, 'START', NULL, NULL, NULL, NULL, NULL, NULL, 'START', NULL, NULL, NULL, NULL, NULL, NULL, 'START', NULL, NULL, NULL, NULL, NULL, NULL, NULL, NULL, NULL, NULL, NULL, NULL, NULL, NULL, NULL, NULL, NULL, NULL, NULL, NULL, NULL, NULL, NULL, NULL, NULL, NULL, NULL, NULL, NULL, NULL, NULL, NULL, NULL, NULL, NULL, NULL, NULL, NULL, NULL, NULL, NULL, NULL, NULL, NULL, NULL, NULL, NULL, NULL, NULL, NULL, NULL, NULL, NULL, NULL, NULL, NULL, NULL, NULL, NULL, 'pending', NULL, NULL, NULL, NULL, NULL, NULL, 0, NULL, NULL, NULL, NULL, NULL, NULL, 0, NULL, NULL, NULL, NULL, NULL, NULL, 0, NULL, NULL, NULL, NULL, NULL, NULL, NULL, '2026-02-10 04:22:55', '2026-02-10 04:22:55', NULL, NULL, NULL, NULL, NULL, NULL, NULL, NULL, 'START'),
(1945, 37, 'SAMMOXIN DS', '89.07 FA- 26/P/I/7', '89.07 FA', 7, 2, 2026, 'TABLET_NON_SALUT', '2026-02-10', '2026-02-10', NULL, '2026-02-10', 'START', NULL, NULL, 'START', NULL, NULL, NULL, NULL, NULL, NULL, 'START', NULL, NULL, NULL, NULL, NULL, NULL, 'START', NULL, NULL, NULL, NULL, NULL, NULL, 'START', NULL, NULL, NULL, NULL, NULL, NULL, NULL, NULL, NULL, NULL, NULL, NULL, NULL, NULL, 'START', NULL, NULL, NULL, NULL, NULL, NULL, 'START', NULL, NULL, NULL, NULL, NULL, NULL, 'START', NULL, NULL, NULL, NULL, NULL, NULL, NULL, NULL, NULL, NULL, NULL, NULL, NULL, NULL, NULL, NULL, NULL, NULL, NULL, NULL, NULL, NULL, NULL, NULL, NULL, NULL, NULL, NULL, NULL, NULL, NULL, NULL, NULL, NULL, NULL, NULL, NULL, NULL, NULL, NULL, NULL, NULL, NULL, NULL, NULL, NULL, NULL, NULL, NULL, NULL, NULL, NULL, NULL, NULL, NULL, NULL, NULL, NULL, NULL, 'pending', NULL, NULL, NULL, NULL, NULL, NULL, 0, NULL, NULL, NULL, NULL, NULL, NULL, 0, NULL, NULL, NULL, NULL, NULL, NULL, 0, NULL, NULL, NULL, NULL, NULL, NULL, NULL, '2026-02-10 04:22:55', '2026-02-10 04:22:55', NULL, NULL, NULL, NULL, NULL, NULL, NULL, NULL, 'START'),
(1946, 37, 'SAMMOXIN DS', '89.08 FA- 26/P/I/8', '89.08 FA', 8, 2, 2026, 'TABLET_NON_SALUT', '2026-02-10', '2026-02-10', NULL, '2026-02-10', 'START', NULL, NULL, 'START', NULL, NULL, NULL, NULL, NULL, NULL, 'START', NULL, NULL, NULL, NULL, NULL, NULL, 'START', NULL, NULL, NULL, NULL, NULL, NULL, 'START', NULL, NULL, NULL, NULL, NULL, NULL, NULL, NULL, NULL, NULL, NULL, NULL, NULL, NULL, 'START', NULL, NULL, NULL, NULL, NULL, NULL, 'START', NULL, NULL, NULL, NULL, NULL, NULL, 'START', NULL, NULL, NULL, NULL, NULL, NULL, NULL, NULL, NULL, NULL, NULL, NULL, NULL, NULL, NULL, NULL, NULL, NULL, NULL, NULL, NULL, NULL, NULL, NULL, NULL, NULL, NULL, NULL, NULL, NULL, NULL, NULL, NULL, NULL, NULL, NULL, NULL, NULL, NULL, NULL, NULL, NULL, NULL, NULL, NULL, NULL, NULL, NULL, NULL, NULL, NULL, NULL, NULL, NULL, NULL, NULL, NULL, NULL, NULL, 'pending', NULL, NULL, NULL, NULL, NULL, NULL, 0, NULL, NULL, NULL, NULL, NULL, NULL, 0, NULL, NULL, NULL, NULL, NULL, NULL, 0, NULL, NULL, NULL, NULL, NULL, NULL, NULL, '2026-02-10 04:22:55', '2026-02-10 04:22:55', NULL, NULL, NULL, NULL, NULL, NULL, NULL, NULL, 'START'),
(1947, 37, 'SAMMOXIN DS', '89.09 FA- 26/P/I/9', '89.09 FA', 9, 2, 2026, 'TABLET_NON_SALUT', '2026-02-10', '2026-02-10', NULL, '2026-02-10', 'START', NULL, NULL, 'START', NULL, NULL, NULL, NULL, NULL, NULL, 'START', NULL, NULL, NULL, NULL, NULL, NULL, 'START', NULL, NULL, NULL, NULL, NULL, NULL, 'START', NULL, NULL, NULL, NULL, NULL, NULL, NULL, NULL, NULL, NULL, NULL, NULL, NULL, NULL, 'START', NULL, NULL, NULL, NULL, NULL, NULL, 'START', NULL, NULL, NULL, NULL, NULL, NULL, 'START', NULL, NULL, NULL, NULL, NULL, NULL, NULL, NULL, NULL, NULL, NULL, NULL, NULL, NULL, NULL, NULL, NULL, NULL, NULL, NULL, NULL, NULL, NULL, NULL, NULL, NULL, NULL, NULL, NULL, NULL, NULL, NULL, NULL, NULL, NULL, NULL, NULL, NULL, NULL, NULL, NULL, NULL, NULL, NULL, NULL, NULL, NULL, NULL, NULL, NULL, NULL, NULL, NULL, NULL, NULL, NULL, NULL, NULL, NULL, 'pending', NULL, NULL, NULL, NULL, NULL, NULL, 0, NULL, NULL, NULL, NULL, NULL, NULL, 0, NULL, NULL, NULL, NULL, NULL, NULL, 0, NULL, NULL, NULL, NULL, NULL, NULL, NULL, '2026-02-10 04:22:55', '2026-02-10 04:22:55', NULL, NULL, NULL, NULL, NULL, NULL, NULL, NULL, 'START'),
(1948, 37, 'SAMMOXIN DS', '89.10 FA- 26/P/I/10', '89.10 FA', 10, 2, 2026, 'TABLET_NON_SALUT', '2026-02-10', '2026-02-10', NULL, '2026-02-10', 'START', NULL, NULL, 'START', NULL, NULL, NULL, NULL, NULL, NULL, 'START', NULL, NULL, NULL, NULL, NULL, NULL, 'START', NULL, NULL, NULL, NULL, NULL, NULL, 'START', NULL, NULL, NULL, NULL, NULL, NULL, NULL, NULL, NULL, NULL, NULL, NULL, NULL, NULL, 'START', NULL, NULL, NULL, NULL, NULL, NULL, 'START', NULL, NULL, NULL, NULL, NULL, NULL, 'START', NULL, NULL, NULL, NULL, NULL, NULL, NULL, NULL, NULL, NULL, NULL, NULL, NULL, NULL, NULL, NULL, NULL, NULL, NULL, NULL, NULL, NULL, NULL, NULL, NULL, NULL, NULL, NULL, NULL, NULL, NULL, NULL, NULL, NULL, NULL, NULL, NULL, NULL, NULL, NULL, NULL, NULL, NULL, NULL, NULL, NULL, NULL, NULL, NULL, NULL, NULL, NULL, NULL, NULL, NULL, NULL, NULL, NULL, NULL, 'pending', NULL, NULL, NULL, NULL, NULL, NULL, 0, NULL, NULL, NULL, NULL, NULL, NULL, 0, NULL, NULL, NULL, NULL, NULL, NULL, 0, NULL, NULL, NULL, NULL, NULL, NULL, NULL, '2026-02-10 04:22:55', '2026-02-10 04:22:55', NULL, NULL, NULL, NULL, NULL, NULL, NULL, NULL, 'START'),
(1949, 37, 'SAMMOXIN DS', '89.11 FA- 26/P/I/11', '89.11 FA', 11, 2, 2026, 'TABLET_NON_SALUT', '2026-02-10', '2026-02-10', NULL, '2026-02-10', 'START', NULL, NULL, 'START', NULL, NULL, NULL, NULL, NULL, NULL, 'START', NULL, NULL, NULL, NULL, NULL, NULL, 'START', NULL, NULL, NULL, NULL, NULL, NULL, 'START', NULL, NULL, NULL, NULL, NULL, NULL, NULL, NULL, NULL, NULL, NULL, NULL, NULL, NULL, 'START', NULL, NULL, NULL, NULL, NULL, NULL, 'START', NULL, NULL, NULL, NULL, NULL, NULL, 'START', NULL, NULL, NULL, NULL, NULL, NULL, NULL, NULL, NULL, NULL, NULL, NULL, NULL, NULL, NULL, NULL, NULL, NULL, NULL, NULL, NULL, NULL, NULL, NULL, NULL, NULL, NULL, NULL, NULL, NULL, NULL, NULL, NULL, NULL, NULL, NULL, NULL, NULL, NULL, NULL, NULL, NULL, NULL, NULL, NULL, NULL, NULL, NULL, NULL, NULL, NULL, NULL, NULL, NULL, NULL, NULL, NULL, NULL, NULL, 'pending', NULL, NULL, NULL, NULL, NULL, NULL, 0, NULL, NULL, NULL, NULL, NULL, NULL, 0, NULL, NULL, NULL, NULL, NULL, NULL, 0, NULL, NULL, NULL, NULL, NULL, NULL, NULL, '2026-02-10 04:22:55', '2026-02-10 04:22:55', NULL, NULL, NULL, NULL, NULL, NULL, NULL, NULL, 'START'),
(1950, 37, 'SAMMOXIN DS', '89.12 FA- 26/P/I/12', '89.12 FA', 12, 2, 2026, 'TABLET_NON_SALUT', '2026-02-10', '2026-02-10', NULL, '2026-02-10', 'START', NULL, NULL, 'START', NULL, NULL, NULL, NULL, NULL, NULL, 'START', NULL, NULL, NULL, NULL, NULL, NULL, 'START', NULL, NULL, NULL, NULL, NULL, NULL, 'START', NULL, NULL, NULL, NULL, NULL, NULL, NULL, NULL, NULL, NULL, NULL, NULL, NULL, NULL, 'START', NULL, NULL, NULL, NULL, NULL, NULL, 'START', NULL, NULL, NULL, NULL, NULL, NULL, 'START', NULL, NULL, NULL, NULL, NULL, NULL, NULL, NULL, NULL, NULL, NULL, NULL, NULL, NULL, NULL, NULL, NULL, NULL, NULL, NULL, NULL, NULL, NULL, NULL, NULL, NULL, NULL, NULL, NULL, NULL, NULL, NULL, NULL, NULL, NULL, NULL, NULL, NULL, NULL, NULL, NULL, NULL, NULL, NULL, NULL, NULL, NULL, NULL, NULL, NULL, NULL, NULL, NULL, NULL, NULL, NULL, NULL, NULL, NULL, 'pending', NULL, NULL, NULL, NULL, NULL, NULL, 0, NULL, NULL, NULL, NULL, NULL, NULL, 0, NULL, NULL, NULL, NULL, NULL, NULL, 0, NULL, NULL, NULL, NULL, NULL, NULL, NULL, '2026-02-10 04:22:55', '2026-02-10 04:22:55', NULL, NULL, NULL, NULL, NULL, NULL, NULL, NULL, 'START'),
(1951, 37, 'SAMMOXIN DS', '89.13 FA- 26/P/I/13', '89.13 FA', 13, 2, 2026, 'TABLET_NON_SALUT', '2026-02-10', '2026-02-10', NULL, '2026-02-10', 'START', NULL, NULL, 'START', NULL, NULL, NULL, NULL, NULL, NULL, 'START', NULL, NULL, NULL, NULL, NULL, NULL, 'START', NULL, NULL, NULL, NULL, NULL, NULL, 'START', NULL, NULL, NULL, NULL, NULL, NULL, NULL, NULL, NULL, NULL, NULL, NULL, NULL, NULL, 'START', NULL, NULL, NULL, NULL, NULL, NULL, 'START', NULL, NULL, NULL, NULL, NULL, NULL, 'START', NULL, NULL, NULL, NULL, NULL, NULL, NULL, NULL, NULL, NULL, NULL, NULL, NULL, NULL, NULL, NULL, NULL, NULL, NULL, NULL, NULL, NULL, NULL, NULL, NULL, NULL, NULL, NULL, NULL, NULL, NULL, NULL, NULL, NULL, NULL, NULL, NULL, NULL, NULL, NULL, NULL, NULL, NULL, NULL, NULL, NULL, NULL, NULL, NULL, NULL, NULL, NULL, NULL, NULL, NULL, NULL, NULL, NULL, NULL, 'pending', NULL, NULL, NULL, NULL, NULL, NULL, 0, NULL, NULL, NULL, NULL, NULL, NULL, 0, NULL, NULL, NULL, NULL, NULL, NULL, 0, NULL, NULL, NULL, NULL, NULL, NULL, NULL, '2026-02-10 04:22:55', '2026-02-10 04:22:55', NULL, NULL, NULL, NULL, NULL, NULL, NULL, NULL, 'START'),
(1952, 37, 'SAMMOXIN DS', '89.14 FA- 26/P/I/14', '89.14 FA', 14, 2, 2026, 'TABLET_NON_SALUT', '2026-02-10', '2026-02-10', NULL, '2026-02-10', 'START', NULL, NULL, 'START', NULL, NULL, NULL, NULL, NULL, NULL, 'START', NULL, NULL, NULL, NULL, NULL, NULL, 'START', NULL, NULL, NULL, NULL, NULL, NULL, 'START', NULL, NULL, NULL, NULL, NULL, NULL, NULL, NULL, NULL, NULL, NULL, NULL, NULL, NULL, 'START', NULL, NULL, NULL, NULL, NULL, NULL, 'START', NULL, NULL, NULL, NULL, NULL, NULL, 'START', NULL, NULL, NULL, NULL, NULL, NULL, NULL, NULL, NULL, NULL, NULL, NULL, NULL, NULL, NULL, NULL, NULL, NULL, NULL, NULL, NULL, NULL, NULL, NULL, NULL, NULL, NULL, NULL, NULL, NULL, NULL, NULL, NULL, NULL, NULL, NULL, NULL, NULL, NULL, NULL, NULL, NULL, NULL, NULL, NULL, NULL, NULL, NULL, NULL, NULL, NULL, NULL, NULL, NULL, NULL, NULL, NULL, NULL, NULL, 'pending', NULL, NULL, NULL, NULL, NULL, NULL, 0, NULL, NULL, NULL, NULL, NULL, NULL, 0, NULL, NULL, NULL, NULL, NULL, NULL, 0, NULL, NULL, NULL, NULL, NULL, NULL, NULL, '2026-02-10 04:22:55', '2026-02-10 04:22:55', NULL, NULL, NULL, NULL, NULL, NULL, NULL, NULL, 'START'),
(1953, 37, 'SAMMOXIN DS', '89.15 FA- 26/P/I/15', '89.15 FA', 15, 2, 2026, 'TABLET_NON_SALUT', '2026-02-10', '2026-02-10', NULL, '2026-02-10', 'START', NULL, NULL, 'START', NULL, NULL, NULL, NULL, NULL, NULL, 'START', NULL, NULL, NULL, NULL, NULL, NULL, 'START', NULL, NULL, NULL, NULL, NULL, NULL, 'START', NULL, NULL, NULL, NULL, NULL, NULL, NULL, NULL, NULL, NULL, NULL, NULL, NULL, NULL, 'START', NULL, NULL, NULL, NULL, NULL, NULL, 'START', NULL, NULL, NULL, NULL, NULL, NULL, 'START', NULL, NULL, NULL, NULL, NULL, NULL, NULL, NULL, NULL, NULL, NULL, NULL, NULL, NULL, NULL, NULL, NULL, NULL, NULL, NULL, NULL, NULL, NULL, NULL, NULL, NULL, NULL, NULL, NULL, NULL, NULL, NULL, NULL, NULL, NULL, NULL, NULL, NULL, NULL, NULL, NULL, NULL, NULL, NULL, NULL, NULL, NULL, NULL, NULL, NULL, NULL, NULL, NULL, NULL, NULL, NULL, NULL, NULL, NULL, 'pending', NULL, NULL, NULL, NULL, NULL, NULL, 0, NULL, NULL, NULL, NULL, NULL, NULL, 0, NULL, NULL, NULL, NULL, NULL, NULL, 0, NULL, NULL, NULL, NULL, NULL, NULL, NULL, '2026-02-10 04:22:55', '2026-02-10 04:22:55', NULL, NULL, NULL, NULL, NULL, NULL, NULL, NULL, 'START'),
(1954, 37, 'SAMMOXIN DS', '89.16 FA- 26/P/I/91', '89.16 FA', 16, 2, 2026, 'TABLET_NON_SALUT', '2026-02-10', '2026-02-10', NULL, '2026-02-10', 'START', NULL, NULL, 'START', NULL, NULL, NULL, NULL, NULL, NULL, 'START', NULL, NULL, NULL, NULL, NULL, NULL, 'START', NULL, NULL, NULL, NULL, NULL, NULL, 'START', NULL, NULL, NULL, NULL, NULL, NULL, NULL, NULL, NULL, NULL, NULL, NULL, NULL, NULL, 'START', NULL, NULL, NULL, NULL, NULL, NULL, 'START', NULL, NULL, NULL, NULL, NULL, NULL, 'START', NULL, NULL, NULL, NULL, NULL, NULL, NULL, NULL, NULL, NULL, NULL, NULL, NULL, NULL, NULL, NULL, NULL, NULL, NULL, NULL, NULL, NULL, NULL, NULL, NULL, NULL, NULL, NULL, NULL, NULL, NULL, NULL, NULL, NULL, NULL, NULL, NULL, NULL, NULL, NULL, NULL, NULL, NULL, NULL, NULL, NULL, NULL, NULL, NULL, NULL, NULL, NULL, NULL, NULL, NULL, NULL, NULL, NULL, NULL, 'pending', NULL, NULL, NULL, NULL, NULL, NULL, 0, NULL, NULL, NULL, NULL, NULL, NULL, 0, NULL, NULL, NULL, NULL, NULL, NULL, 0, NULL, NULL, NULL, NULL, NULL, NULL, NULL, '2026-02-10 04:22:55', '2026-02-10 04:22:55', NULL, NULL, NULL, NULL, NULL, NULL, NULL, NULL, 'START'),
(1955, 37, 'SAMMOXIN DS', '89.17 FA- 26/P/I/92', '89.17 FA', 17, 2, 2026, 'TABLET_NON_SALUT', '2026-02-10', '2026-02-10', NULL, '2026-02-10', 'START', NULL, NULL, 'START', NULL, NULL, NULL, NULL, NULL, NULL, 'START', NULL, NULL, NULL, NULL, NULL, NULL, 'START', NULL, NULL, NULL, NULL, NULL, NULL, 'START', NULL, NULL, NULL, NULL, NULL, NULL, NULL, NULL, NULL, NULL, NULL, NULL, NULL, NULL, 'START', NULL, NULL, NULL, NULL, NULL, NULL, 'START', NULL, NULL, NULL, NULL, NULL, NULL, 'START', NULL, NULL, NULL, NULL, NULL, NULL, NULL, NULL, NULL, NULL, NULL, NULL, NULL, NULL, NULL, NULL, NULL, NULL, NULL, NULL, NULL, NULL, NULL, NULL, NULL, NULL, NULL, NULL, NULL, NULL, NULL, NULL, NULL, NULL, NULL, NULL, NULL, NULL, NULL, NULL, NULL, NULL, NULL, NULL, NULL, NULL, NULL, NULL, NULL, NULL, NULL, NULL, NULL, NULL, NULL, NULL, NULL, NULL, NULL, 'pending', NULL, NULL, NULL, NULL, NULL, NULL, 0, NULL, NULL, NULL, NULL, NULL, NULL, 0, NULL, NULL, NULL, NULL, NULL, NULL, 0, NULL, NULL, NULL, NULL, NULL, NULL, NULL, '2026-02-10 04:22:55', '2026-02-10 04:22:55', NULL, NULL, NULL, NULL, NULL, NULL, NULL, NULL, 'START'),
(1956, 37, 'SAMMOXIN DS', '89.18 FA- 26/P/I/93', '89.18 FA', 18, 2, 2026, 'TABLET_NON_SALUT', '2026-02-10', '2026-02-10', NULL, '2026-02-10', 'START', NULL, NULL, 'START', NULL, NULL, NULL, NULL, NULL, NULL, 'START', NULL, NULL, NULL, NULL, NULL, NULL, 'START', NULL, NULL, NULL, NULL, NULL, NULL, 'START', NULL, NULL, NULL, NULL, NULL, NULL, NULL, NULL, NULL, NULL, NULL, NULL, NULL, NULL, 'START', NULL, NULL, NULL, NULL, NULL, NULL, 'START', NULL, NULL, NULL, NULL, NULL, NULL, 'START', NULL, NULL, NULL, NULL, NULL, NULL, NULL, NULL, NULL, NULL, NULL, NULL, NULL, NULL, NULL, NULL, NULL, NULL, NULL, NULL, NULL, NULL, NULL, NULL, NULL, NULL, NULL, NULL, NULL, NULL, NULL, NULL, NULL, NULL, NULL, NULL, NULL, NULL, NULL, NULL, NULL, NULL, NULL, NULL, NULL, NULL, NULL, NULL, NULL, NULL, NULL, NULL, NULL, NULL, NULL, NULL, NULL, NULL, NULL, 'pending', NULL, NULL, NULL, NULL, NULL, NULL, 0, NULL, NULL, NULL, NULL, NULL, NULL, 0, NULL, NULL, NULL, NULL, NULL, NULL, 0, NULL, NULL, NULL, NULL, NULL, NULL, NULL, '2026-02-10 04:22:55', '2026-02-10 04:22:55', NULL, NULL, NULL, NULL, NULL, NULL, NULL, NULL, 'START'),
(1957, 37, 'SAMMOXIN DS', '89.19 FA- 26/P/I/94', '89.19 FA', 19, 2, 2026, 'TABLET_NON_SALUT', '2026-02-10', '2026-02-10', NULL, '2026-02-10', 'START', NULL, NULL, 'START', NULL, NULL, NULL, NULL, NULL, NULL, 'START', NULL, NULL, NULL, NULL, NULL, NULL, 'START', NULL, NULL, NULL, NULL, NULL, NULL, 'START', NULL, NULL, NULL, NULL, NULL, NULL, NULL, NULL, NULL, NULL, NULL, NULL, NULL, NULL, 'START', NULL, NULL, NULL, NULL, NULL, NULL, 'START', NULL, NULL, NULL, NULL, NULL, NULL, 'START', NULL, NULL, NULL, NULL, NULL, NULL, NULL, NULL, NULL, NULL, NULL, NULL, NULL, NULL, NULL, NULL, NULL, NULL, NULL, NULL, NULL, NULL, NULL, NULL, NULL, NULL, NULL, NULL, NULL, NULL, NULL, NULL, NULL, NULL, NULL, NULL, NULL, NULL, NULL, NULL, NULL, NULL, NULL, NULL, NULL, NULL, NULL, NULL, NULL, NULL, NULL, NULL, NULL, NULL, NULL, NULL, NULL, NULL, NULL, 'pending', NULL, NULL, NULL, NULL, NULL, NULL, 0, NULL, NULL, NULL, NULL, NULL, NULL, 0, NULL, NULL, NULL, NULL, NULL, NULL, 0, NULL, NULL, NULL, NULL, NULL, NULL, NULL, '2026-02-10 04:22:55', '2026-02-10 04:22:55', NULL, NULL, NULL, NULL, NULL, NULL, NULL, NULL, 'START'),
(1958, 37, 'SAMMOXIN DS', '89.20 FA- 26/P/I/95', '89.20 FA', 20, 2, 2026, 'TABLET_NON_SALUT', '2026-02-10', '2026-02-10', NULL, '2026-02-10', 'START', NULL, NULL, 'START', NULL, NULL, NULL, NULL, NULL, NULL, 'START', NULL, NULL, NULL, NULL, NULL, NULL, 'START', NULL, NULL, NULL, NULL, NULL, NULL, 'START', NULL, NULL, NULL, NULL, NULL, NULL, NULL, NULL, NULL, NULL, NULL, NULL, NULL, NULL, 'START', NULL, NULL, NULL, NULL, NULL, NULL, 'START', NULL, NULL, NULL, NULL, NULL, NULL, 'START', NULL, NULL, NULL, NULL, NULL, NULL, NULL, NULL, NULL, NULL, NULL, NULL, NULL, NULL, NULL, NULL, NULL, NULL, NULL, NULL, NULL, NULL, NULL, NULL, NULL, NULL, NULL, NULL, NULL, NULL, NULL, NULL, NULL, NULL, NULL, NULL, NULL, NULL, NULL, NULL, NULL, NULL, NULL, NULL, NULL, NULL, NULL, NULL, NULL, NULL, NULL, NULL, NULL, NULL, NULL, NULL, NULL, NULL, NULL, 'pending', NULL, NULL, NULL, NULL, NULL, NULL, 0, NULL, NULL, NULL, NULL, NULL, NULL, 0, NULL, NULL, NULL, NULL, NULL, NULL, 0, NULL, NULL, NULL, NULL, NULL, NULL, NULL, '2026-02-10 04:22:55', '2026-02-10 04:22:55', NULL, NULL, NULL, NULL, NULL, NULL, NULL, NULL, 'START'),
(1959, 37, 'SAMMOXIN DS', '89.21 FA- 26/P/I/96', '89.21 FA', 21, 2, 2026, 'TABLET_NON_SALUT', '2026-02-10', '2026-02-10', NULL, '2026-02-10', 'START', NULL, NULL, 'START', NULL, NULL, NULL, NULL, NULL, NULL, 'START', NULL, NULL, NULL, NULL, NULL, NULL, 'START', NULL, NULL, NULL, NULL, NULL, NULL, 'START', NULL, NULL, NULL, NULL, NULL, NULL, NULL, NULL, NULL, NULL, NULL, NULL, NULL, NULL, 'START', NULL, NULL, NULL, NULL, NULL, NULL, 'START', NULL, NULL, NULL, NULL, NULL, NULL, 'START', NULL, NULL, NULL, NULL, NULL, NULL, NULL, NULL, NULL, NULL, NULL, NULL, NULL, NULL, NULL, NULL, NULL, NULL, NULL, NULL, NULL, NULL, NULL, NULL, NULL, NULL, NULL, NULL, NULL, NULL, NULL, NULL, NULL, NULL, NULL, NULL, NULL, NULL, NULL, NULL, NULL, NULL, NULL, NULL, NULL, NULL, NULL, NULL, NULL, NULL, NULL, NULL, NULL, NULL, NULL, NULL, NULL, NULL, NULL, 'pending', NULL, NULL, NULL, NULL, NULL, NULL, 0, NULL, NULL, NULL, NULL, NULL, NULL, 0, NULL, NULL, NULL, NULL, NULL, NULL, 0, NULL, NULL, NULL, NULL, NULL, NULL, NULL, '2026-02-10 04:22:55', '2026-02-10 04:22:55', NULL, NULL, NULL, NULL, NULL, NULL, NULL, NULL, 'START'),
(1960, 37, 'SAMMOXIN DS', '89.22 FA- 26/P/I/97', '89.22 FA', 22, 2, 2026, 'TABLET_NON_SALUT', '2026-02-10', '2026-02-10', NULL, '2026-02-10', 'START', NULL, NULL, 'START', NULL, NULL, NULL, NULL, NULL, NULL, 'START', NULL, NULL, NULL, NULL, NULL, NULL, 'START', NULL, NULL, NULL, NULL, NULL, NULL, 'START', NULL, NULL, NULL, NULL, NULL, NULL, NULL, NULL, NULL, NULL, NULL, NULL, NULL, NULL, 'START', NULL, NULL, NULL, NULL, NULL, NULL, 'START', NULL, NULL, NULL, NULL, NULL, NULL, 'START', NULL, NULL, NULL, NULL, NULL, NULL, NULL, NULL, NULL, NULL, NULL, NULL, NULL, NULL, NULL, NULL, NULL, NULL, NULL, NULL, NULL, NULL, NULL, NULL, NULL, NULL, NULL, NULL, NULL, NULL, NULL, NULL, NULL, NULL, NULL, NULL, NULL, NULL, NULL, NULL, NULL, NULL, NULL, NULL, NULL, NULL, NULL, NULL, NULL, NULL, NULL, NULL, NULL, NULL, NULL, NULL, NULL, NULL, NULL, 'pending', NULL, NULL, NULL, NULL, NULL, NULL, 0, NULL, NULL, NULL, NULL, NULL, NULL, 0, NULL, NULL, NULL, NULL, NULL, NULL, 0, NULL, NULL, NULL, NULL, NULL, NULL, NULL, '2026-02-10 04:22:55', '2026-02-10 04:22:55', NULL, NULL, NULL, NULL, NULL, NULL, NULL, NULL, 'START'),
(1961, 37, 'SAMMOXIN DS', '89.23 FA- 26/P/I/98', '89.23 FA', 23, 2, 2026, 'TABLET_NON_SALUT', '2026-02-10', '2026-02-10', NULL, '2026-02-10', 'START', NULL, NULL, 'START', NULL, NULL, NULL, NULL, NULL, NULL, 'START', NULL, NULL, NULL, NULL, NULL, NULL, 'START', NULL, NULL, NULL, NULL, NULL, NULL, 'START', NULL, NULL, NULL, NULL, NULL, NULL, NULL, NULL, NULL, NULL, NULL, NULL, NULL, NULL, 'START', NULL, NULL, NULL, NULL, NULL, NULL, 'START', NULL, NULL, NULL, NULL, NULL, NULL, 'START', NULL, NULL, NULL, NULL, NULL, NULL, NULL, NULL, NULL, NULL, NULL, NULL, NULL, NULL, NULL, NULL, NULL, NULL, NULL, NULL, NULL, NULL, NULL, NULL, NULL, NULL, NULL, NULL, NULL, NULL, NULL, NULL, NULL, NULL, NULL, NULL, NULL, NULL, NULL, NULL, NULL, NULL, NULL, NULL, NULL, NULL, NULL, NULL, NULL, NULL, NULL, NULL, NULL, NULL, NULL, NULL, NULL, NULL, NULL, 'pending', NULL, NULL, NULL, NULL, NULL, NULL, 0, NULL, NULL, NULL, NULL, NULL, NULL, 0, NULL, NULL, NULL, NULL, NULL, NULL, 0, NULL, NULL, NULL, NULL, NULL, NULL, NULL, '2026-02-10 04:22:55', '2026-02-10 04:22:55', NULL, NULL, NULL, NULL, NULL, NULL, NULL, NULL, 'START'),
(1962, 37, 'SAMMOXIN DS', '89.24 FA- 26/P/I/99', '89.24 FA', 24, 2, 2026, 'TABLET_NON_SALUT', '2026-02-10', '2026-02-10', NULL, '2026-02-10', 'START', NULL, NULL, 'START', NULL, NULL, NULL, NULL, NULL, NULL, 'START', NULL, NULL, NULL, NULL, NULL, NULL, 'START', NULL, NULL, NULL, NULL, NULL, NULL, 'START', NULL, NULL, NULL, NULL, NULL, NULL, NULL, NULL, NULL, NULL, NULL, NULL, NULL, NULL, 'START', NULL, NULL, NULL, NULL, NULL, NULL, 'START', NULL, NULL, NULL, NULL, NULL, NULL, 'START', NULL, NULL, NULL, NULL, NULL, NULL, NULL, NULL, NULL, NULL, NULL, NULL, NULL, NULL, NULL, NULL, NULL, NULL, NULL, NULL, NULL, NULL, NULL, NULL, NULL, NULL, NULL, NULL, NULL, NULL, NULL, NULL, NULL, NULL, NULL, NULL, NULL, NULL, NULL, NULL, NULL, NULL, NULL, NULL, NULL, NULL, NULL, NULL, NULL, NULL, NULL, NULL, NULL, NULL, NULL, NULL, NULL, NULL, NULL, 'pending', NULL, NULL, NULL, NULL, NULL, NULL, 0, NULL, NULL, NULL, NULL, NULL, NULL, 0, NULL, NULL, NULL, NULL, NULL, NULL, 0, NULL, NULL, NULL, NULL, NULL, NULL, NULL, '2026-02-10 04:22:55', '2026-02-10 04:22:55', NULL, NULL, NULL, NULL, NULL, NULL, NULL, NULL, 'START'),
(1963, 37, 'SAMMOXIN DS', '89.25 FA- 26/P/I/100', '89.25 FA', 25, 2, 2026, 'TABLET_NON_SALUT', '2026-02-10', '2026-02-10', NULL, '2026-02-10', 'START', NULL, NULL, 'START', NULL, NULL, NULL, NULL, NULL, NULL, 'START', NULL, NULL, NULL, NULL, NULL, NULL, 'START', NULL, NULL, NULL, NULL, NULL, NULL, 'START', NULL, NULL, NULL, NULL, NULL, NULL, NULL, NULL, NULL, NULL, NULL, NULL, NULL, NULL, 'START', NULL, NULL, NULL, NULL, NULL, NULL, 'START', NULL, NULL, NULL, NULL, NULL, NULL, 'START', NULL, NULL, NULL, NULL, NULL, NULL, NULL, NULL, NULL, NULL, NULL, NULL, NULL, NULL, NULL, NULL, NULL, NULL, NULL, NULL, NULL, NULL, NULL, NULL, NULL, NULL, NULL, NULL, NULL, NULL, NULL, NULL, NULL, NULL, NULL, NULL, NULL, NULL, NULL, NULL, NULL, NULL, NULL, NULL, NULL, NULL, NULL, NULL, NULL, NULL, NULL, NULL, NULL, NULL, NULL, NULL, NULL, NULL, NULL, 'pending', NULL, NULL, NULL, NULL, NULL, NULL, 0, NULL, NULL, NULL, NULL, NULL, NULL, 0, NULL, NULL, NULL, NULL, NULL, NULL, 0, NULL, NULL, NULL, NULL, NULL, NULL, NULL, '2026-02-10 04:22:55', '2026-02-10 04:22:55', NULL, NULL, NULL, NULL, NULL, NULL, NULL, NULL, 'START'),
(1964, 37, 'SAMMOXIN DS', '89.26 FA- 26/P/I/101', '89.26 FA', 26, 2, 2026, 'TABLET_NON_SALUT', '2026-02-10', '2026-02-10', NULL, '2026-02-10', 'START', NULL, NULL, 'START', NULL, NULL, NULL, NULL, NULL, NULL, 'START', NULL, NULL, NULL, NULL, NULL, NULL, 'START', NULL, NULL, NULL, NULL, NULL, NULL, 'START', NULL, NULL, NULL, NULL, NULL, NULL, NULL, NULL, NULL, NULL, NULL, NULL, NULL, NULL, 'START', NULL, NULL, NULL, NULL, NULL, NULL, 'START', NULL, NULL, NULL, NULL, NULL, NULL, 'START', NULL, NULL, NULL, NULL, NULL, NULL, NULL, NULL, NULL, NULL, NULL, NULL, NULL, NULL, NULL, NULL, NULL, NULL, NULL, NULL, NULL, NULL, NULL, NULL, NULL, NULL, NULL, NULL, NULL, NULL, NULL, NULL, NULL, NULL, NULL, NULL, NULL, NULL, NULL, NULL, NULL, NULL, NULL, NULL, NULL, NULL, NULL, NULL, NULL, NULL, NULL, NULL, NULL, NULL, NULL, NULL, NULL, NULL, NULL, 'pending', NULL, NULL, NULL, NULL, NULL, NULL, 0, NULL, NULL, NULL, NULL, NULL, NULL, 0, NULL, NULL, NULL, NULL, NULL, NULL, 0, NULL, NULL, NULL, NULL, NULL, NULL, NULL, '2026-02-10 04:22:55', '2026-02-10 04:22:55', NULL, NULL, NULL, NULL, NULL, NULL, NULL, NULL, 'START');
INSERT INTO `produksi_batches` (`id`, `produksi_id`, `nama_produk`, `no_batch`, `kode_batch`, `batch_ke`, `bulan`, `tahun`, `tipe_alur`, `wo_date`, `expected_date`, `tgl_mulai_weighing`, `tgl_weighing`, `status_weighing`, `tgl_mulai_mixing`, `tgl_mixing`, `status_mixing`, `mixing_rekon_qty`, `mixing_rekon_note`, `mixing_rekon_at`, `mixing_rekon_by`, `tgl_mulai_capsule_filling`, `tgl_capsule_filling`, `status_capsule_filling`, `capsule_filling_rekon_qty`, `capsule_filling_rekon_note`, `capsule_filling_rekon_at`, `capsule_filling_rekon_by`, `tgl_mulai_tableting`, `tgl_tableting`, `status_tableting`, `tableting_rekon_qty`, `tableting_rekon_note`, `tableting_rekon_at`, `tableting_rekon_by`, `tgl_mulai_coating`, `tgl_coating`, `status_coating`, `coating_rekon_qty`, `coating_rekon_note`, `coating_rekon_at`, `coating_rekon_by`, `tgl_mulai_coating_inti`, `tgl_coating_inti`, `tgl_mulai_coating_dasar`, `tgl_coating_dasar`, `tgl_mulai_coating_warna`, `tgl_coating_warna`, `tgl_mulai_coating_polishing`, `tgl_coating_polishing`, `tgl_mulai_primary_pack`, `tgl_primary_pack`, `status_primary`, `primary_pack_rekon_qty`, `primary_pack_rekon_note`, `primary_pack_rekon_at`, `primary_pack_rekon_by`, `tgl_mulai_secondary_pack_1`, `tgl_secondary_pack_1`, `status_secondary1`, `secondary_pack_1_rekon_qty`, `secondary_pack_1_rekon_note`, `secondary_pack_1_rekon_at`, `secondary_pack_1_rekon_by`, `tgl_mulai_secondary_pack_2`, `tgl_secondary_pack_2`, `status_secondary2`, `secondary_pack_2_rekon_qty`, `secondary_pack_2_rekon_note`, `secondary_pack_2_rekon_at`, `secondary_pack_2_rekon_by`, `tgl_datang_granul`, `tgl_analisa_granul`, `tgl_selesai_analisa_granul`, `tgl_rilis_granul`, `granul_exp_date`, `granul_berat`, `granul_no_wadah`, `granul_sign_code`, `granul_signed_at`, `granul_signed_by`, `granul_signed_level`, `granul_signed_user_id`, `tgl_datang_tablet`, `tgl_analisa_tablet`, `tgl_selesai_analisa_tablet`, `tgl_rilis_tablet`, `tablet_exp_date`, `tablet_berat`, `tablet_no_wadah`, `tablet_sign_code`, `tablet_signed_at`, `tablet_signed_by`, `tablet_signed_level`, `tablet_signed_user_id`, `tgl_datang_ruahan`, `tgl_analisa_ruahan`, `tgl_selesai_analisa_ruahan`, `tgl_rilis_ruahan`, `ruahan_exp_date`, `ruahan_berat`, `ruahan_no_wadah`, `ruahan_sign_code`, `ruahan_signed_at`, `ruahan_signed_by`, `ruahan_signed_level`, `ruahan_signed_user_id`, `tgl_datang_ruahan_akhir`, `tgl_analisa_ruahan_akhir`, `tgl_selesai_analisa_ruahan_akhir`, `tgl_rilis_ruahan_akhir`, `ruahan_akhir_exp_date`, `ruahan_akhir_berat`, `ruahan_akhir_no_wadah`, `ruahan_akhir_sign_code`, `ruahan_akhir_signed_at`, `ruahan_akhir_signed_by`, `ruahan_akhir_signed_level`, `ruahan_akhir_signed_user_id`, `qty_batch`, `status_qty_batch`, `tgl_konfirmasi_produksi`, `tgl_terima_jobsheet`, `status_jobsheet`, `catatan_jobsheet`, `tgl_sampling`, `status_sampling`, `catatan_sampling`, `tgl_qc_kirim_coa`, `tgl_qa_terima_coa`, `status_coa`, `catatan_coa`, `status_review`, `goj_returned`, `goj_return_note`, `goj_returned_at`, `tgl_review`, `catatan_review`, `hari_kerja`, `status_proses`, `is_paused`, `paused_stage`, `paused_reason`, `paused_note`, `paused_prev_status`, `paused_at`, `paused_by`, `is_holding`, `holding_stage`, `holding_return_to`, `holding_reason`, `holding_note`, `holding_prev_status`, `holding_at`, `holding_by`, `created_at`, `updated_at`, `granul_sign_url`, `tablet_sign_url`, `ruahan_sign_url`, `ruahan_akhir_sign_url`, `secondary_pack_rekon_qty`, `secondary_pack_rekon_note`, `secondary_pack_rekon_at`, `secondary_pack_rekon_by`, `batch_status`) VALUES
(1965, 37, 'SAMMOXIN DS', '89.27 FA- 26/P/I/102', '89.27 FA', 27, 2, 2026, 'TABLET_NON_SALUT', '2026-02-10', '2026-02-10', NULL, '2026-02-10', 'START', NULL, NULL, 'START', NULL, NULL, NULL, NULL, NULL, NULL, 'START', NULL, NULL, NULL, NULL, NULL, NULL, 'START', NULL, NULL, NULL, NULL, NULL, NULL, 'START', NULL, NULL, NULL, NULL, NULL, NULL, NULL, NULL, NULL, NULL, NULL, NULL, NULL, NULL, 'START', NULL, NULL, NULL, NULL, NULL, NULL, 'START', NULL, NULL, NULL, NULL, NULL, NULL, 'START', NULL, NULL, NULL, NULL, NULL, NULL, NULL, NULL, NULL, NULL, NULL, NULL, NULL, NULL, NULL, NULL, NULL, NULL, NULL, NULL, NULL, NULL, NULL, NULL, NULL, NULL, NULL, NULL, NULL, NULL, NULL, NULL, NULL, NULL, NULL, NULL, NULL, NULL, NULL, NULL, NULL, NULL, NULL, NULL, NULL, NULL, NULL, NULL, NULL, NULL, NULL, NULL, NULL, NULL, NULL, NULL, NULL, NULL, NULL, 'pending', NULL, NULL, NULL, NULL, NULL, NULL, 0, NULL, NULL, NULL, NULL, NULL, NULL, 0, NULL, NULL, NULL, NULL, NULL, NULL, 0, NULL, NULL, NULL, NULL, NULL, NULL, NULL, '2026-02-10 04:22:55', '2026-02-10 04:22:55', NULL, NULL, NULL, NULL, NULL, NULL, NULL, NULL, 'START'),
(1966, 37, 'SAMMOXIN DS', '89.28 FA- 26/P/I/103', '89.28 FA', 28, 2, 2026, 'TABLET_NON_SALUT', '2026-02-10', '2026-02-10', NULL, '2026-02-10', 'START', NULL, NULL, 'START', NULL, NULL, NULL, NULL, NULL, NULL, 'START', NULL, NULL, NULL, NULL, NULL, NULL, 'START', NULL, NULL, NULL, NULL, NULL, NULL, 'START', NULL, NULL, NULL, NULL, NULL, NULL, NULL, NULL, NULL, NULL, NULL, NULL, NULL, NULL, 'START', NULL, NULL, NULL, NULL, NULL, NULL, 'START', NULL, NULL, NULL, NULL, NULL, NULL, 'START', NULL, NULL, NULL, NULL, NULL, NULL, NULL, NULL, NULL, NULL, NULL, NULL, NULL, NULL, NULL, NULL, NULL, NULL, NULL, NULL, NULL, NULL, NULL, NULL, NULL, NULL, NULL, NULL, NULL, NULL, NULL, NULL, NULL, NULL, NULL, NULL, NULL, NULL, NULL, NULL, NULL, NULL, NULL, NULL, NULL, NULL, NULL, NULL, NULL, NULL, NULL, NULL, NULL, NULL, NULL, NULL, NULL, NULL, NULL, 'pending', NULL, NULL, NULL, NULL, NULL, NULL, 0, NULL, NULL, NULL, NULL, NULL, NULL, 0, NULL, NULL, NULL, NULL, NULL, NULL, 0, NULL, NULL, NULL, NULL, NULL, NULL, NULL, '2026-02-10 04:22:55', '2026-02-10 04:22:55', NULL, NULL, NULL, NULL, NULL, NULL, NULL, NULL, 'START'),
(1967, 37, 'SAMMOXIN DS', '89.29 FA- 26/P/I/104', '89.29 FA', 29, 2, 2026, 'TABLET_NON_SALUT', '2026-02-10', '2026-02-10', NULL, '2026-02-10', 'START', NULL, NULL, 'START', NULL, NULL, NULL, NULL, NULL, NULL, 'START', NULL, NULL, NULL, NULL, NULL, NULL, 'START', NULL, NULL, NULL, NULL, NULL, NULL, 'START', NULL, NULL, NULL, NULL, NULL, NULL, NULL, NULL, NULL, NULL, NULL, NULL, NULL, NULL, 'START', NULL, NULL, NULL, NULL, NULL, NULL, 'START', NULL, NULL, NULL, NULL, NULL, NULL, 'START', NULL, NULL, NULL, NULL, NULL, NULL, NULL, NULL, NULL, NULL, NULL, NULL, NULL, NULL, NULL, NULL, NULL, NULL, NULL, NULL, NULL, NULL, NULL, NULL, NULL, NULL, NULL, NULL, NULL, NULL, NULL, NULL, NULL, NULL, NULL, NULL, NULL, NULL, NULL, NULL, NULL, NULL, NULL, NULL, NULL, NULL, NULL, NULL, NULL, NULL, NULL, NULL, NULL, NULL, NULL, NULL, NULL, NULL, NULL, 'pending', NULL, NULL, NULL, NULL, NULL, NULL, 0, NULL, NULL, NULL, NULL, NULL, NULL, 0, NULL, NULL, NULL, NULL, NULL, NULL, 0, NULL, NULL, NULL, NULL, NULL, NULL, NULL, '2026-02-10 04:22:55', '2026-02-10 04:22:55', NULL, NULL, NULL, NULL, NULL, NULL, NULL, NULL, 'START'),
(1968, 37, 'SAMMOXIN DS', '89.30 FA- 26/P/I/105', '89.30 FA', 30, 2, 2026, 'TABLET_NON_SALUT', '2026-02-10', '2026-02-10', NULL, '2026-02-10', 'START', NULL, NULL, 'START', NULL, NULL, NULL, NULL, NULL, NULL, 'START', NULL, NULL, NULL, NULL, NULL, NULL, 'START', NULL, NULL, NULL, NULL, NULL, NULL, 'START', NULL, NULL, NULL, NULL, NULL, NULL, NULL, NULL, NULL, NULL, NULL, NULL, NULL, NULL, 'START', NULL, NULL, NULL, NULL, NULL, NULL, 'START', NULL, NULL, NULL, NULL, NULL, NULL, 'START', NULL, NULL, NULL, NULL, NULL, NULL, NULL, NULL, NULL, NULL, NULL, NULL, NULL, NULL, NULL, NULL, NULL, NULL, NULL, NULL, NULL, NULL, NULL, NULL, NULL, NULL, NULL, NULL, NULL, NULL, NULL, NULL, NULL, NULL, NULL, NULL, NULL, NULL, NULL, NULL, NULL, NULL, NULL, NULL, NULL, NULL, NULL, NULL, NULL, NULL, NULL, NULL, NULL, NULL, NULL, NULL, NULL, NULL, NULL, 'pending', NULL, NULL, NULL, NULL, NULL, NULL, 0, NULL, NULL, NULL, NULL, NULL, NULL, 0, NULL, NULL, NULL, NULL, NULL, NULL, 0, NULL, NULL, NULL, NULL, NULL, NULL, NULL, '2026-02-10 04:22:55', '2026-02-10 04:22:55', NULL, NULL, NULL, NULL, NULL, NULL, NULL, NULL, 'START'),
(1969, 38, 'COSTAN FK', '90.01 FA- 26/P/I/81', '90.01 FA', 1, 2, 2026, 'TABLET_SALUT', '2026-02-10', '2026-02-10', NULL, '2026-02-10', 'START', NULL, NULL, 'START', NULL, NULL, NULL, NULL, NULL, NULL, 'START', NULL, NULL, NULL, NULL, NULL, NULL, 'START', NULL, NULL, NULL, NULL, NULL, NULL, 'START', NULL, NULL, NULL, NULL, NULL, NULL, NULL, NULL, NULL, NULL, NULL, NULL, NULL, NULL, 'START', NULL, NULL, NULL, NULL, NULL, NULL, 'START', NULL, NULL, NULL, NULL, NULL, NULL, 'START', NULL, NULL, NULL, NULL, NULL, NULL, NULL, NULL, NULL, NULL, NULL, NULL, NULL, NULL, NULL, NULL, NULL, NULL, NULL, NULL, NULL, NULL, NULL, NULL, NULL, NULL, NULL, NULL, NULL, NULL, NULL, NULL, NULL, NULL, NULL, NULL, NULL, NULL, NULL, NULL, NULL, NULL, NULL, NULL, NULL, NULL, NULL, NULL, NULL, NULL, NULL, NULL, NULL, NULL, NULL, NULL, NULL, NULL, NULL, 'pending', NULL, NULL, NULL, NULL, NULL, NULL, 0, NULL, NULL, NULL, NULL, NULL, NULL, 0, NULL, NULL, NULL, NULL, NULL, NULL, 0, NULL, NULL, NULL, NULL, NULL, NULL, NULL, '2026-02-10 04:22:55', '2026-02-10 04:22:55', NULL, NULL, NULL, NULL, NULL, NULL, NULL, NULL, 'START'),
(1970, 38, 'COSTAN FK', '90.02 FA- 26/P/I/82', '90.02 FA', 2, 2, 2026, 'TABLET_SALUT', '2026-02-10', '2026-02-10', NULL, '2026-02-10', 'START', NULL, NULL, 'START', NULL, NULL, NULL, NULL, NULL, NULL, 'START', NULL, NULL, NULL, NULL, NULL, NULL, 'START', NULL, NULL, NULL, NULL, NULL, NULL, 'START', NULL, NULL, NULL, NULL, NULL, NULL, NULL, NULL, NULL, NULL, NULL, NULL, NULL, NULL, 'START', NULL, NULL, NULL, NULL, NULL, NULL, 'START', NULL, NULL, NULL, NULL, NULL, NULL, 'START', NULL, NULL, NULL, NULL, NULL, NULL, NULL, NULL, NULL, NULL, NULL, NULL, NULL, NULL, NULL, NULL, NULL, NULL, NULL, NULL, NULL, NULL, NULL, NULL, NULL, NULL, NULL, NULL, NULL, NULL, NULL, NULL, NULL, NULL, NULL, NULL, NULL, NULL, NULL, NULL, NULL, NULL, NULL, NULL, NULL, NULL, NULL, NULL, NULL, NULL, NULL, NULL, NULL, NULL, NULL, NULL, NULL, NULL, NULL, 'pending', NULL, NULL, NULL, NULL, NULL, NULL, 0, NULL, NULL, NULL, NULL, NULL, NULL, 0, NULL, NULL, NULL, NULL, NULL, NULL, 0, NULL, NULL, NULL, NULL, NULL, NULL, NULL, '2026-02-10 04:22:55', '2026-02-10 04:22:55', NULL, NULL, NULL, NULL, NULL, NULL, NULL, NULL, 'START'),
(1971, 38, 'COSTAN FK', '90.03 FA- 26/P/I/83', '90.03 FA', 3, 2, 2026, 'TABLET_SALUT', '2026-02-10', '2026-02-10', NULL, '2026-02-10', 'START', NULL, NULL, 'START', NULL, NULL, NULL, NULL, NULL, NULL, 'START', NULL, NULL, NULL, NULL, NULL, NULL, 'START', NULL, NULL, NULL, NULL, NULL, NULL, 'START', NULL, NULL, NULL, NULL, NULL, NULL, NULL, NULL, NULL, NULL, NULL, NULL, NULL, NULL, 'START', NULL, NULL, NULL, NULL, NULL, NULL, 'START', NULL, NULL, NULL, NULL, NULL, NULL, 'START', NULL, NULL, NULL, NULL, NULL, NULL, NULL, NULL, NULL, NULL, NULL, NULL, NULL, NULL, NULL, NULL, NULL, NULL, NULL, NULL, NULL, NULL, NULL, NULL, NULL, NULL, NULL, NULL, NULL, NULL, NULL, NULL, NULL, NULL, NULL, NULL, NULL, NULL, NULL, NULL, NULL, NULL, NULL, NULL, NULL, NULL, NULL, NULL, NULL, NULL, NULL, NULL, NULL, NULL, NULL, NULL, NULL, NULL, NULL, 'pending', NULL, NULL, NULL, NULL, NULL, NULL, 0, NULL, NULL, NULL, NULL, NULL, NULL, 0, NULL, NULL, NULL, NULL, NULL, NULL, 0, NULL, NULL, NULL, NULL, NULL, NULL, NULL, '2026-02-10 04:22:55', '2026-02-10 04:22:55', NULL, NULL, NULL, NULL, NULL, NULL, NULL, NULL, 'START'),
(1972, 38, 'COSTAN FK', '90.04 FA- 26/P/I/84', '90.04 FA', 4, 2, 2026, 'TABLET_SALUT', '2026-02-10', '2026-02-10', NULL, '2026-02-10', 'START', NULL, NULL, 'START', NULL, NULL, NULL, NULL, NULL, NULL, 'START', NULL, NULL, NULL, NULL, NULL, NULL, 'START', NULL, NULL, NULL, NULL, NULL, NULL, 'START', NULL, NULL, NULL, NULL, NULL, NULL, NULL, NULL, NULL, NULL, NULL, NULL, NULL, NULL, 'START', NULL, NULL, NULL, NULL, NULL, NULL, 'START', NULL, NULL, NULL, NULL, NULL, NULL, 'START', NULL, NULL, NULL, NULL, NULL, NULL, NULL, NULL, NULL, NULL, NULL, NULL, NULL, NULL, NULL, NULL, NULL, NULL, NULL, NULL, NULL, NULL, NULL, NULL, NULL, NULL, NULL, NULL, NULL, NULL, NULL, NULL, NULL, NULL, NULL, NULL, NULL, NULL, NULL, NULL, NULL, NULL, NULL, NULL, NULL, NULL, NULL, NULL, NULL, NULL, NULL, NULL, NULL, NULL, NULL, NULL, NULL, NULL, NULL, 'pending', NULL, NULL, NULL, NULL, NULL, NULL, 0, NULL, NULL, NULL, NULL, NULL, NULL, 0, NULL, NULL, NULL, NULL, NULL, NULL, 0, NULL, NULL, NULL, NULL, NULL, NULL, NULL, '2026-02-10 04:22:55', '2026-02-10 04:22:55', NULL, NULL, NULL, NULL, NULL, NULL, NULL, NULL, 'START'),
(1973, 38, 'COSTAN FK', '90.05 FA- 26/P/I/85', '90.05 FA', 5, 2, 2026, 'TABLET_SALUT', '2026-02-10', '2026-02-10', NULL, '2026-02-10', 'START', NULL, NULL, 'START', NULL, NULL, NULL, NULL, NULL, NULL, 'START', NULL, NULL, NULL, NULL, NULL, NULL, 'START', NULL, NULL, NULL, NULL, NULL, NULL, 'START', NULL, NULL, NULL, NULL, NULL, NULL, NULL, NULL, NULL, NULL, NULL, NULL, NULL, NULL, 'START', NULL, NULL, NULL, NULL, NULL, NULL, 'START', NULL, NULL, NULL, NULL, NULL, NULL, 'START', NULL, NULL, NULL, NULL, NULL, NULL, NULL, NULL, NULL, NULL, NULL, NULL, NULL, NULL, NULL, NULL, NULL, NULL, NULL, NULL, NULL, NULL, NULL, NULL, NULL, NULL, NULL, NULL, NULL, NULL, NULL, NULL, NULL, NULL, NULL, NULL, NULL, NULL, NULL, NULL, NULL, NULL, NULL, NULL, NULL, NULL, NULL, NULL, NULL, NULL, NULL, NULL, NULL, NULL, NULL, NULL, NULL, NULL, NULL, 'pending', NULL, NULL, NULL, NULL, NULL, NULL, 0, NULL, NULL, NULL, NULL, NULL, NULL, 0, NULL, NULL, NULL, NULL, NULL, NULL, 0, NULL, NULL, NULL, NULL, NULL, NULL, NULL, '2026-02-10 04:22:55', '2026-02-10 04:22:55', NULL, NULL, NULL, NULL, NULL, NULL, NULL, NULL, 'START'),
(1974, 38, 'COSTAN FK', '90.06 FA- 26/P/I/86', '90.06 FA', 6, 2, 2026, 'TABLET_SALUT', '2026-02-10', '2026-02-10', NULL, '2026-02-10', 'START', NULL, NULL, 'START', NULL, NULL, NULL, NULL, NULL, NULL, 'START', NULL, NULL, NULL, NULL, NULL, NULL, 'START', NULL, NULL, NULL, NULL, NULL, NULL, 'START', NULL, NULL, NULL, NULL, NULL, NULL, NULL, NULL, NULL, NULL, NULL, NULL, NULL, NULL, 'START', NULL, NULL, NULL, NULL, NULL, NULL, 'START', NULL, NULL, NULL, NULL, NULL, NULL, 'START', NULL, NULL, NULL, NULL, NULL, NULL, NULL, NULL, NULL, NULL, NULL, NULL, NULL, NULL, NULL, NULL, NULL, NULL, NULL, NULL, NULL, NULL, NULL, NULL, NULL, NULL, NULL, NULL, NULL, NULL, NULL, NULL, NULL, NULL, NULL, NULL, NULL, NULL, NULL, NULL, NULL, NULL, NULL, NULL, NULL, NULL, NULL, NULL, NULL, NULL, NULL, NULL, NULL, NULL, NULL, NULL, NULL, NULL, NULL, 'pending', NULL, NULL, NULL, NULL, NULL, NULL, 0, NULL, NULL, NULL, NULL, NULL, NULL, 0, NULL, NULL, NULL, NULL, NULL, NULL, 0, NULL, NULL, NULL, NULL, NULL, NULL, NULL, '2026-02-10 04:22:55', '2026-02-10 04:22:55', NULL, NULL, NULL, NULL, NULL, NULL, NULL, NULL, 'START'),
(1975, 38, 'COSTAN FK', '90.07 FA- 26/P/I/87', '90.07 FA', 7, 2, 2026, 'TABLET_SALUT', '2026-02-10', '2026-02-10', NULL, '2026-02-10', 'START', NULL, NULL, 'START', NULL, NULL, NULL, NULL, NULL, NULL, 'START', NULL, NULL, NULL, NULL, NULL, NULL, 'START', NULL, NULL, NULL, NULL, NULL, NULL, 'START', NULL, NULL, NULL, NULL, NULL, NULL, NULL, NULL, NULL, NULL, NULL, NULL, NULL, NULL, 'START', NULL, NULL, NULL, NULL, NULL, NULL, 'START', NULL, NULL, NULL, NULL, NULL, NULL, 'START', NULL, NULL, NULL, NULL, NULL, NULL, NULL, NULL, NULL, NULL, NULL, NULL, NULL, NULL, NULL, NULL, NULL, NULL, NULL, NULL, NULL, NULL, NULL, NULL, NULL, NULL, NULL, NULL, NULL, NULL, NULL, NULL, NULL, NULL, NULL, NULL, NULL, NULL, NULL, NULL, NULL, NULL, NULL, NULL, NULL, NULL, NULL, NULL, NULL, NULL, NULL, NULL, NULL, NULL, NULL, NULL, NULL, NULL, NULL, 'pending', NULL, NULL, NULL, NULL, NULL, NULL, 0, NULL, NULL, NULL, NULL, NULL, NULL, 0, NULL, NULL, NULL, NULL, NULL, NULL, 0, NULL, NULL, NULL, NULL, NULL, NULL, NULL, '2026-02-10 04:22:55', '2026-02-10 04:22:55', NULL, NULL, NULL, NULL, NULL, NULL, NULL, NULL, 'START'),
(1976, 38, 'COSTAN FK', '90.08 FA- 26/P/I/88', '90.08 FA', 8, 2, 2026, 'TABLET_SALUT', '2026-02-10', '2026-02-10', NULL, '2026-02-10', 'START', NULL, NULL, 'START', NULL, NULL, NULL, NULL, NULL, NULL, 'START', NULL, NULL, NULL, NULL, NULL, NULL, 'START', NULL, NULL, NULL, NULL, NULL, NULL, 'START', NULL, NULL, NULL, NULL, NULL, NULL, NULL, NULL, NULL, NULL, NULL, NULL, NULL, NULL, 'START', NULL, NULL, NULL, NULL, NULL, NULL, 'START', NULL, NULL, NULL, NULL, NULL, NULL, 'START', NULL, NULL, NULL, NULL, NULL, NULL, NULL, NULL, NULL, NULL, NULL, NULL, NULL, NULL, NULL, NULL, NULL, NULL, NULL, NULL, NULL, NULL, NULL, NULL, NULL, NULL, NULL, NULL, NULL, NULL, NULL, NULL, NULL, NULL, NULL, NULL, NULL, NULL, NULL, NULL, NULL, NULL, NULL, NULL, NULL, NULL, NULL, NULL, NULL, NULL, NULL, NULL, NULL, NULL, NULL, NULL, NULL, NULL, NULL, 'pending', NULL, NULL, NULL, NULL, NULL, NULL, 0, NULL, NULL, NULL, NULL, NULL, NULL, 0, NULL, NULL, NULL, NULL, NULL, NULL, 0, NULL, NULL, NULL, NULL, NULL, NULL, NULL, '2026-02-10 04:22:55', '2026-02-10 04:22:55', NULL, NULL, NULL, NULL, NULL, NULL, NULL, NULL, 'START'),
(1977, 38, 'COSTAN FK', '90.09 FA- 26/P/I/89', '90.09 FA', 9, 2, 2026, 'TABLET_SALUT', '2026-02-10', '2026-02-10', NULL, '2026-02-10', 'START', NULL, NULL, 'START', NULL, NULL, NULL, NULL, NULL, NULL, 'START', NULL, NULL, NULL, NULL, NULL, NULL, 'START', NULL, NULL, NULL, NULL, NULL, NULL, 'START', NULL, NULL, NULL, NULL, NULL, NULL, NULL, NULL, NULL, NULL, NULL, NULL, NULL, NULL, 'START', NULL, NULL, NULL, NULL, NULL, NULL, 'START', NULL, NULL, NULL, NULL, NULL, NULL, 'START', NULL, NULL, NULL, NULL, NULL, NULL, NULL, NULL, NULL, NULL, NULL, NULL, NULL, NULL, NULL, NULL, NULL, NULL, NULL, NULL, NULL, NULL, NULL, NULL, NULL, NULL, NULL, NULL, NULL, NULL, NULL, NULL, NULL, NULL, NULL, NULL, NULL, NULL, NULL, NULL, NULL, NULL, NULL, NULL, NULL, NULL, NULL, NULL, NULL, NULL, NULL, NULL, NULL, NULL, NULL, NULL, NULL, NULL, NULL, 'pending', NULL, NULL, NULL, NULL, NULL, NULL, 0, NULL, NULL, NULL, NULL, NULL, NULL, 0, NULL, NULL, NULL, NULL, NULL, NULL, 0, NULL, NULL, NULL, NULL, NULL, NULL, NULL, '2026-02-10 04:22:55', '2026-02-10 04:22:55', NULL, NULL, NULL, NULL, NULL, NULL, NULL, NULL, 'START'),
(1978, 38, 'COSTAN FK', '90.10 FA- 26/P/I/90', '90.10 FA', 10, 2, 2026, 'TABLET_SALUT', '2026-02-10', '2026-02-10', NULL, '2026-02-10', 'START', NULL, NULL, 'START', NULL, NULL, NULL, NULL, NULL, NULL, 'START', NULL, NULL, NULL, NULL, NULL, NULL, 'START', NULL, NULL, NULL, NULL, NULL, NULL, 'START', NULL, NULL, NULL, NULL, NULL, NULL, NULL, NULL, NULL, NULL, NULL, NULL, NULL, NULL, 'START', NULL, NULL, NULL, NULL, NULL, NULL, 'START', NULL, NULL, NULL, NULL, NULL, NULL, 'START', NULL, NULL, NULL, NULL, NULL, NULL, NULL, NULL, NULL, NULL, NULL, NULL, NULL, NULL, NULL, NULL, NULL, NULL, NULL, NULL, NULL, NULL, NULL, NULL, NULL, NULL, NULL, NULL, NULL, NULL, NULL, NULL, NULL, NULL, NULL, NULL, NULL, NULL, NULL, NULL, NULL, NULL, NULL, NULL, NULL, NULL, NULL, NULL, NULL, NULL, NULL, NULL, NULL, NULL, NULL, NULL, NULL, NULL, NULL, 'pending', NULL, NULL, NULL, NULL, NULL, NULL, 0, NULL, NULL, NULL, NULL, NULL, NULL, 0, NULL, NULL, NULL, NULL, NULL, NULL, 0, NULL, NULL, NULL, NULL, NULL, NULL, NULL, '2026-02-10 04:22:55', '2026-02-10 04:22:55', NULL, NULL, NULL, NULL, NULL, NULL, NULL, NULL, 'START'),
(1979, 38, 'COSTAN FK', '90.11 FA- 26/P/I/151', '90.11 FA', 11, 2, 2026, 'TABLET_SALUT', '2026-02-10', '2026-02-10', NULL, '2026-02-10', 'START', NULL, NULL, 'START', NULL, NULL, NULL, NULL, NULL, NULL, 'START', NULL, NULL, NULL, NULL, NULL, NULL, 'START', NULL, NULL, NULL, NULL, NULL, NULL, 'START', NULL, NULL, NULL, NULL, NULL, NULL, NULL, NULL, NULL, NULL, NULL, NULL, NULL, NULL, 'START', NULL, NULL, NULL, NULL, NULL, NULL, 'START', NULL, NULL, NULL, NULL, NULL, NULL, 'START', NULL, NULL, NULL, NULL, NULL, NULL, NULL, NULL, NULL, NULL, NULL, NULL, NULL, NULL, NULL, NULL, NULL, NULL, NULL, NULL, NULL, NULL, NULL, NULL, NULL, NULL, NULL, NULL, NULL, NULL, NULL, NULL, NULL, NULL, NULL, NULL, NULL, NULL, NULL, NULL, NULL, NULL, NULL, NULL, NULL, NULL, NULL, NULL, NULL, NULL, NULL, NULL, NULL, NULL, NULL, NULL, NULL, NULL, NULL, 'pending', NULL, NULL, NULL, NULL, NULL, NULL, 0, NULL, NULL, NULL, NULL, NULL, NULL, 0, NULL, NULL, NULL, NULL, NULL, NULL, 0, NULL, NULL, NULL, NULL, NULL, NULL, NULL, '2026-02-10 04:22:55', '2026-02-10 04:22:55', NULL, NULL, NULL, NULL, NULL, NULL, NULL, NULL, 'START'),
(1980, 38, 'COSTAN FK', '90.12 FA- 26/P/I/152', '90.12 FA', 12, 2, 2026, 'TABLET_SALUT', '2026-02-10', '2026-02-10', NULL, '2026-02-10', 'START', NULL, NULL, 'START', NULL, NULL, NULL, NULL, NULL, NULL, 'START', NULL, NULL, NULL, NULL, NULL, NULL, 'START', NULL, NULL, NULL, NULL, NULL, NULL, 'START', NULL, NULL, NULL, NULL, NULL, NULL, NULL, NULL, NULL, NULL, NULL, NULL, NULL, NULL, 'START', NULL, NULL, NULL, NULL, NULL, NULL, 'START', NULL, NULL, NULL, NULL, NULL, NULL, 'START', NULL, NULL, NULL, NULL, NULL, NULL, NULL, NULL, NULL, NULL, NULL, NULL, NULL, NULL, NULL, NULL, NULL, NULL, NULL, NULL, NULL, NULL, NULL, NULL, NULL, NULL, NULL, NULL, NULL, NULL, NULL, NULL, NULL, NULL, NULL, NULL, NULL, NULL, NULL, NULL, NULL, NULL, NULL, NULL, NULL, NULL, NULL, NULL, NULL, NULL, NULL, NULL, NULL, NULL, NULL, NULL, NULL, NULL, NULL, 'pending', NULL, NULL, NULL, NULL, NULL, NULL, 0, NULL, NULL, NULL, NULL, NULL, NULL, 0, NULL, NULL, NULL, NULL, NULL, NULL, 0, NULL, NULL, NULL, NULL, NULL, NULL, NULL, '2026-02-10 04:22:55', '2026-02-10 04:22:55', NULL, NULL, NULL, NULL, NULL, NULL, NULL, NULL, 'START'),
(1981, 38, 'COSTAN FK', '90.13 FA- 26/P/I/153', '90.13 FA', 13, 2, 2026, 'TABLET_SALUT', '2026-02-10', '2026-02-10', NULL, '2026-02-10', 'START', NULL, NULL, 'START', NULL, NULL, NULL, NULL, NULL, NULL, 'START', NULL, NULL, NULL, NULL, NULL, NULL, 'START', NULL, NULL, NULL, NULL, NULL, NULL, 'START', NULL, NULL, NULL, NULL, NULL, NULL, NULL, NULL, NULL, NULL, NULL, NULL, NULL, NULL, 'START', NULL, NULL, NULL, NULL, NULL, NULL, 'START', NULL, NULL, NULL, NULL, NULL, NULL, 'START', NULL, NULL, NULL, NULL, NULL, NULL, NULL, NULL, NULL, NULL, NULL, NULL, NULL, NULL, NULL, NULL, NULL, NULL, NULL, NULL, NULL, NULL, NULL, NULL, NULL, NULL, NULL, NULL, NULL, NULL, NULL, NULL, NULL, NULL, NULL, NULL, NULL, NULL, NULL, NULL, NULL, NULL, NULL, NULL, NULL, NULL, NULL, NULL, NULL, NULL, NULL, NULL, NULL, NULL, NULL, NULL, NULL, NULL, NULL, 'pending', NULL, NULL, NULL, NULL, NULL, NULL, 0, NULL, NULL, NULL, NULL, NULL, NULL, 0, NULL, NULL, NULL, NULL, NULL, NULL, 0, NULL, NULL, NULL, NULL, NULL, NULL, NULL, '2026-02-10 04:22:55', '2026-02-10 04:22:55', NULL, NULL, NULL, NULL, NULL, NULL, NULL, NULL, 'START'),
(1982, 38, 'COSTAN FK', '90.14 FA- 26/P/I/154', '90.14 FA', 14, 2, 2026, 'TABLET_SALUT', '2026-02-10', '2026-02-10', NULL, '2026-02-10', 'START', NULL, NULL, 'START', NULL, NULL, NULL, NULL, NULL, NULL, 'START', NULL, NULL, NULL, NULL, NULL, NULL, 'START', NULL, NULL, NULL, NULL, NULL, NULL, 'START', NULL, NULL, NULL, NULL, NULL, NULL, NULL, NULL, NULL, NULL, NULL, NULL, NULL, NULL, 'START', NULL, NULL, NULL, NULL, NULL, NULL, 'START', NULL, NULL, NULL, NULL, NULL, NULL, 'START', NULL, NULL, NULL, NULL, NULL, NULL, NULL, NULL, NULL, NULL, NULL, NULL, NULL, NULL, NULL, NULL, NULL, NULL, NULL, NULL, NULL, NULL, NULL, NULL, NULL, NULL, NULL, NULL, NULL, NULL, NULL, NULL, NULL, NULL, NULL, NULL, NULL, NULL, NULL, NULL, NULL, NULL, NULL, NULL, NULL, NULL, NULL, NULL, NULL, NULL, NULL, NULL, NULL, NULL, NULL, NULL, NULL, NULL, NULL, 'pending', NULL, NULL, NULL, NULL, NULL, NULL, 0, NULL, NULL, NULL, NULL, NULL, NULL, 0, NULL, NULL, NULL, NULL, NULL, NULL, 0, NULL, NULL, NULL, NULL, NULL, NULL, NULL, '2026-02-10 04:22:55', '2026-02-10 04:22:55', NULL, NULL, NULL, NULL, NULL, NULL, NULL, NULL, 'START'),
(1983, 38, 'COSTAN FK', '90.15 FA- 26/P/I/155', '90.15 FA', 15, 2, 2026, 'TABLET_SALUT', '2026-02-10', '2026-02-10', NULL, '2026-02-10', 'START', NULL, NULL, 'START', NULL, NULL, NULL, NULL, NULL, NULL, 'START', NULL, NULL, NULL, NULL, NULL, NULL, 'START', NULL, NULL, NULL, NULL, NULL, NULL, 'START', NULL, NULL, NULL, NULL, NULL, NULL, NULL, NULL, NULL, NULL, NULL, NULL, NULL, NULL, 'START', NULL, NULL, NULL, NULL, NULL, NULL, 'START', NULL, NULL, NULL, NULL, NULL, NULL, 'START', NULL, NULL, NULL, NULL, NULL, NULL, NULL, NULL, NULL, NULL, NULL, NULL, NULL, NULL, NULL, NULL, NULL, NULL, NULL, NULL, NULL, NULL, NULL, NULL, NULL, NULL, NULL, NULL, NULL, NULL, NULL, NULL, NULL, NULL, NULL, NULL, NULL, NULL, NULL, NULL, NULL, NULL, NULL, NULL, NULL, NULL, NULL, NULL, NULL, NULL, NULL, NULL, NULL, NULL, NULL, NULL, NULL, NULL, NULL, 'pending', NULL, NULL, NULL, NULL, NULL, NULL, 0, NULL, NULL, NULL, NULL, NULL, NULL, 0, NULL, NULL, NULL, NULL, NULL, NULL, 0, NULL, NULL, NULL, NULL, NULL, NULL, NULL, '2026-02-10 04:22:55', '2026-02-10 04:22:55', NULL, NULL, NULL, NULL, NULL, NULL, NULL, NULL, 'START'),
(1984, 10, 'Samquinor', '113.08 FA- 26/P/I/33Z', '113.08 FAZ', 8, 2, 2026, 'TABLET_SALUT', '2026-02-10', '2026-02-10', NULL, '2026-02-10', 'START', '2026-02-11 14:27:51', '2026-02-11 14:27:59', 'START', 90, NULL, '2026-02-11 07:27:59', 9, NULL, NULL, 'START', NULL, NULL, NULL, NULL, '2026-02-11 14:28:47', '2026-02-11 14:28:53', 'START', 90, NULL, '2026-02-11 07:28:53', 9, '2026-02-11 14:29:53', '2026-02-11 14:30:00', 'START', 90, NULL, '2026-02-11 07:30:00', 9, NULL, NULL, NULL, NULL, NULL, NULL, NULL, NULL, NULL, NULL, 'START', NULL, NULL, NULL, NULL, NULL, NULL, 'START', NULL, NULL, NULL, NULL, NULL, NULL, 'START', NULL, NULL, NULL, NULL, NULL, NULL, NULL, '2026-02-11', NULL, NULL, NULL, NULL, '2026-02-11 14:28:38', 'Bang Alfin', 'QC', 8, NULL, NULL, NULL, '2026-02-11', NULL, NULL, NULL, 'UHXUA6CEBWHVKU', '2026-02-11 07:29:02', 'Bang Alfin', 'QC', 8, NULL, NULL, NULL, NULL, NULL, NULL, NULL, NULL, NULL, NULL, NULL, NULL, NULL, NULL, NULL, NULL, NULL, NULL, NULL, NULL, NULL, NULL, NULL, NULL, NULL, NULL, NULL, NULL, NULL, NULL, NULL, 'pending', NULL, NULL, NULL, NULL, NULL, NULL, 0, NULL, NULL, NULL, NULL, NULL, 'COATING_SELESAI', 0, NULL, NULL, NULL, NULL, NULL, NULL, 0, NULL, NULL, NULL, NULL, NULL, NULL, NULL, '2026-02-11 07:29:31', '2026-02-11 07:30:00', NULL, 'http://192.168.1.219:8000/sign/qc/tablet/UHXUA6CEBWHVKU?expires=1865489342&signature=34e34a74c97b2dc7d4f35ecfc7d9300591d12630f52bb844cf1e6066b0bf573b', NULL, NULL, NULL, NULL, NULL, NULL, 'START');

-- --------------------------------------------------------

--
-- Table structure for table `qc_releases`
--

CREATE TABLE `qc_releases` (
  `id` bigint(20) UNSIGNED NOT NULL,
  `produksi_batch_id` bigint(20) UNSIGNED NOT NULL,
  `tgl_datang_granul` date DEFAULT NULL,
  `tgl_analisa_granul` date DEFAULT NULL,
  `tgl_rilis_granul` date DEFAULT NULL,
  `tgl_datang_tablet` date DEFAULT NULL,
  `tgl_analisa_tablet` date DEFAULT NULL,
  `tgl_rilis_tablet` date DEFAULT NULL,
  `tgl_datang_ruahan` date DEFAULT NULL,
  `tgl_analisa_ruahan` date DEFAULT NULL,
  `tgl_rilis_ruahan` date DEFAULT NULL,
  `tgl_datang_ruahan_akhir` date DEFAULT NULL,
  `tgl_analisa_ruahan_akhir` date DEFAULT NULL,
  `tgl_rilis_ruahan_akhir` date DEFAULT NULL,
  `created_at` timestamp NULL DEFAULT NULL,
  `updated_at` timestamp NULL DEFAULT NULL
) ENGINE=InnoDB DEFAULT CHARSET=utf8mb4 COLLATE=utf8mb4_unicode_ci;

-- --------------------------------------------------------

--
-- Table structure for table `spv_docs`
--

CREATE TABLE `spv_docs` (
  `id` bigint(20) UNSIGNED NOT NULL,
  `doc_no` varchar(64) NOT NULL,
  `doc_date` date DEFAULT NULL,
  `status` varchar(32) NOT NULL DEFAULT 'PENDING',
  `created_by` bigint(20) UNSIGNED DEFAULT NULL,
  `approved_by` bigint(20) UNSIGNED DEFAULT NULL,
  `approved_at` timestamp NULL DEFAULT NULL,
  `rejected_by` bigint(20) UNSIGNED DEFAULT NULL,
  `rejected_at` timestamp NULL DEFAULT NULL,
  `created_at` timestamp NULL DEFAULT NULL,
  `updated_at` timestamp NULL DEFAULT NULL
) ENGINE=InnoDB DEFAULT CHARSET=utf8mb4 COLLATE=utf8mb4_unicode_ci;

--
-- Dumping data for table `spv_docs`
--

INSERT INTO `spv_docs` (`id`, `doc_no`, `doc_date`, `status`, `created_by`, `approved_by`, `approved_at`, `rejected_by`, `rejected_at`, `created_at`, `updated_at`) VALUES
(1, 'SPV-20260204-9487', '2026-02-04', 'PENDING', 1, NULL, NULL, NULL, NULL, '2026-02-03 22:23:16', '2026-02-03 22:23:16'),
(2, 'SPV-20260204-6289', '2026-02-04', 'PENDING', 1, NULL, NULL, NULL, NULL, '2026-02-03 22:42:48', '2026-02-03 22:42:48'),
(3, 'SPV-20260204-1968', '2026-02-04', 'PENDING', 1, NULL, NULL, NULL, NULL, '2026-02-04 03:02:37', '2026-02-04 03:02:37'),
(4, 'SPV-20260204-6814', '2026-02-04', 'PENDING', 1, NULL, NULL, NULL, NULL, '2026-02-04 03:13:04', '2026-02-04 03:13:04'),
(5, 'SPV-20260204-4070', '2026-02-04', 'PENDING', 4, NULL, NULL, NULL, NULL, '2026-02-04 03:33:16', '2026-02-04 03:33:16'),
(6, 'SPV-20260204-9415', '2026-02-04', 'PENDING', 1, NULL, NULL, NULL, NULL, '2026-02-04 03:44:55', '2026-02-04 03:44:55'),
(7, 'SPV-20260204-3855', '2026-02-04', 'PENDING', 4, NULL, NULL, NULL, NULL, '2026-02-04 03:50:17', '2026-02-04 03:50:17'),
(8, 'SPV-20260204-9681', '2026-02-04', 'PENDING', 4, NULL, NULL, NULL, NULL, '2026-02-04 04:01:47', '2026-02-04 04:01:47'),
(9, 'SPV-20260204-0890', '2026-02-04', 'PENDING', 4, NULL, NULL, NULL, NULL, '2026-02-04 04:08:50', '2026-02-04 04:08:50'),
(10, 'SPV-20260204-2038', '2026-02-04', 'PENDING', 4, NULL, NULL, NULL, NULL, '2026-02-04 04:09:19', '2026-02-04 04:09:19'),
(11, 'SPV-20260204-0047', '2026-02-04', 'PENDING', 4, NULL, NULL, NULL, NULL, '2026-02-04 04:13:17', '2026-02-04 04:13:17'),
(12, 'SPV-20260204-9642', '2026-02-04', 'PENDING', 4, NULL, NULL, NULL, NULL, '2026-02-04 04:25:57', '2026-02-04 04:25:57'),
(13, 'SPV-20260204-8814', '2026-02-04', 'APPROVED', 4, 1, '2026-02-04 04:33:48', NULL, NULL, '2026-02-04 04:28:22', '2026-02-04 04:33:48'),
(14, 'SPV-20260204-3038', '2026-02-04', 'PENDING', 1, NULL, NULL, NULL, NULL, '2026-02-04 04:34:00', '2026-02-04 04:34:00'),
(15, 'SPV-20260204-4719', '2026-02-04', 'APPROVED', 1, 1, '2026-02-04 06:14:12', NULL, NULL, '2026-02-04 04:36:32', '2026-02-04 06:14:12'),
(16, 'SPV-20260204-5062', '2026-02-04', 'PENDING', 1, NULL, NULL, NULL, NULL, '2026-02-04 06:14:21', '2026-02-04 06:14:21'),
(17, 'SPV-20260204-5439', '2026-02-04', 'PENDING', 1, NULL, NULL, NULL, NULL, '2026-02-04 06:21:19', '2026-02-04 06:21:19'),
(18, 'SPV-20260204-5241', '2026-02-04', 'PENDING', 1, NULL, NULL, NULL, NULL, '2026-02-04 06:42:47', '2026-02-04 06:42:47'),
(19, 'SPV-20260204-4958', '2026-02-04', 'PENDING', 1, NULL, NULL, NULL, NULL, '2026-02-04 06:43:06', '2026-02-04 06:43:06'),
(20, 'SPV-20260204-7597', '2026-02-04', 'PENDING', 1, NULL, NULL, NULL, NULL, '2026-02-04 08:36:29', '2026-02-04 08:36:29'),
(21, 'SPV-20260205-1572', '2026-02-05', 'PENDING', 1, NULL, NULL, NULL, NULL, '2026-02-05 01:10:05', '2026-02-05 01:10:05'),
(22, 'SPV-20260205-2361', '2026-02-05', 'PENDING', 1, NULL, NULL, NULL, NULL, '2026-02-05 01:55:08', '2026-02-05 01:55:08'),
(23, 'SPV-20260205-7252', '2026-02-05', 'PENDING', 1, NULL, NULL, NULL, NULL, '2026-02-05 02:25:38', '2026-02-05 02:25:38'),
(24, 'SPV-20260205-6698', '2026-02-05', 'PENDING', 1, NULL, NULL, NULL, NULL, '2026-02-05 02:40:59', '2026-02-05 02:40:59'),
(25, 'SPV-20260205-3624', '2026-02-05', 'APPROVED', 1, 1, '2026-02-05 03:29:21', NULL, NULL, '2026-02-05 03:05:49', '2026-02-05 03:29:21'),
(26, 'SPV-20260205-8221', '2026-02-05', 'PENDING', 1, NULL, NULL, NULL, NULL, '2026-02-05 03:29:34', '2026-02-05 03:29:34'),
(27, 'SPV-20260205-4286', '2026-02-05', 'PENDING', 1, NULL, NULL, NULL, NULL, '2026-02-05 03:29:56', '2026-02-05 03:29:56'),
(28, 'SPV-20260205-7015', '2026-02-05', 'PENDING', 1, NULL, NULL, NULL, NULL, '2026-02-05 03:35:45', '2026-02-05 03:35:45'),
(29, 'SPV-20260205-3814', '2026-02-05', 'APPROVED', 1, 1, '2026-02-05 04:09:47', NULL, NULL, '2026-02-05 04:09:34', '2026-02-05 04:09:47'),
(30, 'SPV-20260205-2384', '2026-02-05', 'PENDING', 1, NULL, NULL, NULL, NULL, '2026-02-05 04:09:53', '2026-02-05 04:09:53'),
(31, 'SPV-20260205-8548', '2026-02-05', 'PENDING', 1, NULL, NULL, NULL, NULL, '2026-02-05 04:10:09', '2026-02-05 04:10:09'),
(32, 'SPV-20260205-8816', '2026-02-05', 'APPROVED', 1, 1, '2026-02-05 04:17:35', NULL, NULL, '2026-02-05 04:17:08', '2026-02-05 04:17:35'),
(33, 'SPV-20260205-6487', '2026-02-05', 'PENDING', 1, NULL, NULL, NULL, NULL, '2026-02-05 04:18:01', '2026-02-05 04:18:01'),
(34, 'SPV-20260205-5455', '2026-02-05', 'PENDING', 1, NULL, NULL, NULL, NULL, '2026-02-05 04:18:33', '2026-02-05 04:18:33'),
(35, 'SPV-20260210-9374', '2026-02-10', 'APPROVED', 4, 3, '2026-02-10 06:06:18', NULL, NULL, '2026-02-10 04:42:00', '2026-02-10 06:06:18'),
(36, 'SPV-20260210-3358', '2026-02-10', 'PENDING', 5, NULL, NULL, NULL, NULL, '2026-02-10 06:07:05', '2026-02-10 06:07:05'),
(37, 'SPV-20260210-6035', '2026-02-10', 'PENDING', 5, NULL, NULL, NULL, NULL, '2026-02-10 06:07:36', '2026-02-10 06:07:36'),
(38, 'SPV-20260210-8460', '2026-02-10', 'PENDING', 5, NULL, NULL, NULL, NULL, '2026-02-10 06:27:05', '2026-02-10 06:27:05'),
(39, 'SPV-20260210-8998', '2026-02-10', 'PENDING', 1, NULL, NULL, NULL, NULL, '2026-02-10 06:49:17', '2026-02-10 06:49:17'),
(40, 'SPV-20260210-6599', '2026-02-10', 'PENDING', 5, NULL, NULL, NULL, NULL, '2026-02-10 06:56:02', '2026-02-10 06:56:02'),
(41, 'SPV-20260210-5670', '2026-02-10', 'PENDING', 5, NULL, NULL, NULL, NULL, '2026-02-10 06:56:22', '2026-02-10 06:56:22'),
(42, 'SPV-20260210-3359', '2026-02-10', 'PENDING', 5, NULL, NULL, NULL, NULL, '2026-02-10 07:03:16', '2026-02-10 07:03:16'),
(43, 'SPV-20260210-8265', '2026-02-10', 'PENDING', 5, NULL, NULL, NULL, NULL, '2026-02-10 07:05:00', '2026-02-10 07:05:00'),
(44, 'SPV-20260210-0681', '2026-02-10', 'APPROVED', 3, 9, '2026-02-10 07:09:15', NULL, NULL, '2026-02-10 07:08:23', '2026-02-10 07:09:15'),
(45, 'SPV-20260210-0457', '2026-02-10', 'PENDING', 1, NULL, NULL, NULL, NULL, '2026-02-10 07:09:34', '2026-02-10 07:09:34'),
(46, 'SPV-20260210-9796', '2026-02-10', 'PENDING', 1, NULL, NULL, NULL, NULL, '2026-02-10 07:10:06', '2026-02-10 07:10:06'),
(47, 'SPV-20260210-9589', '2026-02-10', 'PENDING', 1, NULL, NULL, NULL, NULL, '2026-02-10 07:13:21', '2026-02-10 07:13:21'),
(48, 'SPV-20260210-3812', '2026-02-10', 'PENDING', 1, NULL, NULL, NULL, NULL, '2026-02-10 07:28:25', '2026-02-10 07:28:25'),
(49, 'SPV-20260210-5971', '2026-02-10', 'PENDING', 1, NULL, NULL, NULL, NULL, '2026-02-10 07:28:44', '2026-02-10 07:28:44'),
(50, 'SPV-20260210-7833', '2026-02-10', 'PENDING', 1, NULL, NULL, NULL, NULL, '2026-02-10 07:39:18', '2026-02-10 07:39:18'),
(51, 'SPV-20260210-0524', '2026-02-10', 'APPROVED', 1, 1, '2026-02-10 07:56:18', NULL, NULL, '2026-02-10 07:45:29', '2026-02-10 07:56:18'),
(52, 'SPV-20260210-5974', '2026-02-10', 'PENDING', 1, NULL, NULL, NULL, NULL, '2026-02-10 07:56:11', '2026-02-10 07:56:11'),
(53, 'SPV-20260210-3081', '2026-02-10', 'PENDING', 1, NULL, NULL, NULL, NULL, '2026-02-10 07:56:37', '2026-02-10 07:56:37'),
(54, 'SPV-20260210-1451', '2026-02-10', 'PENDING', 1, NULL, NULL, NULL, NULL, '2026-02-10 08:13:42', '2026-02-10 08:13:42'),
(55, 'SPV-20260211-4570', '2026-02-11', 'APPROVED', 4, 9, '2026-02-11 01:26:10', NULL, NULL, '2026-02-11 01:24:09', '2026-02-11 01:26:10'),
(56, 'SPV-20260211-3374', '2026-02-11', 'PENDING', 5, NULL, NULL, NULL, NULL, '2026-02-11 01:26:54', '2026-02-11 01:26:54'),
(57, 'SPV-20260211-4120', '2026-02-11', 'PENDING', 1, NULL, NULL, NULL, NULL, '2026-02-11 01:39:36', '2026-02-11 01:39:36'),
(58, 'SPV-20260211-1295', '2026-02-11', 'PENDING', 1, NULL, NULL, NULL, NULL, '2026-02-11 01:39:54', '2026-02-11 01:39:54'),
(59, 'SPV-20260211-1042', '2026-02-11', 'PENDING', 1, NULL, NULL, NULL, NULL, '2026-02-11 01:46:42', '2026-02-11 01:46:42'),
(60, 'SPV-20260211-5857', '2026-02-11', 'PENDING', 1, NULL, NULL, NULL, NULL, '2026-02-11 04:20:54', '2026-02-11 04:20:54'),
(61, 'SPV-20260211-3564', '2026-02-11', 'PENDING', 1, NULL, NULL, NULL, NULL, '2026-02-11 04:21:26', '2026-02-11 04:21:26'),
(62, 'SPV-20260211-2290', '2026-02-11', 'PENDING', 1, NULL, NULL, NULL, NULL, '2026-02-11 04:30:58', '2026-02-11 04:30:58'),
(63, 'SPV-20260211-8646', '2026-02-11', 'APPROVED', 4, 9, '2026-02-11 07:36:29', NULL, NULL, '2026-02-11 07:35:55', '2026-02-11 07:36:29'),
(64, 'SPV-20260211-8868', '2026-02-11', 'PENDING', 5, NULL, NULL, NULL, NULL, '2026-02-11 07:37:16', '2026-02-11 07:37:16'),
(65, 'SPV-20260211-5224', '2026-02-11', 'PENDING', 5, NULL, NULL, NULL, NULL, '2026-02-11 07:37:49', '2026-02-11 07:37:49');

-- --------------------------------------------------------

--
-- Table structure for table `spv_doc_items`
--

CREATE TABLE `spv_doc_items` (
  `id` bigint(20) UNSIGNED NOT NULL,
  `spv_doc_id` bigint(20) UNSIGNED NOT NULL,
  `produksi_batch_id` bigint(20) UNSIGNED DEFAULT NULL,
  `nama_produk` varchar(255) DEFAULT NULL,
  `batch_no` varchar(255) DEFAULT NULL,
  `kode_batch` varchar(255) DEFAULT NULL,
  `tgl_release` date DEFAULT NULL,
  `tgl_expired` date DEFAULT NULL,
  `kemasan` varchar(255) DEFAULT NULL,
  `isi` varchar(255) DEFAULT NULL,
  `jumlah` int(11) DEFAULT NULL,
  `status_gudang` varchar(255) DEFAULT NULL,
  `created_at` timestamp NULL DEFAULT NULL,
  `updated_at` timestamp NULL DEFAULT NULL
) ENGINE=InnoDB DEFAULT CHARSET=utf8mb4 COLLATE=utf8mb4_unicode_ci;

--
-- Dumping data for table `spv_doc_items`
--

INSERT INTO `spv_doc_items` (`id`, `spv_doc_id`, `produksi_batch_id`, `nama_produk`, `batch_no`, `kode_batch`, `tgl_release`, `tgl_expired`, `kemasan`, `isi`, `jumlah`, `status_gudang`, `created_at`, `updated_at`) VALUES
(1, 1, 1699, 'CLO 50', '49.01 FA- 26/CP/I/1', '49.01 FA', '2026-02-03', '2030-02-02', 'Btl', '20 dus', 20, 'APPROVED', '2026-02-03 22:23:16', '2026-02-03 22:23:16'),
(2, 1, 1621, 'Samrox -20', '100.01 FA- 26/CP/I/1', '100.01 FA', '2026-02-02', '2030-02-02', 'Top', '10 box', 10, 'APPROVED', '2026-02-03 22:23:16', '2026-02-03 22:23:16'),
(3, 2, 1699, 'CLO 50', '49.01 FA- 26/CP/I/1', '49.01 FA', '2026-02-03', '2030-02-02', 'Btl', '20 dus', 20, 'APPROVED', '2026-02-03 22:42:48', '2026-02-03 22:42:48'),
(4, 2, 1621, 'Samrox -20', '100.01 FA- 26/CP/I/1', '100.01 FA', '2026-02-02', '2030-02-02', 'Top', '10 box', 10, 'APPROVED', '2026-02-03 22:42:48', '2026-02-03 22:42:48'),
(5, 3, 1699, 'CLO 50', '49.01 FA- 26/CP/I/1', '49.01 FA', '2026-02-03', '2030-02-02', 'Btl', '20 dus', 20, 'APPROVED', '2026-02-04 03:02:37', '2026-02-04 03:02:37'),
(6, 3, 1621, 'Samrox -20', '100.01 FA- 26/CP/I/1', '100.01 FA', '2026-02-02', '2030-02-02', 'Top', '10 box', 10, 'APPROVED', '2026-02-04 03:02:37', '2026-02-04 03:02:37'),
(7, 4, 1699, 'CLO 50', '49.01 FA- 26/CP/I/1', '49.01 FA', '2026-02-03', '2030-02-02', 'Btl', '20 dus', 20, 'APPROVED', '2026-02-04 03:13:04', '2026-02-04 03:13:04'),
(8, 4, 1700, 'CLO 50', '49.02 FA- 26/CP/I/2', '49.02 FA', '2026-02-03', '2030-02-03', 'Btl', '10 botol', 100, 'APPROVED', '2026-02-04 03:13:04', '2026-02-04 03:13:04'),
(9, 4, 1641, 'Samquinor', '113.04 FA- 26/P/I/29', '113.04 FA', '2026-02-04', '2030-02-04', 'Dus', '90', 90, 'APPROVED', '2026-02-04 03:13:04', '2026-02-04 03:13:04'),
(10, 4, 1621, 'Samrox -20', '100.01 FA- 26/CP/I/1', '100.01 FA', '2026-02-02', '2030-02-02', 'Top', '10 box', 10, 'APPROVED', '2026-02-04 03:13:04', '2026-02-04 03:13:04'),
(11, 4, 1623, 'Samrox -20', '100.03 FA- 26/CP/I/3', '100.03 FA', '2026-02-04', '2030-02-04', 'Top', '100 btl', 90, 'APPROVED', '2026-02-04 03:13:04', '2026-02-04 03:13:04'),
(12, 5, 1699, 'CLO 50', '49.01 FA- 26/CP/I/1', '49.01 FA', '2026-02-03', '2030-02-02', 'Btl', '20 dus', 20, 'APPROVED', '2026-02-04 03:33:16', '2026-02-04 03:33:16'),
(13, 5, 1700, 'CLO 50', '49.02 FA- 26/CP/I/2', '49.02 FA', '2026-02-03', '2030-02-03', 'Btl', '10 botol', 100, 'APPROVED', '2026-02-04 03:33:16', '2026-02-04 03:33:16'),
(14, 5, 1641, 'Samquinor', '113.04 FA- 26/P/I/29', '113.04 FA', '2026-02-04', '2030-02-04', 'Dus', '90', 90, 'APPROVED', '2026-02-04 03:33:16', '2026-02-04 03:33:16'),
(15, 5, 1621, 'Samrox -20', '100.01 FA- 26/CP/I/1', '100.01 FA', '2026-02-02', '2030-02-02', 'Top', '10 box', 10, 'APPROVED', '2026-02-04 03:33:16', '2026-02-04 03:33:16'),
(16, 5, 1623, 'Samrox -20', '100.03 FA- 26/CP/I/3', '100.03 FA', '2026-02-04', '2030-02-04', 'Top', '100 btl', 90, 'APPROVED', '2026-02-04 03:33:16', '2026-02-04 03:33:16'),
(17, 6, 1699, 'CLO 50', '49.01 FA- 26/CP/I/1', '49.01 FA', '2026-02-03', '2030-02-02', 'Btl', '20 dus', 20, 'APPROVED', '2026-02-04 03:44:55', '2026-02-04 03:44:55'),
(18, 6, 1700, 'CLO 50', '49.02 FA- 26/CP/I/2', '49.02 FA', '2026-02-03', '2030-02-03', 'Btl', '10 botol', 100, 'APPROVED', '2026-02-04 03:44:55', '2026-02-04 03:44:55'),
(19, 6, 1641, 'Samquinor', '113.04 FA- 26/P/I/29', '113.04 FA', '2026-02-04', '2030-02-04', 'Dus', '90', 90, 'APPROVED', '2026-02-04 03:44:55', '2026-02-04 03:44:55'),
(20, 6, 1621, 'Samrox -20', '100.01 FA- 26/CP/I/1', '100.01 FA', '2026-02-02', '2030-02-02', 'Top', '10 box', 10, 'APPROVED', '2026-02-04 03:44:55', '2026-02-04 03:44:55'),
(21, 6, 1623, 'Samrox -20', '100.03 FA- 26/CP/I/3', '100.03 FA', '2026-02-04', '2030-02-04', 'Top', '100 btl', 90, 'APPROVED', '2026-02-04 03:44:55', '2026-02-04 03:44:55'),
(22, 7, 1699, 'CLO 50', '49.01 FA- 26/CP/I/1', '49.01 FA', '2026-02-03', '2030-02-02', 'Btl', '20 dus', 20, 'APPROVED', '2026-02-04 03:50:17', '2026-02-04 03:50:17'),
(23, 7, 1700, 'CLO 50', '49.02 FA- 26/CP/I/2', '49.02 FA', '2026-02-03', '2030-02-03', 'Btl', '10 botol', 100, 'APPROVED', '2026-02-04 03:50:17', '2026-02-04 03:50:17'),
(24, 7, 1641, 'Samquinor', '113.04 FA- 26/P/I/29', '113.04 FA', '2026-02-04', '2030-02-04', 'Dus', '90', 90, 'APPROVED', '2026-02-04 03:50:17', '2026-02-04 03:50:17'),
(25, 7, 1621, 'Samrox -20', '100.01 FA- 26/CP/I/1', '100.01 FA', '2026-02-02', '2030-02-02', 'Top', '10 box', 10, 'APPROVED', '2026-02-04 03:50:17', '2026-02-04 03:50:17'),
(26, 7, 1623, 'Samrox -20', '100.03 FA- 26/CP/I/3', '100.03 FA', '2026-02-04', '2030-02-04', 'Top', '100 btl', 90, 'APPROVED', '2026-02-04 03:50:17', '2026-02-04 03:50:17'),
(27, 8, 1699, 'CLO 50', '49.01 FA- 26/CP/I/1', '49.01 FA', '2026-02-03', '2030-02-02', 'Btl', '20 dus', 20, 'APPROVED', '2026-02-04 04:01:47', '2026-02-04 04:01:47'),
(28, 8, 1700, 'CLO 50', '49.02 FA- 26/CP/I/2', '49.02 FA', '2026-02-03', '2030-02-03', 'Btl', '10 botol', 100, 'APPROVED', '2026-02-04 04:01:47', '2026-02-04 04:01:47'),
(29, 8, 1641, 'Samquinor', '113.04 FA- 26/P/I/29', '113.04 FA', '2026-02-04', '2030-02-04', 'Dus', '90', 90, 'APPROVED', '2026-02-04 04:01:47', '2026-02-04 04:01:47'),
(30, 8, 1621, 'Samrox -20', '100.01 FA- 26/CP/I/1', '100.01 FA', '2026-02-02', '2030-02-02', 'Top', '10 box', 10, 'APPROVED', '2026-02-04 04:01:47', '2026-02-04 04:01:47'),
(31, 8, 1623, 'Samrox -20', '100.03 FA- 26/CP/I/3', '100.03 FA', '2026-02-04', '2030-02-04', 'Top', '100 btl', 90, 'APPROVED', '2026-02-04 04:01:47', '2026-02-04 04:01:47'),
(32, 9, 1699, 'CLO 50', '49.01 FA- 26/CP/I/1', '49.01 FA', '2026-02-03', '2030-02-02', 'Btl', '20 dus', 20, 'APPROVED', '2026-02-04 04:08:50', '2026-02-04 04:08:50'),
(33, 9, 1700, 'CLO 50', '49.02 FA- 26/CP/I/2', '49.02 FA', '2026-02-03', '2030-02-03', 'Btl', '10 botol', 100, 'APPROVED', '2026-02-04 04:08:50', '2026-02-04 04:08:50'),
(34, 9, 1641, 'Samquinor', '113.04 FA- 26/P/I/29', '113.04 FA', '2026-02-04', '2030-02-04', 'Dus', '90', 90, 'APPROVED', '2026-02-04 04:08:50', '2026-02-04 04:08:50'),
(35, 9, 1621, 'Samrox -20', '100.01 FA- 26/CP/I/1', '100.01 FA', '2026-02-02', '2030-02-02', 'Top', '10 box', 10, 'APPROVED', '2026-02-04 04:08:50', '2026-02-04 04:08:50'),
(36, 9, 1623, 'Samrox -20', '100.03 FA- 26/CP/I/3', '100.03 FA', '2026-02-04', '2030-02-04', 'Top', '100 btl', 90, 'APPROVED', '2026-02-04 04:08:50', '2026-02-04 04:08:50'),
(37, 10, 1699, 'CLO 50', '49.01 FA- 26/CP/I/1', '49.01 FA', '2026-02-03', '2030-02-02', 'Btl', '20 dus', 20, 'APPROVED', '2026-02-04 04:09:19', '2026-02-04 04:09:19'),
(38, 10, 1700, 'CLO 50', '49.02 FA- 26/CP/I/2', '49.02 FA', '2026-02-03', '2030-02-03', 'Btl', '10 botol', 100, 'APPROVED', '2026-02-04 04:09:19', '2026-02-04 04:09:19'),
(39, 10, 1641, 'Samquinor', '113.04 FA- 26/P/I/29', '113.04 FA', '2026-02-04', '2030-02-04', 'Dus', '90', 90, 'APPROVED', '2026-02-04 04:09:19', '2026-02-04 04:09:19'),
(40, 10, 1621, 'Samrox -20', '100.01 FA- 26/CP/I/1', '100.01 FA', '2026-02-02', '2030-02-02', 'Top', '10 box', 10, 'APPROVED', '2026-02-04 04:09:19', '2026-02-04 04:09:19'),
(41, 10, 1623, 'Samrox -20', '100.03 FA- 26/CP/I/3', '100.03 FA', '2026-02-04', '2030-02-04', 'Top', '100 btl', 90, 'APPROVED', '2026-02-04 04:09:19', '2026-02-04 04:09:19'),
(42, 11, 1699, 'CLO 50', '49.01 FA- 26/CP/I/1', '49.01 FA', '2026-02-03', '2030-02-02', 'Btl', '20 dus', 20, 'APPROVED', '2026-02-04 04:13:18', '2026-02-04 04:13:18'),
(43, 11, 1700, 'CLO 50', '49.02 FA- 26/CP/I/2', '49.02 FA', '2026-02-03', '2030-02-03', 'Btl', '10 botol', 100, 'APPROVED', '2026-02-04 04:13:18', '2026-02-04 04:13:18'),
(44, 11, 1641, 'Samquinor', '113.04 FA- 26/P/I/29', '113.04 FA', '2026-02-04', '2030-02-04', 'Dus', '90', 90, 'APPROVED', '2026-02-04 04:13:18', '2026-02-04 04:13:18'),
(45, 11, 1621, 'Samrox -20', '100.01 FA- 26/CP/I/1', '100.01 FA', '2026-02-02', '2030-02-02', 'Top', '10 box', 10, 'APPROVED', '2026-02-04 04:13:18', '2026-02-04 04:13:18'),
(46, 11, 1623, 'Samrox -20', '100.03 FA- 26/CP/I/3', '100.03 FA', '2026-02-04', '2030-02-04', 'Top', '100 btl', 90, 'APPROVED', '2026-02-04 04:13:18', '2026-02-04 04:13:18'),
(47, 12, 1699, 'CLO 50', '49.01 FA- 26/CP/I/1', '49.01 FA', '2026-02-03', '2030-02-02', 'Btl', '20 dus', 20, 'APPROVED', '2026-02-04 04:25:57', '2026-02-04 04:25:57'),
(48, 12, 1700, 'CLO 50', '49.02 FA- 26/CP/I/2', '49.02 FA', '2026-02-03', '2030-02-03', 'Btl', '10 botol', 100, 'APPROVED', '2026-02-04 04:25:57', '2026-02-04 04:25:57'),
(49, 12, 1641, 'Samquinor', '113.04 FA- 26/P/I/29', '113.04 FA', '2026-02-04', '2030-02-04', 'Dus', '90', 90, 'APPROVED', '2026-02-04 04:25:57', '2026-02-04 04:25:57'),
(50, 12, 1621, 'Samrox -20', '100.01 FA- 26/CP/I/1', '100.01 FA', '2026-02-02', '2030-02-02', 'Top', '10 box', 10, 'APPROVED', '2026-02-04 04:25:57', '2026-02-04 04:25:57'),
(51, 12, 1623, 'Samrox -20', '100.03 FA- 26/CP/I/3', '100.03 FA', '2026-02-04', '2030-02-04', 'Top', '100 btl', 90, 'APPROVED', '2026-02-04 04:25:57', '2026-02-04 04:25:57'),
(52, 13, 1699, 'CLO 50', '49.01 FA- 26/CP/I/1', '49.01 FA', '2026-02-03', '2030-02-02', 'Btl', '20 dus', 20, 'APPROVED', '2026-02-04 04:28:22', '2026-02-04 04:28:22'),
(53, 13, 1700, 'CLO 50', '49.02 FA- 26/CP/I/2', '49.02 FA', '2026-02-03', '2030-02-03', 'Btl', '10 botol', 100, 'APPROVED', '2026-02-04 04:28:23', '2026-02-04 04:28:23'),
(54, 13, 1641, 'Samquinor', '113.04 FA- 26/P/I/29', '113.04 FA', '2026-02-04', '2030-02-04', 'Dus', '90', 90, 'APPROVED', '2026-02-04 04:28:23', '2026-02-04 04:28:23'),
(55, 13, 1621, 'Samrox -20', '100.01 FA- 26/CP/I/1', '100.01 FA', '2026-02-02', '2030-02-02', 'Top', '10 box', 10, 'APPROVED', '2026-02-04 04:28:23', '2026-02-04 04:28:23'),
(56, 13, 1623, 'Samrox -20', '100.03 FA- 26/CP/I/3', '100.03 FA', '2026-02-04', '2030-02-04', 'Top', '100 btl', 90, 'APPROVED', '2026-02-04 04:28:23', '2026-02-04 04:28:23'),
(57, 14, 1699, 'CLO 50', '49.01 FA- 26/CP/I/1', '49.01 FA', '2026-02-03', '2030-02-02', 'Btl', '20 dus', 20, 'APPROVED', '2026-02-04 04:34:00', '2026-02-04 04:34:00'),
(58, 14, 1700, 'CLO 50', '49.02 FA- 26/CP/I/2', '49.02 FA', '2026-02-03', '2030-02-03', 'Btl', '10 botol', 100, 'APPROVED', '2026-02-04 04:34:00', '2026-02-04 04:34:00'),
(59, 14, 1641, 'Samquinor', '113.04 FA- 26/P/I/29', '113.04 FA', '2026-02-04', '2030-02-04', 'Dus', '90', 90, 'APPROVED', '2026-02-04 04:34:01', '2026-02-04 04:34:01'),
(60, 14, 1621, 'Samrox -20', '100.01 FA- 26/CP/I/1', '100.01 FA', '2026-02-02', '2030-02-02', 'Top', '10 box', 10, 'APPROVED', '2026-02-04 04:34:01', '2026-02-04 04:34:01'),
(61, 14, 1623, 'Samrox -20', '100.03 FA- 26/CP/I/3', '100.03 FA', '2026-02-04', '2030-02-04', 'Top', '100 btl', 90, 'APPROVED', '2026-02-04 04:34:01', '2026-02-04 04:34:01'),
(62, 15, 1699, 'CLO 50', '49.01 FA- 26/CP/I/1', '49.01 FA', '2026-02-03', '2030-02-02', 'Btl', '20 dus', 20, 'APPROVED', '2026-02-04 04:36:32', '2026-02-04 04:36:32'),
(63, 15, 1700, 'CLO 50', '49.02 FA- 26/CP/I/2', '49.02 FA', '2026-02-03', '2030-02-03', 'Btl', '10 botol', 100, 'APPROVED', '2026-02-04 04:36:32', '2026-02-04 04:36:32'),
(64, 15, 1641, 'Samquinor', '113.04 FA- 26/P/I/29', '113.04 FA', '2026-02-04', '2030-02-04', 'Dus', '90', 90, 'APPROVED', '2026-02-04 04:36:32', '2026-02-04 04:36:32'),
(65, 15, 1621, 'Samrox -20', '100.01 FA- 26/CP/I/1', '100.01 FA', '2026-02-02', '2030-02-02', 'Top', '10 box', 10, 'APPROVED', '2026-02-04 04:36:32', '2026-02-04 04:36:32'),
(66, 15, 1623, 'Samrox -20', '100.03 FA- 26/CP/I/3', '100.03 FA', '2026-02-04', '2030-02-04', 'Top', '100 btl', 90, 'APPROVED', '2026-02-04 04:36:32', '2026-02-04 04:36:32'),
(67, 16, 1699, 'CLO 50', '49.01 FA- 26/CP/I/1', '49.01 FA', '2026-02-03', '2030-02-02', 'Btl', '20 dus', 20, 'APPROVED', '2026-02-04 06:14:21', '2026-02-04 06:14:21'),
(68, 16, 1700, 'CLO 50', '49.02 FA- 26/CP/I/2', '49.02 FA', '2026-02-03', '2030-02-03', 'Btl', '10 botol', 100, 'APPROVED', '2026-02-04 06:14:21', '2026-02-04 06:14:21'),
(69, 16, 1641, 'Samquinor', '113.04 FA- 26/P/I/29', '113.04 FA', '2026-02-04', '2030-02-04', 'Dus', '90', 90, 'APPROVED', '2026-02-04 06:14:21', '2026-02-04 06:14:21'),
(70, 16, 1621, 'Samrox -20', '100.01 FA- 26/CP/I/1', '100.01 FA', '2026-02-02', '2030-02-02', 'Top', '10 box', 10, 'APPROVED', '2026-02-04 06:14:21', '2026-02-04 06:14:21'),
(71, 16, 1623, 'Samrox -20', '100.03 FA- 26/CP/I/3', '100.03 FA', '2026-02-04', '2030-02-04', 'Top', '100 btl', 90, 'APPROVED', '2026-02-04 06:14:21', '2026-02-04 06:14:21'),
(72, 17, 1699, 'CLO 50', '49.01 FA- 26/CP/I/1', '49.01 FA', '2026-02-03', '2030-02-02', 'Btl', '20 dus', 20, 'APPROVED', '2026-02-04 06:21:19', '2026-02-04 06:21:19'),
(73, 17, 1700, 'CLO 50', '49.02 FA- 26/CP/I/2', '49.02 FA', '2026-02-03', '2030-02-03', 'Btl', '10 botol', 100, 'APPROVED', '2026-02-04 06:21:19', '2026-02-04 06:21:19'),
(74, 17, 1641, 'Samquinor', '113.04 FA- 26/P/I/29', '113.04 FA', '2026-02-04', '2030-02-04', 'Dus', '90', 90, 'APPROVED', '2026-02-04 06:21:19', '2026-02-04 06:21:19'),
(75, 17, 1621, 'Samrox -20', '100.01 FA- 26/CP/I/1', '100.01 FA', '2026-02-02', '2030-02-02', 'Top', '10 box', 10, 'APPROVED', '2026-02-04 06:21:19', '2026-02-04 06:21:19'),
(76, 17, 1623, 'Samrox -20', '100.03 FA- 26/CP/I/3', '100.03 FA', '2026-02-04', '2030-02-04', 'Top', '100 btl', 90, 'APPROVED', '2026-02-04 06:21:19', '2026-02-04 06:21:19'),
(77, 18, 1699, 'CLO 50', '49.01 FA- 26/CP/I/1', '49.01 FA', '2026-02-03', '2030-02-02', 'Btl', '20 dus', 20, 'APPROVED', '2026-02-04 06:42:47', '2026-02-04 06:42:47'),
(78, 18, 1700, 'CLO 50', '49.02 FA- 26/CP/I/2', '49.02 FA', '2026-02-03', '2030-02-03', 'Btl', '10 botol', 100, 'APPROVED', '2026-02-04 06:42:47', '2026-02-04 06:42:47'),
(79, 18, 1641, 'Samquinor', '113.04 FA- 26/P/I/29', '113.04 FA', '2026-02-04', '2030-02-04', 'Dus', '90', 90, 'APPROVED', '2026-02-04 06:42:47', '2026-02-04 06:42:47'),
(80, 19, 1699, 'CLO 50', '49.01 FA- 26/CP/I/1', '49.01 FA', '2026-02-03', '2030-02-02', 'Btl', '20 dus', 20, 'APPROVED', '2026-02-04 06:43:06', '2026-02-04 06:43:06'),
(81, 19, 1700, 'CLO 50', '49.02 FA- 26/CP/I/2', '49.02 FA', '2026-02-03', '2030-02-03', 'Btl', '10 botol', 100, 'APPROVED', '2026-02-04 06:43:06', '2026-02-04 06:43:06'),
(82, 19, 1641, 'Samquinor', '113.04 FA- 26/P/I/29', '113.04 FA', '2026-02-04', '2030-02-04', 'Dus', '90', 90, 'APPROVED', '2026-02-04 06:43:06', '2026-02-04 06:43:06'),
(83, 20, 1699, 'CLO 50', '49.01 FA- 26/CP/I/1', '49.01 FA', '2026-02-03', '2030-02-02', 'Btl', '20 dus', 20, 'APPROVED', '2026-02-04 08:36:29', '2026-02-04 08:36:29'),
(84, 20, 1700, 'CLO 50', '49.02 FA- 26/CP/I/2', '49.02 FA', '2026-02-03', '2030-02-03', 'Btl', '10 botol', 100, 'APPROVED', '2026-02-04 08:36:29', '2026-02-04 08:36:29'),
(85, 20, 1641, 'Samquinor', '113.04 FA- 26/P/I/29', '113.04 FA', '2026-02-04', '2030-02-04', 'Dus', '90', 90, 'APPROVED', '2026-02-04 08:36:29', '2026-02-04 08:36:29'),
(86, 20, 1621, 'Samrox -20', '100.01 FA- 26/CP/I/1', '100.01 FA', '2026-02-02', '2030-02-02', 'Top', '10 box', 10, 'APPROVED', '2026-02-04 08:36:29', '2026-02-04 08:36:29'),
(87, 20, 1623, 'Samrox -20', '100.03 FA- 26/CP/I/3', '100.03 FA', '2026-02-04', '2030-02-04', 'Top', '100 btl', 90, 'APPROVED', '2026-02-04 08:36:29', '2026-02-04 08:36:29'),
(88, 21, 1699, 'CLO 50', '49.01 FA- 26/CP/I/1', '49.01 FA', '2026-02-03', '2030-02-02', 'Btl', '20 dus', 20, 'APPROVED', '2026-02-05 01:10:05', '2026-02-05 01:10:05'),
(89, 21, 1700, 'CLO 50', '49.02 FA- 26/CP/I/2', '49.02 FA', '2026-02-03', '2030-02-03', 'Btl', '10 botol', 100, 'APPROVED', '2026-02-05 01:10:05', '2026-02-05 01:10:05'),
(90, 21, 1641, 'Samquinor', '113.04 FA- 26/P/I/29', '113.04 FA', '2026-02-04', '2030-02-04', 'Dus', '90', 90, 'APPROVED', '2026-02-05 01:10:05', '2026-02-05 01:10:05'),
(91, 21, 1621, 'Samrox -20', '100.01 FA- 26/CP/I/1', '100.01 FA', '2026-02-02', '2030-02-02', 'Top', '10 box', 10, 'APPROVED', '2026-02-05 01:10:05', '2026-02-05 01:10:05'),
(92, 21, 1623, 'Samrox -20', '100.03 FA- 26/CP/I/3', '100.03 FA', '2026-02-04', '2030-02-04', 'Top', '100 btl', 90, 'APPROVED', '2026-02-05 01:10:05', '2026-02-05 01:10:05'),
(93, 22, 1699, 'CLO 50', '49.01 FA- 26/CP/I/1', '49.01 FA', '2026-02-03', '2030-02-02', 'Btl', '20 dus', 20, 'APPROVED', '2026-02-05 01:55:08', '2026-02-05 01:55:08'),
(94, 22, 1700, 'CLO 50', '49.02 FA- 26/CP/I/2', '49.02 FA', '2026-02-03', '2030-02-03', 'Btl', '10 botol', 100, 'APPROVED', '2026-02-05 01:55:08', '2026-02-05 01:55:08'),
(95, 22, 1641, 'Samquinor', '113.04 FA- 26/P/I/29', '113.04 FA', '2026-02-04', '2030-02-04', 'Dus', '90', 90, 'APPROVED', '2026-02-05 01:55:08', '2026-02-05 01:55:08'),
(96, 22, 1621, 'Samrox -20', '100.01 FA- 26/CP/I/1', '100.01 FA', '2026-02-02', '2030-02-02', 'Top', '10 box', 10, 'APPROVED', '2026-02-05 01:55:08', '2026-02-05 01:55:08'),
(97, 22, 1623, 'Samrox -20', '100.03 FA- 26/CP/I/3', '100.03 FA', '2026-02-04', '2030-02-04', 'Top', '100 btl', 90, 'APPROVED', '2026-02-05 01:55:08', '2026-02-05 01:55:08'),
(98, 23, 1699, 'CLO 50', '49.01 FA- 26/CP/I/1', '49.01 FA', '2026-02-03', '2030-02-02', 'Btl', '20 dus', 20, 'APPROVED', '2026-02-05 02:25:38', '2026-02-05 02:25:38'),
(99, 23, 1700, 'CLO 50', '49.02 FA- 26/CP/I/2', '49.02 FA', '2026-02-03', '2030-02-03', 'Btl', '10 botol', 100, 'APPROVED', '2026-02-05 02:25:38', '2026-02-05 02:25:38'),
(100, 23, 1641, 'Samquinor', '113.04 FA- 26/P/I/29', '113.04 FA', '2026-02-04', '2030-02-04', 'Dus', '90', 90, 'APPROVED', '2026-02-05 02:25:38', '2026-02-05 02:25:38'),
(101, 24, 1621, 'Samrox -20', '100.01 FA- 26/CP/I/1', '100.01 FA', '2026-02-02', '2030-02-02', 'Top', '10 box', 10, 'APPROVED', '2026-02-05 02:40:59', '2026-02-05 02:40:59'),
(102, 24, 1623, 'Samrox -20', '100.03 FA- 26/CP/I/3', '100.03 FA', '2026-02-04', '2030-02-04', 'Top', '100 btl', 90, 'APPROVED', '2026-02-05 02:40:59', '2026-02-05 02:40:59'),
(103, 25, 1621, 'Samrox -20', '100.01 FA- 26/CP/I/1', '100.01 FA', '2026-02-02', '2030-02-02', 'Top', '10 box', 10, 'APPROVED', '2026-02-05 03:05:49', '2026-02-05 03:05:49'),
(104, 25, 1623, 'Samrox -20', '100.03 FA- 26/CP/I/3', '100.03 FA', '2026-02-04', '2030-02-04', 'Top', '100 btl', 90, 'APPROVED', '2026-02-05 03:05:49', '2026-02-05 03:05:49'),
(105, 26, 1621, 'Samrox -20', '100.01 FA- 26/CP/I/1', '100.01 FA', '2026-02-02', '2030-02-02', 'Top', '10 box', 10, 'APPROVED', '2026-02-05 03:29:34', '2026-02-05 03:29:34'),
(106, 26, 1623, 'Samrox -20', '100.03 FA- 26/CP/I/3', '100.03 FA', '2026-02-04', '2030-02-04', 'Top', '100 btl', 90, 'APPROVED', '2026-02-05 03:29:34', '2026-02-05 03:29:34'),
(107, 27, 1621, 'Samrox -20', '100.01 FA- 26/CP/I/1', '100.01 FA', '2026-02-02', '2030-02-02', 'Top', '10 box', 10, 'APPROVED', '2026-02-05 03:29:56', '2026-02-05 03:29:56'),
(108, 27, 1623, 'Samrox -20', '100.03 FA- 26/CP/I/3', '100.03 FA', '2026-02-04', '2030-02-04', 'Top', '100 btl', 90, 'APPROVED', '2026-02-05 03:29:56', '2026-02-05 03:29:56'),
(109, 28, 1621, 'Samrox -20', '100.01 FA- 26/CP/I/1', '100.01 FA', '2026-02-02', '2030-02-02', 'Top', '10 box', 10, 'APPROVED', '2026-02-05 03:35:45', '2026-02-05 03:35:45'),
(110, 28, 1623, 'Samrox -20', '100.03 FA- 26/CP/I/3', '100.03 FA', '2026-02-04', '2030-02-04', 'Top', '100 btl', 90, 'APPROVED', '2026-02-05 03:35:45', '2026-02-05 03:35:45'),
(111, 29, 1642, 'Samquinor', '113.05 FA- 26/P/I/30', '113.05 FA', '2026-02-05', '2030-02-05', 'Dus', '100 btl', 90, 'APPROVED', '2026-02-05 04:09:34', '2026-02-05 04:09:34'),
(112, 29, 1644, 'Samquinor', '113.07 FA- 26/P/I/32', '113.07 FA', '2026-02-05', '2030-02-05', 'Dus', '100 btl', 90, 'APPROVED', '2026-02-05 04:09:34', '2026-02-05 04:09:34'),
(113, 29, 1801, 'Samquinor', '113.07 FA- 26/P/I/32Z', '113.07 FAZ', '2026-02-05', '2030-02-05', 'Dus', '100 btl', 90, 'APPROVED', '2026-02-05 04:09:34', '2026-02-05 04:09:34'),
(114, 29, 1625, 'Samrox -20', '100.05 FA- 26/CP/I/5', '100.05 FA', '2026-02-05', '2030-02-05', 'Top', '100 btl', 90, 'APPROVED', '2026-02-05 04:09:34', '2026-02-05 04:09:34'),
(115, 30, 1642, 'Samquinor', '113.05 FA- 26/P/I/30', '113.05 FA', '2026-02-05', '2030-02-05', 'Dus', '100 btl', 90, 'APPROVED', '2026-02-05 04:09:53', '2026-02-05 04:09:53'),
(116, 30, 1644, 'Samquinor', '113.07 FA- 26/P/I/32', '113.07 FA', '2026-02-05', '2030-02-05', 'Dus', '100 btl', 90, 'APPROVED', '2026-02-05 04:09:53', '2026-02-05 04:09:53'),
(117, 30, 1801, 'Samquinor', '113.07 FA- 26/P/I/32Z', '113.07 FAZ', '2026-02-05', '2030-02-05', 'Dus', '100 btl', 90, 'APPROVED', '2026-02-05 04:09:53', '2026-02-05 04:09:53'),
(118, 30, 1625, 'Samrox -20', '100.05 FA- 26/CP/I/5', '100.05 FA', '2026-02-05', '2030-02-05', 'Top', '100 btl', 90, 'APPROVED', '2026-02-05 04:09:53', '2026-02-05 04:09:53'),
(119, 31, 1642, 'Samquinor', '113.05 FA- 26/P/I/30', '113.05 FA', '2026-02-05', '2030-02-05', 'Dus', '100 btl', 90, 'APPROVED', '2026-02-05 04:10:09', '2026-02-05 04:10:09'),
(120, 31, 1644, 'Samquinor', '113.07 FA- 26/P/I/32', '113.07 FA', '2026-02-05', '2030-02-05', 'Dus', '100 btl', 90, 'APPROVED', '2026-02-05 04:10:09', '2026-02-05 04:10:09'),
(121, 31, 1801, 'Samquinor', '113.07 FA- 26/P/I/32Z', '113.07 FAZ', '2026-02-05', '2030-02-05', 'Dus', '100 btl', 90, 'APPROVED', '2026-02-05 04:10:09', '2026-02-05 04:10:09'),
(122, 31, 1625, 'Samrox -20', '100.05 FA- 26/CP/I/5', '100.05 FA', '2026-02-05', '2030-02-05', 'Top', '100 btl', 90, 'APPROVED', '2026-02-05 04:10:09', '2026-02-05 04:10:09'),
(123, 32, 1802, 'Samquinor', '113.05 FA- 26/P/I/30Z', '113.05 FAZ', '2026-02-05', '2030-02-05', 'Dus', '100 btl', 90, 'APPROVED', '2026-02-05 04:17:08', '2026-02-05 04:17:08'),
(124, 33, 1802, 'Samquinor', '113.05 FA- 26/P/I/30Z', '113.05 FAZ', '2026-02-05', '2030-02-05', 'Dus', '100 btl', 90, 'APPROVED', '2026-02-05 04:18:01', '2026-02-05 04:18:01'),
(125, 34, 1699, 'CLO 50', '49.01 FA- 26/CP/I/1', '49.01 FA', '2026-02-03', '2030-02-02', 'Btl', '20 dus', 20, 'APPROVED', '2026-02-05 04:18:33', '2026-02-05 04:18:33'),
(126, 34, 1700, 'CLO 50', '49.02 FA- 26/CP/I/2', '49.02 FA', '2026-02-03', '2030-02-03', 'Btl', '10 botol', 100, 'APPROVED', '2026-02-05 04:18:33', '2026-02-05 04:18:33'),
(127, 34, 1641, 'Samquinor', '113.04 FA- 26/P/I/29', '113.04 FA', '2026-02-04', '2030-02-04', 'Dus', '90', 90, 'APPROVED', '2026-02-05 04:18:33', '2026-02-05 04:18:33'),
(128, 34, 1621, 'Samrox -20', '100.01 FA- 26/CP/I/1', '100.01 FA', '2026-02-02', '2030-02-02', 'Top', '10 box', 10, 'APPROVED', '2026-02-05 04:18:33', '2026-02-05 04:18:33'),
(129, 34, 1623, 'Samrox -20', '100.03 FA- 26/CP/I/3', '100.03 FA', '2026-02-04', '2030-02-04', 'Top', '100 btl', 90, 'APPROVED', '2026-02-05 04:18:33', '2026-02-05 04:18:33'),
(130, 35, 1811, 'Samrox -20', '100.08 FA- 26/CP/I/13', '100.08 FA', '2026-02-10', '2030-02-10', 'Top', '100 btl', 90, 'APPROVED', '2026-02-10 04:42:00', '2026-02-10 04:42:00'),
(131, 36, 1811, 'Samrox -20', '100.08 FA- 26/CP/I/13', '100.08 FA', '2026-02-10', '2030-02-10', 'Top', '100 btl', 90, 'APPROVED', '2026-02-10 06:07:05', '2026-02-10 06:07:05'),
(132, 37, 1811, 'Samrox -20', '100.08 FA- 26/CP/I/13', '100.08 FA', '2026-02-10', '2030-02-10', 'Top', '100 btl', 90, 'APPROVED', '2026-02-10 06:07:36', '2026-02-10 06:07:36'),
(133, 38, 1811, 'Samrox -20', '100.08 FA- 26/CP/I/13', '100.08 FA', '2026-02-10', '2030-02-10', 'Top', '100 btl', 90, 'APPROVED', '2026-02-10 06:27:05', '2026-02-10 06:27:05'),
(134, 39, 1811, 'Samrox -20', '100.08 FA- 26/CP/I/13', '100.08 FA', '2026-02-10', '2030-02-10', 'Top', '100 btl', 90, 'APPROVED', '2026-02-10 06:49:17', '2026-02-10 06:49:17'),
(135, 40, 1811, 'Samrox -20', '100.08 FA- 26/CP/I/13', '100.08 FA', '2026-02-10', '2030-02-10', 'Top', '100 btl', 90, 'APPROVED', '2026-02-10 06:56:02', '2026-02-10 06:56:02'),
(136, 41, 1811, 'Samrox -20', '100.08 FA- 26/CP/I/13', '100.08 FA', '2026-02-10', '2030-02-10', 'Top', '100 btl', 90, 'APPROVED', '2026-02-10 06:56:22', '2026-02-10 06:56:22'),
(137, 42, 1811, 'Samrox -20', '100.08 FA- 26/CP/I/13', '100.08 FA', '2026-02-10', '2030-02-10', 'Top', '100 btl', 90, 'APPROVED', '2026-02-10 07:03:16', '2026-02-10 07:03:16'),
(138, 43, 1811, 'Samrox -20', '100.08 FA- 26/CP/I/13', '100.08 FA', '2026-02-10', '2030-02-10', 'Top', '100 btl', 90, 'APPROVED', '2026-02-10 07:05:00', '2026-02-10 07:05:00'),
(139, 44, 1882, 'CLO 50', '49.01 FA- 26/CP/I/1', '49.01 FA', '2026-02-10', '2030-02-10', 'Btl', '90', 90, 'APPROVED', '2026-02-10 07:08:23', '2026-02-10 07:08:23'),
(140, 45, 1882, 'CLO 50', '49.01 FA- 26/CP/I/1', '49.01 FA', '2026-02-10', '2030-02-10', 'Btl', '90', 90, 'APPROVED', '2026-02-10 07:09:34', '2026-02-10 07:09:34'),
(141, 46, 1882, 'CLO 50', '49.01 FA- 26/CP/I/1', '49.01 FA', '2026-02-10', '2030-02-10', 'Btl', '90', 90, 'APPROVED', '2026-02-10 07:10:06', '2026-02-10 07:10:06'),
(142, 47, 1882, 'CLO 50', '49.01 FA- 26/CP/I/1', '49.01 FA', '2026-02-10', '2030-02-10', 'Btl', '90', 90, 'APPROVED', '2026-02-10 07:13:21', '2026-02-10 07:13:21'),
(143, 48, 1882, 'CLO 50', '49.01 FA- 26/CP/I/1', '49.01 FA', '2026-02-10', '2030-02-10', 'Btl', '90', 90, 'APPROVED', '2026-02-10 07:28:25', '2026-02-10 07:28:25'),
(144, 49, 1811, 'Samrox -20', '100.08 FA- 26/CP/I/13', '100.08 FA', '2026-02-10', '2030-02-10', 'Top', '100 btl', 90, 'APPROVED', '2026-02-10 07:28:44', '2026-02-10 07:28:44'),
(145, 50, 1882, 'CLO 50', '49.01 FA- 26/CP/I/1', '49.01 FA', '2026-02-10', '2030-02-10', 'Btl', '90', 90, 'APPROVED', '2026-02-10 07:39:18', '2026-02-10 07:39:18'),
(146, 51, 1883, 'CLO 50', '49.02 FA- 26/CP/I/2', '49.02 FA', '2026-02-10', '2030-02-10', 'Btl', '90', 900, 'APPROVED', '2026-02-10 07:45:29', '2026-02-10 07:45:29'),
(147, 51, 1811, 'Samrox -20', '100.08 FA- 26/CP/I/13', '100.08 FA', '2026-02-10', '2030-02-10', 'Top', '100 btl', 90, 'APPROVED', '2026-02-10 07:45:29', '2026-02-10 07:45:29'),
(148, 52, 1883, 'CLO 50', '49.02 FA- 26/CP/I/2', '49.02 FA', '2026-02-10', '2030-02-10', 'Btl', '90', 900, 'APPROVED', '2026-02-10 07:56:11', '2026-02-10 07:56:11'),
(149, 52, 1811, 'Samrox -20', '100.08 FA- 26/CP/I/13', '100.08 FA', '2026-02-10', '2030-02-10', 'Top', '100 btl', 90, 'APPROVED', '2026-02-10 07:56:11', '2026-02-10 07:56:11'),
(150, 53, 1883, 'CLO 50', '49.02 FA- 26/CP/I/2', '49.02 FA', '2026-02-10', '2030-02-10', 'Btl', '90', 900, 'APPROVED', '2026-02-10 07:56:37', '2026-02-10 07:56:37'),
(151, 53, 1811, 'Samrox -20', '100.08 FA- 26/CP/I/13', '100.08 FA', '2026-02-10', '2030-02-10', 'Top', '100 btl', 90, 'APPROVED', '2026-02-10 07:56:37', '2026-02-10 07:56:37'),
(152, 54, 1882, 'CLO 50', '49.01 FA- 26/CP/I/1', '49.01 FA', '2026-02-10', '2030-02-10', 'Btl', '90', 90, 'APPROVED', '2026-02-10 08:13:42', '2026-02-10 08:13:42'),
(153, 55, 1805, 'Samrox -20', '100.02 FA- 26/CP/I/2', '100.02 FA', '2026-02-11', '2030-02-11', 'Top', '100', 90, 'APPROVED', '2026-02-11 01:24:09', '2026-02-11 01:24:09'),
(154, 56, 1805, 'Samrox -20', '100.02 FA- 26/CP/I/2', '100.02 FA', '2026-02-11', '2030-02-11', 'Top', '100', 90, 'APPROVED', '2026-02-11 01:26:54', '2026-02-11 01:26:54'),
(155, 57, 1805, 'Samrox -20', '100.02 FA- 26/CP/I/2', '100.02 FA', '2026-02-11', '2030-02-11', 'Top', '100', 90, 'APPROVED', '2026-02-11 01:39:36', '2026-02-11 01:39:36'),
(156, 58, 1805, 'Samrox -20', '100.02 FA- 26/CP/I/2', '100.02 FA', '2026-02-11', '2030-02-11', 'Top', '100', 90, 'APPROVED', '2026-02-11 01:39:54', '2026-02-11 01:39:54'),
(157, 59, 1805, 'Samrox -20', '100.02 FA- 26/CP/I/2', '100.02 FA', '2026-02-11', '2030-02-11', 'Top', '100', 90, 'APPROVED', '2026-02-11 01:46:42', '2026-02-11 01:46:42'),
(158, 60, 1805, 'Samrox -20', '100.02 FA- 26/CP/I/2', '100.02 FA', '2026-02-11', '2030-02-11', 'Top', '100', 90, 'APPROVED', '2026-02-11 04:20:54', '2026-02-11 04:20:54'),
(159, 61, 1882, 'CLO 50', '49.01 FA- 26/CP/I/1', '49.01 FA', '2026-02-10', '2030-02-10', 'Btl', '90', 90, 'APPROVED', '2026-02-11 04:21:26', '2026-02-11 04:21:26'),
(160, 62, 1805, 'Samrox -20', '100.02 FA- 26/CP/I/2', '100.02 FA', '2026-02-11', '2030-02-11', 'Top', '100', 90, 'APPROVED', '2026-02-11 04:30:58', '2026-02-11 04:30:58'),
(161, 63, 1806, 'Samrox -20', '100.03 FA- 26/CP/I/3', '100.03 FA', '2026-02-11', '2030-02-11', 'Top', '90box + 90 dus', 90, 'APPROVED', '2026-02-11 07:35:55', '2026-02-11 07:35:55'),
(162, 64, 1806, 'Samrox -20', '100.03 FA- 26/CP/I/3', '100.03 FA', '2026-02-11', '2030-02-11', 'Top', '90box + 90 dus', 90, 'APPROVED', '2026-02-11 07:37:16', '2026-02-11 07:37:16'),
(163, 65, 1806, 'Samrox -20', '100.03 FA- 26/CP/I/3', '100.03 FA', '2026-02-11', '2030-02-11', 'Top', '90box + 90 dus', 90, 'APPROVED', '2026-02-11 07:37:49', '2026-02-11 07:37:49');

-- --------------------------------------------------------

--
-- Table structure for table `users`
--

CREATE TABLE `users` (
  `id` bigint(20) UNSIGNED NOT NULL,
  `name` varchar(255) NOT NULL,
  `email` varchar(255) NOT NULL,
  `role` text DEFAULT NULL,
  `produksi_role` enum('ADMIN','OPERATOR','SPV') DEFAULT NULL,
  `qc_level` varchar(20) DEFAULT NULL,
  `qc_signature_path` varchar(255) DEFAULT NULL,
  `email_verified_at` timestamp NULL DEFAULT NULL,
  `password` varchar(255) NOT NULL,
  `remember_token` varchar(100) DEFAULT NULL,
  `created_at` timestamp NULL DEFAULT NULL,
  `updated_at` timestamp NULL DEFAULT NULL
) ENGINE=InnoDB DEFAULT CHARSET=utf8mb4 COLLATE=utf8mb4_unicode_ci;

--
-- Dumping data for table `users`
--

INSERT INTO `users` (`id`, `name`, `email`, `role`, `produksi_role`, `qc_level`, `qc_signature_path`, `email_verified_at`, `password`, `remember_token`, `created_at`, `updated_at`) VALUES
(1, 'admin', 'admin@mail.io', 'Admin', NULL, NULL, NULL, '2026-01-15 02:25:38', '$2y$10$tFmdLMFyAT3LtMfJeTxvOOezyx5zLfJJL6eYiQyS9e5gMa44a4Wh6', NULL, '2026-01-15 02:25:38', '2026-01-15 02:25:38'),
(2, 'Bu Caca', 'qc@gmail.com', 'QC', NULL, 'MANAGER', 'qc-signatures/ivbX7xafJ0t0Zdwhy3jKGu3dcdHTmZDeFk0kFAH9.gif', '2026-01-15 03:42:15', '$2y$10$ytidRuQXN.T9D3bjcAZDMu6e.WKLC7l/G2saUg.F.K4G/0mpupEIS', NULL, '2026-01-15 03:42:15', '2026-01-15 03:42:15'),
(3, 'Mas Yudha', 'spv2produksi@gmail.com', 'Produksi', 'SPV', NULL, NULL, '2026-01-23 01:39:58', '$2y$10$hwaSIo.Rs9nn/lWmlAY8HOVhMQUdT56dzT9TWxc.Yrd.4aD8SiS4W', NULL, '2026-01-23 01:39:58', '2026-02-11 06:53:18'),
(4, 'Elang', 'elang@gmail.com', 'Produksi', 'OPERATOR', NULL, NULL, '2026-01-23 03:17:22', '$2y$10$JbzVs3lVZ2h3SrcDJkhHn.Z9.cZcJpmsgxFvapT6rzx4bcsGmolya', NULL, '2026-01-23 03:17:23', '2026-01-23 03:17:23'),
(5, 'ppic', 'ppic@gmail.com', 'PPIC', NULL, NULL, NULL, '2026-01-28 01:48:29', '$2y$10$0BF5vw1nLLyGfLXrnTczeeMq0olUrBnUNuZQNfKVDSJ.c614DSRN6', NULL, '2026-01-28 01:48:29', '2026-01-28 01:48:29'),
(7, 'kepo', 'qa@gmail.com', 'QA', NULL, NULL, NULL, '2026-02-06 06:55:07', '$2y$10$LN74UwQ9roFEvBlJEYldgOzh9tbSh0NV3o1SH2yhmkca4U2zclrpG', NULL, '2026-02-06 06:55:07', '2026-02-09 02:22:42'),
(8, 'Bang Alfin', 'qcc@gmail.com', 'QC', NULL, 'QC', NULL, '2026-02-09 02:25:42', '$2y$10$8g87QPCCvWNeI2GHCmYNZ.0YkEgx3IN7mO3sUaYdqwWEbS5euhv9y', NULL, '2026-02-09 02:25:42', '2026-02-11 06:56:42'),
(9, 'Ma Rizky', 'spv@gmaIl.com', 'Produksi', 'SPV', NULL, NULL, '2026-02-10 07:08:59', '$2y$10$YtZLmexytXCGUa1VFFtPkOOdPvl0DsFYYJ2BeTA26FuOY2XqIMen.', NULL, '2026-02-10 07:08:59', '2026-02-11 06:52:59'),
(10, 'Mba Febry', 'itsamcofarma@gmail.com', 'Produksi', 'ADMIN', NULL, NULL, '2026-02-11 04:08:09', '$2y$10$c7hXo.UEV9cF0gxu/QG1EOMByB5v.6aE1M3Z9bIJHAh45zoYVu.r2', NULL, '2026-02-11 04:08:09', '2026-02-11 06:53:34'),
(11, 'Bu Okta', 'spv3@gmail.com', 'Produksi', 'SPV', NULL, NULL, '2026-02-11 06:54:03', '$2y$10$YKFEI3XLHyC3ziknq9GUwehWgUQBWGnr9iszbwAaVS18iAp/8nmxi', NULL, '2026-02-11 06:54:03', '2026-02-11 06:54:03'),
(12, 'Ma Fikri', 'spv4@gmail.com', 'Produksi', 'SPV', NULL, NULL, '2026-02-11 06:54:28', '$2y$10$HFijucKqnG.h83Z2vsiNv.Sluzvzm73DzxgMTIW1JhSyFuRV4nDNm', NULL, '2026-02-11 06:54:28', '2026-02-11 06:54:28');

--
-- Indexes for dumped tables
--

--
-- Indexes for table `bahans`
--
ALTER TABLE `bahans`
  ADD PRIMARY KEY (`id`),
  ADD UNIQUE KEY `bahans_kode_unique` (`kode`);

--
-- Indexes for table `failed_jobs`
--
ALTER TABLE `failed_jobs`
  ADD PRIMARY KEY (`id`),
  ADD UNIQUE KEY `failed_jobs_uuid_unique` (`uuid`);

--
-- Indexes for table `goj_docs`
--
ALTER TABLE `goj_docs`
  ADD PRIMARY KEY (`id`),
  ADD UNIQUE KEY `goj_docs_doc_no_unique` (`doc_no`),
  ADD KEY `goj_docs_status_doc_date_index` (`status`,`doc_date`);

--
-- Indexes for table `goj_doc_items`
--
ALTER TABLE `goj_doc_items`
  ADD PRIMARY KEY (`id`),
  ADD KEY `goj_doc_items_goj_doc_id_index` (`goj_doc_id`),
  ADD KEY `goj_doc_items_produksi_batch_id_index` (`produksi_batch_id`);

--
-- Indexes for table `gudang_release`
--
ALTER TABLE `gudang_release`
  ADD PRIMARY KEY (`id`),
  ADD KEY `gudang_release_produksi_batch_id_foreign` (`produksi_batch_id`);

--
-- Indexes for table `holding_logs`
--
ALTER TABLE `holding_logs`
  ADD PRIMARY KEY (`id`),
  ADD KEY `holding_logs_produksi_batch_id_index` (`produksi_batch_id`);

--
-- Indexes for table `master_gudangs`
--
ALTER TABLE `master_gudangs`
  ADD PRIMARY KEY (`id`),
  ADD UNIQUE KEY `master_gudangs_kode_unique` (`kode`);

--
-- Indexes for table `migrations`
--
ALTER TABLE `migrations`
  ADD PRIMARY KEY (`id`);

--
-- Indexes for table `password_resets`
--
ALTER TABLE `password_resets`
  ADD KEY `password_resets_email_index` (`email`);

--
-- Indexes for table `personal_access_tokens`
--
ALTER TABLE `personal_access_tokens`
  ADD PRIMARY KEY (`id`),
  ADD UNIQUE KEY `personal_access_tokens_token_unique` (`token`),
  ADD KEY `personal_access_tokens_tokenable_type_tokenable_id_index` (`tokenable_type`,`tokenable_id`);

--
-- Indexes for table `post_secondary_processes`
--
ALTER TABLE `post_secondary_processes`
  ADD PRIMARY KEY (`id`),
  ADD KEY `post_secondary_processes_produksi_batch_id_foreign` (`produksi_batch_id`);

--
-- Indexes for table `process_logs`
--
ALTER TABLE `process_logs`
  ADD PRIMARY KEY (`id`),
  ADD KEY `process_logs_kode_modul_waktu_index` (`kode`,`modul`,`waktu`),
  ADD KEY `process_logs_kode_index` (`kode`),
  ADD KEY `process_logs_modul_index` (`modul`),
  ADD KEY `process_logs_modul_id_index` (`modul_id`),
  ADD KEY `process_logs_waktu_index` (`waktu`),
  ADD KEY `process_logs_status_index` (`status`);

--
-- Indexes for table `produksi`
--
ALTER TABLE `produksi`
  ADD PRIMARY KEY (`id`),
  ADD UNIQUE KEY `produksi_kode_produk_unique` (`kode_produk`);

--
-- Indexes for table `produksi_batches`
--
ALTER TABLE `produksi_batches`
  ADD PRIMARY KEY (`id`),
  ADD KEY `produksi_batches_produksi_id_foreign` (`produksi_id`),
  ADD KEY `produksi_batches_is_holding_index` (`is_holding`),
  ADD KEY `produksi_batches_holding_stage_index` (`holding_stage`),
  ADD KEY `produksi_batches_holding_return_to_index` (`holding_return_to`),
  ADD KEY `produksi_batches_goj_returned_index` (`goj_returned`);

--
-- Indexes for table `qc_releases`
--
ALTER TABLE `qc_releases`
  ADD PRIMARY KEY (`id`),
  ADD KEY `qc_releases_produksi_batch_id_foreign` (`produksi_batch_id`);

--
-- Indexes for table `spv_docs`
--
ALTER TABLE `spv_docs`
  ADD PRIMARY KEY (`id`),
  ADD KEY `spv_docs_doc_no_index` (`doc_no`),
  ADD KEY `spv_docs_status_index` (`status`),
  ADD KEY `spv_docs_created_by_index` (`created_by`),
  ADD KEY `spv_docs_approved_by_index` (`approved_by`),
  ADD KEY `spv_docs_rejected_by_index` (`rejected_by`);

--
-- Indexes for table `spv_doc_items`
--
ALTER TABLE `spv_doc_items`
  ADD PRIMARY KEY (`id`),
  ADD KEY `spv_doc_items_spv_doc_id_index` (`spv_doc_id`),
  ADD KEY `spv_doc_items_produksi_batch_id_index` (`produksi_batch_id`);

--
-- Indexes for table `users`
--
ALTER TABLE `users`
  ADD PRIMARY KEY (`id`),
  ADD UNIQUE KEY `users_email_unique` (`email`);

--
-- AUTO_INCREMENT for dumped tables
--

--
-- AUTO_INCREMENT for table `bahans`
--
ALTER TABLE `bahans`
  MODIFY `id` bigint(20) UNSIGNED NOT NULL AUTO_INCREMENT, AUTO_INCREMENT=6;

--
-- AUTO_INCREMENT for table `failed_jobs`
--
ALTER TABLE `failed_jobs`
  MODIFY `id` bigint(20) UNSIGNED NOT NULL AUTO_INCREMENT;

--
-- AUTO_INCREMENT for table `goj_docs`
--
ALTER TABLE `goj_docs`
  MODIFY `id` bigint(20) UNSIGNED NOT NULL AUTO_INCREMENT, AUTO_INCREMENT=56;

--
-- AUTO_INCREMENT for table `goj_doc_items`
--
ALTER TABLE `goj_doc_items`
  MODIFY `id` bigint(20) UNSIGNED NOT NULL AUTO_INCREMENT, AUTO_INCREMENT=172;

--
-- AUTO_INCREMENT for table `gudang_release`
--
ALTER TABLE `gudang_release`
  MODIFY `id` bigint(20) UNSIGNED NOT NULL AUTO_INCREMENT, AUTO_INCREMENT=25;

--
-- AUTO_INCREMENT for table `holding_logs`
--
ALTER TABLE `holding_logs`
  MODIFY `id` bigint(20) UNSIGNED NOT NULL AUTO_INCREMENT, AUTO_INCREMENT=9;

--
-- AUTO_INCREMENT for table `master_gudangs`
--
ALTER TABLE `master_gudangs`
  MODIFY `id` bigint(20) UNSIGNED NOT NULL AUTO_INCREMENT, AUTO_INCREMENT=6;

--
-- AUTO_INCREMENT for table `migrations`
--
ALTER TABLE `migrations`
  MODIFY `id` int(10) UNSIGNED NOT NULL AUTO_INCREMENT, AUTO_INCREMENT=51;

--
-- AUTO_INCREMENT for table `personal_access_tokens`
--
ALTER TABLE `personal_access_tokens`
  MODIFY `id` bigint(20) UNSIGNED NOT NULL AUTO_INCREMENT;

--
-- AUTO_INCREMENT for table `post_secondary_processes`
--
ALTER TABLE `post_secondary_processes`
  MODIFY `id` bigint(20) UNSIGNED NOT NULL AUTO_INCREMENT;

--
-- AUTO_INCREMENT for table `process_logs`
--
ALTER TABLE `process_logs`
  MODIFY `id` bigint(20) UNSIGNED NOT NULL AUTO_INCREMENT;

--
-- AUTO_INCREMENT for table `produksi`
--
ALTER TABLE `produksi`
  MODIFY `id` bigint(20) UNSIGNED NOT NULL AUTO_INCREMENT, AUTO_INCREMENT=59;

--
-- AUTO_INCREMENT for table `produksi_batches`
--
ALTER TABLE `produksi_batches`
  MODIFY `id` bigint(20) UNSIGNED NOT NULL AUTO_INCREMENT, AUTO_INCREMENT=1985;

--
-- AUTO_INCREMENT for table `qc_releases`
--
ALTER TABLE `qc_releases`
  MODIFY `id` bigint(20) UNSIGNED NOT NULL AUTO_INCREMENT;

--
-- AUTO_INCREMENT for table `spv_docs`
--
ALTER TABLE `spv_docs`
  MODIFY `id` bigint(20) UNSIGNED NOT NULL AUTO_INCREMENT, AUTO_INCREMENT=66;

--
-- AUTO_INCREMENT for table `spv_doc_items`
--
ALTER TABLE `spv_doc_items`
  MODIFY `id` bigint(20) UNSIGNED NOT NULL AUTO_INCREMENT, AUTO_INCREMENT=164;

--
-- AUTO_INCREMENT for table `users`
--
ALTER TABLE `users`
  MODIFY `id` bigint(20) UNSIGNED NOT NULL AUTO_INCREMENT, AUTO_INCREMENT=13;

--
-- Constraints for dumped tables
--

--
-- Constraints for table `goj_doc_items`
--
ALTER TABLE `goj_doc_items`
  ADD CONSTRAINT `goj_doc_items_goj_doc_id_foreign` FOREIGN KEY (`goj_doc_id`) REFERENCES `goj_docs` (`id`) ON DELETE CASCADE;

--
-- Constraints for table `gudang_release`
--
ALTER TABLE `gudang_release`
  ADD CONSTRAINT `gudang_release_produksi_batch_id_foreign` FOREIGN KEY (`produksi_batch_id`) REFERENCES `produksi_batches` (`id`) ON DELETE CASCADE;

--
-- Constraints for table `post_secondary_processes`
--
ALTER TABLE `post_secondary_processes`
  ADD CONSTRAINT `post_secondary_processes_produksi_batch_id_foreign` FOREIGN KEY (`produksi_batch_id`) REFERENCES `produksi_batches` (`id`) ON DELETE CASCADE;

--
-- Constraints for table `produksi_batches`
--
ALTER TABLE `produksi_batches`
  ADD CONSTRAINT `produksi_batches_produksi_id_foreign` FOREIGN KEY (`produksi_id`) REFERENCES `produksi` (`id`) ON DELETE SET NULL;

--
-- Constraints for table `qc_releases`
--
ALTER TABLE `qc_releases`
  ADD CONSTRAINT `qc_releases_produksi_batch_id_foreign` FOREIGN KEY (`produksi_batch_id`) REFERENCES `produksi_batches` (`id`) ON DELETE CASCADE;

--
-- Constraints for table `spv_doc_items`
--
ALTER TABLE `spv_doc_items`
  ADD CONSTRAINT `spv_doc_items_spv_doc_id_foreign` FOREIGN KEY (`spv_doc_id`) REFERENCES `spv_docs` (`id`) ON DELETE CASCADE;
COMMIT;

/*!40101 SET CHARACTER_SET_CLIENT=@OLD_CHARACTER_SET_CLIENT */;
/*!40101 SET CHARACTER_SET_RESULTS=@OLD_CHARACTER_SET_RESULTS */;
/*!40101 SET COLLATION_CONNECTION=@OLD_COLLATION_CONNECTION */;
